Link;Image;Name;Release date;Weight;OS;Storage;Fans;Popularity;Hits;Screen_size;Screen_resolution;RAM;SOC;Battery;net2g;gprstext;edge;year;status;dimensions;weight;sim;displaytype;displaysize;displayresolution;displayother;memoryslot;cam1modules;cam1video;cam2modules;wlan;bluetooth;gps;radio;usb;sensors;featuresother;batdescription1;batstandby1;battalktime1;colors;internalmemory;memoryother
https://www.gsmarena.com/bird_m32-1966.php;https://fdn2.gsmarena.com/vv/bigpic/bird-m32.gif;Bird M32;Cancelled;84g, 16.5mm thickness;Feature phone;microSD slot;5;N/A;191,860 hits;"1.8""";128x160 pixels; ;;600 mAh Li-Ion;GSM 900 / 1800;Class 10;No;2007;Cancelled;94 x 46 x 16.5 mm (3.70 x 1.81 x 0.65 in);84 g (2.96 oz);Mini-SIM;CSTN, 65K colors;1.8 inches, 10.2 cm(~23.6% screen-to-body ratio);128 x 160 pixels (~114 ppi density);Second External LCD Neon Color;microSD;VGA;No;No;No;No;No;FM radio (optional);Proprietary;;MP3 player, MP4 playerAudio RecorderData/Fax ModemLanguages: Chinese, English, French, Arabic, Hindi, Spanish, PortugueseFR,HR,EFR,AMR Voice Codecs;Removable Li-Ion 600 mAh battery;Up to 150 h;Up to 3 h 20 min;Light Blue;;
https://www.gsmarena.com/bird_d636-1965.php;https://fdn2.gsmarena.com/vv/bigpic/bird-d636.gif;Bird D636;Cancelled;98.4g, 12.2mm thickness;Feature phone;60MB storage, microSD slot;6;N/A;161,830 hits;"1.9""";176x220 pixels; ;;600 mAh Li-Ion;GSM 900 / 1800;Class 12;No;2007;Cancelled;105 x 45.6 x 12.2 mm (4.13 x 1.80 x 0.48 in);98.4 g (3.46 oz);Mini-SIM;TFT, 260K colors;1.9 inches, 11.4 cm(~23.7% screen-to-body ratio);176 x 220 pixels (~148 ppi density);;microSD;1.3 MP;Yes;No;No;No;No;No;Proprietary;;MP3 player, MP4 playerAudio RecorderData/Fax ModemLanguages: Chinese, English, French, Spanish, Portuguese, HindiFR,HR,EFR,AMR Voice Codecs;Removable Li-Ion 600 mAh battery;Up to 120 h;Up to 3 h 20 min;Black;60MB;
https://www.gsmarena.com/bird_d706-1964.php;https://fdn2.gsmarena.com/vv/bigpic/bird-d706.gif;Bird D706;Cancelled;84g, 12.2mm thickness;Feature phone;60MB storage, microSD slot;7;N/A;199,598 hits;"1.9""";176x220 pixels; ;;600 mAh Li-Ion;GSM 900 / 1800;Class 12;No;2007;Cancelled;105 x 45.6 x 12.2 mm (4.13 x 1.80 x 0.48 in);84 g (2.96 oz);Mini-SIM;TFT, 260K colors;1.9 inches, 11.4 cm(~23.7% screen-to-body ratio);176 x 220 pixels (~148 ppi density);;microSD;1.3 MP;Yes;No;No;No;No;No;Proprietary;;MP3 player, MP4 playerAudio RecorderData/Fax ModemLanguages: Chinese, English, French, Spanish, Portuguese, HindFR,HR,EFR,AMR Voice Codecs;Removable Li-Ion 600 mAh battery;Up to 120 h;Up to 3 h 20 min;Golden Black;60MB;
https://www.gsmarena.com/bird_d615-1963.php;https://fdn2.gsmarena.com/vv/bigpic/bird-d615.gif;Bird D615;Released 2007;82g, 12.2mm thickness;Feature phone;60MB storage, microSD slot;7;N/A;158,104 hits;"1.8""";128x160 pixels; ;;650 mAh Li-Ion;GSM 900 / 1800;Class 12;No;2007;Discontinued;105 x 45.6 x 12.2 mm (4.13 x 1.80 x 0.48 in);82 g (2.89 oz);Mini-SIM;TFT, 65K colors;1.8 inches, 10.2 cm(~21.3% screen-to-body ratio);128 x 160 pixels (~114 ppi density);;microSD (dedicated slot);1.3 MP;Yes;No;No;Yes;No;FM radio;Proprietary;;MP3 player, MP4 playerVoice memoData/Fax Modem;Removable Li-Ion 650 mAh battery;Up to 140 h;Up to 4 h;Soft-touch Grey, Shining Blue;60MB;
https://www.gsmarena.com/bird_s768-1962.php;https://fdn2.gsmarena.com/vv/bigpic/bird-s768.gif;Bird S768;Cancelled;75g, 10mm thickness;Feature phone;microSD slot;8;N/A;115,011 hits;"1.8""";128x160 pixels; ;;700 mAh Li-Ion;GSM 900 / 1800;No;No;2007;Cancelled;105 x 46 x 10 mm (4.13 x 1.81 x 0.39 in);75 g (2.65 oz);Mini-SIM;CSTN, 65K colors;1.8 inches, 10.2 cm(~21.1% screen-to-body ratio);128 x 160 pixels (~114 ppi density);;microSD;No;;;No;No;No;FM radio;Proprietary;;MP3 playerX-Slim design;Removable Li-Ion 700 mAh battery;Up to 150 h;Up to 4 h;Pink, Blue;;
https://www.gsmarena.com/bird_s758-1961.php;https://fdn2.gsmarena.com/vv/bigpic/bird-s758.gif;Bird S758;Cancelled;73g, 10mm thickness;Feature phone;No card slot;6;N/A;99,519 hits;"1.8""";128x160 pixels; ;;700 mAh Li-Ion;GSM 900 / 1800;No;No;2007;Cancelled;105 x 46 x 10 mm (4.13 x 1.81 x 0.39 in);73 g (2.57 oz);Mini-SIM;CSTN, 65K colors;1.8 inches, 10.2 cm(~21.1% screen-to-body ratio);128 x 160 pixels (~114 ppi density);;No;No;;;No;No;No;FM radio (optional);No;;X-Slim design;Removable Li-Ion 700 mAh battery;Up to 150 h;Up to 4 h;Pink, Black;;
https://www.gsmarena.com/bird_s618-1960.php;https://fdn2.gsmarena.com/vv/bigpic/bird-s618.gif;Bird S618;Cancelled;73g, 11mm thickness;Feature phone;No card slot;6;N/A;104,198 hits;"1.7""";128x160 pixels; ;;700 mAh Li-Ion;GSM 900 / 1800;No;No;2007;Cancelled;103 x 46 x 11 mm (4.06 x 1.81 x 0.43 in);73 g (2.57 oz);Mini-SIM;Monochrome graphic;1.7 inches, 9.1 cm(~19.2% screen-to-body ratio);128 x 160 pixels (~121 ppi density);;No;No;;;No;No;No;FM radio (optional);No;;FR,HR,EFR,AMR voice codecsLanguages: Chinese, English, French, Arabic, Hindi, Spanish, Portuguese;Removable Li-Ion 700 mAh battery;Up to 150 h;Up to 4 h;Black;;
https://www.gsmarena.com/bird_d736-1959.php;https://fdn2.gsmarena.com/vv/bigpic/bird-d736.gif;Bird D736;Released 2007;96g, 18.2mm thickness;Feature phone;60MB storage, microSD slot;8;N/A;95,705 hits;"1.9""";176x220 pixels; ;;600 mAh Li-Ion;GSM 900 / 1800;Class 12;No;2007;Discontinued;95 x 47 x 18.2 mm (3.74 x 1.85 x 0.72 in);96 g (3.39 oz);Mini-SIM;TFT, 260K colors;1.9 inches, 11.4 cm(~25.4% screen-to-body ratio);176 x 220 pixels (~148 ppi density);;microSD (dedicated slot);2 MP;Yes;No;No;No;No;FM radio;Proprietary;;MP3/ MP4 playerVoice memoData/ Fax ModemFR,HR,EFR,AMR voice codecsLanguages: Chinese, English, French, Spanish, Portuguese, Hindi;Removable Li-Ion 600 mAh battery;Up to 120 h;Up to 3 h 30 min;UV Black, Soft-touch Black;60MB;
https://www.gsmarena.com/bird_d716-1955.php;https://fdn2.gsmarena.com/vv/bigpic/bird-d716.gif;Bird D716;Released 2007;81g, 12.8mm thickness;Feature phone;60MB storage, microSD slot;8;N/A;106,126 hits;"1.9""";176x220 pixels; ;;600 mAh Li-Ion;GSM 900 / 1800;Class 12;No;2007;Discontinued;105.8 x 46 x 12.8 mm (4.17 x 1.81 x 0.50 in);81 g (2.86 oz);Mini-SIM;TFT, 260K colors;1.9 inches, 11.4 cm(~23.3% screen-to-body ratio);176 x 220 pixels (~148 ppi density);;microSD (dedicated slot);2 MP, AF;Yes;No;No;No;No;No;Proprietary;;MP3/ MP4 playerAudio RecorderData/ Fax ModemFR,HR,EFR,AMR voice codecsLanguages: Chinese, English, French, Spanish, Portuguese, Hindi;Removable Li-Ion 600 mAh battery;Up to 120 h;Up to 3.30 h;Mirror  Silver;60MB;
https://www.gsmarena.com/bird_d720-1952.php;https://fdn2.gsmarena.com/vv/bigpic/bird-d720.gif;Bird D720;Released 2007;93g, 15.9mm thickness;Feature phone;60MB storage, miniSD slot;5;N/A;104,083 hits;"1.9""";176x220 pixels; ;;700 mAh Li-Ion;GSM 900 / 1800;Class 12;No;2007;Discontinued;100 x 46 x 15.9 mm (3.94 x 1.81 x 0.63 in);93 g (3.28 oz);Mini-SIM;TFT, 260K colors;1.9 inches, 11.4 cm(~24.7% screen-to-body ratio);176 x 220 pixels (~148 ppi density);;miniSD;2 MP;Yes;No;No;No;No;FM radio;Proprietary;;MP3/ MP4 playerVoice memoData/ Fax ModemFR,HR,EFR,AMR voice codecsLanguages: Chinese, English, French, Spanish, Portuguese, Hindi;Removable Li-Ion 700 mAh battery;Up to 120 h;Up to 4 h;Silver, Green, Blue;60MB;
https://www.gsmarena.com/bird_d611-1951.php;https://fdn2.gsmarena.com/vv/bigpic/bird-d611.gif;Bird D611;Released 2007;71.4g, 12.2mm thickness;Feature phone;60MB storage, microSD slot;6;N/A;84,133 hits;"1.8""";128x160 pixels; ;;650 mAh Li-Ion;GSM 900 / 1800;Class 12;No;2007;Discontinued;105.5 x 44 x 12.2 mm (4.15 x 1.73 x 0.48 in);71.4 g (2.50 oz);Mini-SIM;TFT, 65K colors;1.8 inches, 10.2 cm(~22.0% screen-to-body ratio);128 x 160 pixels (~114 ppi density);;microSD (dedicated slot);1.3 MP;Yes;No;No;Yes;No;FM radio;Proprietary;;MP3/ MP4 playerAudio RecorderData/ Fax ModemFR,HR,EFR,AMR voice codecsLanguages: Chinese, English, French, Spanish, Portuguese, Hindi;Removable Li-Ion 650 mAh battery;Up to 140 h;Up to 4 h;Black;60MB;
https://www.gsmarena.com/bird_d515-1950.php;https://fdn2.gsmarena.com/vv/bigpic/bird-d515.gif;Bird D515;Cancelled;75g, 10.3mm thickness;Feature phone;microSD slot;6;N/A;99,835 hits;"1.8""";128x160 pixels; ;;650 mAh Li-Ion;GSM 900 / 1800;Class 12;No;2007;Cancelled;106.7 x 46.3 x 10.3 mm (4.20 x 1.82 x 0.41 in);75 g (2.65 oz);Mini-SIM;CSTN, 65K colors;1.8 inches, 10.2 cm(~20.6% screen-to-body ratio);128 x 160 pixels (~114 ppi density);;microSD;VGA;Yes;No;No;Optional;No;FM radio (optional);Proprietary;;MP3/ MP4 playerAudio RecorderData/ Fax ModemFR,HR,EFR,AMR voice codecsLanguages: Chinese, English, French, Spanish, Portuguese, Hindi;Removable Li-Ion 650 mAh battery;Up to 120 h;Up to 3 h 20 min;Black;;
https://www.gsmarena.com/bird_d612-1949.php;https://fdn2.gsmarena.com/vv/bigpic/bird-d612.gif;Bird D612;Released 2007;71.4g, 12.2mm thickness;Feature phone;microSD slot;6;N/A;78,369 hits;"1.8""";128x160 pixels; ;;650 mAh Li-Ion;GSM 900 / 1800;Class 12;No;2007;Discontinued;105.5 x 44 x 12.2 mm (4.15 x 1.73 x 0.48 in);71.4 g (2.50 oz);Mini-SIM;TFT, 65K colors;1.8 inches, 10.2 cm(~22.0% screen-to-body ratio);128 x 160 pixels (~114 ppi density);;microSD (dedicated slot);VGA;Yes;No;No;No;No;No;Proprietary;;Data/ Fax ModemMP3/ MP4 playerAudio RecorderFR,HR,EFR,AMR voice codecsLanguages: Chinese, English, French, Spanish, Portuguese, Hindi;Removable Li-Ion 650 mAh battery;Up to 140 h;Up to 4 h;Blue, Silver;;
https://www.gsmarena.com/bird_m29-1948.php;https://fdn2.gsmarena.com/vv/bigpic/bird-M29.gif;Bird M29;Released 2007;90g, 15.2mm thickness;Feature phone;37MB storage, microSD slot;6;N/A;88,512 hits;"1.6""";128x160 pixels; ;;700 mAh Li-Ion;GSM 900 / 1800;Class 10;No;2007;Discontinued;107 x 44 x 15.2 mm (4.21 x 1.73 x 0.60 in);90 g (3.17 oz);Mini-SIM;TFT, 65K colors;1.6 inches, 8.1 cm(~17.1% screen-to-body ratio);128 x 160 pixels (~128 ppi density);;microSD (dedicated slot);VGA;No;No;No;No;No;No;Proprietary;;Data/ Fax ModemMP3 playerAudio RecorderFR,HR,EFR,AMR voice codecsLanguages: Chinese, English, French, Arabic, Spanish, Portuguese;Removable Li-Ion 700 mAh battery;Up to 150 h;Up to 3 h;Black, Silver;37MB;
https://www.gsmarena.com/bird_m01-1947.php;https://fdn2.gsmarena.com/vv/bigpic/bird-M01.gif;Bird M01;Released 2007;75g, 18.2mm thickness;Feature phone;62MB storage, no card slot;6;N/A;79,850 hits;"1.5""";128x128 pixels; ;;650 mAh Li-Ion;GSM 900 / 1800;No;No;2007;Discontinued;89.5 x 44 x 18.2 mm (3.52 x 1.73 x 0.72 in);75 g (2.65 oz);Mini-SIM;OLED, 260K colors;1.5 inches, 7.3 cm(~18.4% screen-to-body ratio);128 x 128 pixels, 1:1 ratio (~121 ppi density);;No;No;;;No;No;No;No;Proprietary;;MP3 PlayerAudio RecorderFR,HR,EFR,AMR voice codecsLanguages: Chinese, English, French, Spanish, Portuguese;Removable Li-Ion 650 mAh battery;Up to 140 h;Up to 4 h;Black, White;62MB;
https://www.gsmarena.com/bird_m07-1946.php;https://fdn2.gsmarena.com/vv/bigpic/bird-M07.gif;Bird M07;Released 2007;80g, 15.3mm thickness;Feature phone;57MB storage, no card slot;5;N/A;68,728 hits;"1.5""";128x128 pixels; ;;700 mAh Li-Ion;GSM 900 / 1800;No;No;2007;Discontinued;105 x 44 x 15.3 mm (4.13 x 1.73 x 0.60 in);80 g (2.82 oz);Mini-SIM;CSTN, 65K colors;1.5 inches, 7.3 cm(~15.7% screen-to-body ratio);128 x 128 pixels, 1:1 ratio (~121 ppi density);;No;No;;;No;No;No;No;Proprietary;;MP3 PlayerFR,HR,EFR,AMR voice codecsLanguages: Chinese, English, French, Arabic, Hindi, Spanish, Portuguese;Removable Li-Ion 700 mAh battery;Up to 150 h;Up to 3 h;Black, White Blue, Pink;57MB;
https://www.gsmarena.com/bird_s1130-1945.php;https://fdn2.gsmarena.com/vv/bigpic/bird-s1130.gif;Bird S1130;Released 2007;75g, 18.2mm thickness;Feature phone;No card slot;6;N/A;78,478 hits;"1.5""";128x128 pixels; ;;650 mAh Li-Ion;GSM 900 / 1800;No;No;2007;Discontinued;89.5 x 44 x 18.2 mm (3.52 x 1.73 x 0.72 in);75 g (2.65 oz);Mini-SIM;OLED, 260K colors;1.5 inches, 7.3 cm(~18.4% screen-to-body ratio);128 x 128 pixels, 1:1 ratio (~121 ppi density);;No;No;;;No;No;No;No;No;;FR,HR,EFR,AMR voice codecsLanguages: Chinese, English, French, Spanish, Portuguese;Removable Li-Ion 650 mAh battery;Up to 140 h;Up to 4 h;Black, White;;
https://www.gsmarena.com/bird_v5518+-1944.php;https://fdn2.gsmarena.com/vv/bigpic/bird-V5518+.gif;Bird V5518+;Released 2007;80g, 21.9mm thickness;Feature phone;No card slot;6;N/A;70,047 hits;"1.8""";128x160 pixels; ;;700 mAh Li-Ion;GSM 900 / 1800;No;No;2007;Discontinued;87.8 x 43.8 x 21.9 mm (3.46 x 1.72 x 0.86 in);80 g (2.82 oz);Mini-SIM;CSTN, 65K colors;1.8 inches, 10.2 cm(~26.5% screen-to-body ratio);128 x 160 pixels (~114 ppi density);Second external LCD, monochrome display, 1.1 inches;No;No;;;No;No;No;No;No;;FR,HR,EFR,AMR voice codecsLanguages: Chinese, English, French, Arabic, Hindi, Spanish, Portuguese;Removable Li-Ion 700 mAh battery;Up to 120 h;Up to 3 h;Silver;;
https://www.gsmarena.com/bird_s663-1943.php;https://fdn2.gsmarena.com/vv/bigpic/bird-s663.gif;Bird S663;Released 2007;80g, 15.8mm thickness;Feature phone;No card slot;5;N/A;72,709 hits;"1.5""";128x128 pixels; ;;700 mAh Li-Ion;GSM 900 / 1800;No;No;2007;Discontinued;105.3 x 44 x 15.8 mm (4.15 x 1.73 x 0.62 in);80 g (2.82 oz);Mini-SIM;CSTN, 65K colors;1.5 inches, 7.3 cm(~15.7% screen-to-body ratio);128 x 128 pixels, 1:1 ratio (~121 ppi density);;No;No;;;No;No;No;No;No;;FR,HR,EFR,AMR voice codecsLanguages: Chinese, English, French, Hindi;Removable Li-Ion 700 mAh battery;Up to 140 h;Up to 3 h;Black, White;;
https://www.gsmarena.com/bird_s661-1942.php;https://fdn2.gsmarena.com/vv/bigpic/bird-s661.gif;Bird S661;Released 2007;80g, 15.8mm thickness;Feature phone;No card slot;5;N/A;112,693 hits;"1.5""";128x128 pixels; ;;700 mAh Li-Ion;GSM 900 / 1800;No;No;2007;Discontinued;105.3 x 44 x 15.8 mm (4.15 x 1.73 x 0.62 in);80 g (2.82 oz);Mini-SIM;CSTN, 65K colors;1.5 inches, 7.3 cm(~15.7% screen-to-body ratio);128 x 128 pixels, 1:1 ratio (~121 ppi density);;No;No;;;No;No;No;No;No;;FR,HR,EFR voice codecsLanguages: Chinese, English, French, Arabic;Removable Li-Ion 700 mAh battery;Up to 140 h;Up to 3 h;Black, Pink;;
https://www.gsmarena.com/bird_s669-1941.php;https://fdn2.gsmarena.com/vv/bigpic/bird-s669.gif;Bird S669;Released 2007;75g, 15.7mm thickness;Feature phone;No card slot;10;N/A;65,600 hits;"1.5""";128x128 pixels; ;;500 mAh Li-Ion;GSM 900 / 1800;No;No;2007;Discontinued;104 x 45.5 x 15.7 mm (4.09 x 1.79 x 0.62 in);75 g (2.65 oz);Mini-SIM;CSTN, 65K colors;1.5 inches, 7.3 cm(~15.3% screen-to-body ratio);128 x 128 pixels, 1:1 ratio (~121 ppi density);;No;No;;;No;No;No;No;No;;FR,HR,EFR voice codecsLanguages: Chinese, English, French, Arabic;Removable Li-Ion 500 mAh battery;Up to 140 h;Up to 3 h;Silver, Blue, Red;;
https://www.gsmarena.com/bird_s668-1940.php;https://fdn2.gsmarena.com/vv/bigpic/bird-s668.gif;Bird S668;Released 2007;75g, 15.7mm thickness;Feature phone;No card slot;7;N/A;69,729 hits;"1.5""";128x128 pixels; ;;500 mAh Li-Ion;GSM 900 / 1800;No;No;2007;Discontinued;104 x 45.5 x 15.7 mm (4.09 x 1.79 x 0.62 in);75 g (2.65 oz);Mini-SIM;CSTN, 65K colors;1.5 inches, 7.3 cm(~15.3% screen-to-body ratio);128 x 128 pixels, 1:1 ratio (~121 ppi density);;No;No;;;No;No;No;No;No;;FR,HR,EFR voice codecsLanguages: Chinese, English, French, Arabic;Removable Li-Ion 500 mAh battery;Up to 140 h;Up to 3 h;Silver Grey, Blue,  White;;
https://www.gsmarena.com/bird_s667-1939.php;https://fdn2.gsmarena.com/vv/bigpic/bird-s667.gif;Bird S667;Released 2007;75g, 15.7mm thickness;Feature phone;No card slot;8;N/A;59,258 hits;"1.5""";128x128 pixels; ;;500 mAh Li-Ion;GSM 900 / 1800;No;No;2007;Discontinued;104 x 45.5 x 15.7 mm (4.09 x 1.79 x 0.62 in);75 g (2.65 oz);Mini-SIM;CSTN, 65K colors;1.5 inches, 7.3 cm(~15.3% screen-to-body ratio);128 x 128 pixels, 1:1 ratio (~121 ppi density);;No;No;;;No;No;No;No;No;;FR,HR,EFR voice codecsLanguages: Chinese, English, French, Arabic;Removable Li-Ion 500 mAh battery;Up to 140 h;Up to 3 h;Black, White;;
https://www.gsmarena.com/bird_s296+-1938.php;https://fdn2.gsmarena.com/vv/bigpic/bird-s296.gif;Bird S296+;Released 2007;75g, 15.7mm thickness;Feature phone;No card slot;5;N/A;58,497 hits;"1.4""";101x 64 pixels; ;;500 mAh Li-Ion;GSM 900 / 1800;No;No;2007;Discontinued;105 x 45 x 15.7 mm (4.13 x 1.77 x 0.62 in);75 g (2.65 oz);Mini-SIM;Monochrome graphic;1.4 inches, 5.7 cm(~12.1% screen-to-body ratio);101x 64 pixels (~85 ppi density);;No;No;;;No;No;No;No;No;;FR,HR,EFR,AMR voice codecsLanguages: Chinese, English, Hindi;Removable Li-Ion 500 mAh battery;Up to 140 h;Up to 2 h;Black, Grey;;
https://www.gsmarena.com/bird_s296-1937.php;https://fdn2.gsmarena.com/vv/bigpic/bird-s296.gif;Bird S296;Released 2007;75g, 15.7mm thickness;Feature phone;No card slot;4;N/A;61,630 hits;"1.4""";101x 64 pixels; ;;500 mAh Li-Ion;GSM 900 / 1800;No;No;2007;Discontinued;105 x 45 x 15.7 mm (4.13 x 1.77 x 0.62 in);75 g (2.65 oz);Mini-SIM;Monochrome graphic;1.4 inches, 5.7 cm(~12.1% screen-to-body ratio);101x 64 pixels (~85 ppi density);;No;No;;;No;No;No;No;No;;EFR, FR, HR voice codecsLanguages: Chinese, English, French, Arabic, Vietnamese;Removable Li-Ion 500 mAh battery;Up to 140 h;Up to 2 h;Black, Grey;;
https://www.gsmarena.com/bird_d680-1407.php;https://fdn2.gsmarena.com/vv/bigpic/bird-d680.gif;Bird D680;Cancelled;75g, 21mm thickness;Feature phone;No card slot;5;N/A;89,242 hits;;128x160 pixels; ;;720 mAh Li-Ion;GSM 900 / 1800;Class 12;No;2006, Q1;Cancelled;88 x 42 x 21 mm (3.46 x 1.65 x 0.83 in);75 g (2.65 oz);Mini-SIM;TFT, 65K colors;;128 x 160 pixels;Second external CSTN display, 65K colors, (96x64 pixels)Wallpapers, screensavers;No;1.3 MP;Yes;No;No;No;No;No;Proprietary;;MP3/MIDI playerCalculatorWorld timePredictive text inputCurrency convertorVoice memo;Removable Li-Ion battery;;;;;2 MB for MMS messages200 SMS messages
https://www.gsmarena.com/bird_d660-1406.php;https://fdn2.gsmarena.com/vv/bigpic/bird-d660.gif;Bird D660;Cancelled;16.5mm thickness;Feature phone;64MB storage, microSD slot;5;N/A;81,995 hits;;128x160 pixels; ;;720 mAh Li-Ion;GSM 900 / 1800;Class 10;No;2006, Q1;Cancelled;107 x 45 x 16.5 mm (4.21 x 1.77 x 0.65 in);;Mini-SIM;TFT, 65K colors;;128 x 160 pixels;Wallpapers;microSD;1.3 MP;Yes;No;No;No;No;No;Proprietary;;MP3/MIDI playerCalculatorWorld timePredictive text inputVoice memo;Removable Li-Ion battery;;;Silver;64MB;
https://www.gsmarena.com/bird_m11-1405.php;https://fdn2.gsmarena.com/vv/bigpic/bird-m11.gif;Bird M11;Cancelled;88g, 15.2mm thickness;Feature phone;32MB storage, no card slot;4;N/A;63,412 hits;;128x128 pixels; ;;720 mAh Li-Ion;GSM 900 / 1800 / 1900;Yes;No;2006, Q1;Cancelled;108 x 44 x 15.2 mm (4.25 x 1.73 x 0.60 in);88 g (3.10 oz);Mini-SIM;CSTN, 65K colors;;128 x 128 pixels, 1:1 ratio;Wallpapers;No;No;;;No;No;No;No;Proprietary;;MP3/MIDI playerCalculatorWorld timePredictive text input;Removable Li-Ion battery;;;;32MB;
https://www.gsmarena.com/bird_m08-1369.php;https://fdn2.gsmarena.com/vv/bigpic/bird-m08.gif;Bird M08;Cancelled;78g, 21.3mm thickness;Feature phone;32MB storage, microSD slot;7;N/A;67,730 hits;;128x160 pixels; ;;900 mAh Li-Ion;GSM 900 / 1800;Class 10;No;2005, Q3;Cancelled;87.8 x 43.3 x 21.3 mm (3.46 x 1.70 x 0.84 in);78 g (2.75 oz);Mini-SIM;TFT, 256K colors;;128 x 160 pixels;Second external CSTN display, 65K colors, (96x64 pixels)7 colors flashing LEDWallpapers, screensavers;microSD;VGA;Yes;No;No;No;No;No;Proprietary;;MP3 playerOrganizerWorld timeVoice memo;Removable Li-Ion battery;Up to 200 h;Up to 2 h 50 min;;32MB;
https://www.gsmarena.com/bird_s890-1368.php;https://fdn2.gsmarena.com/vv/bigpic/bird-s890.gif;Bird S890;Cancelled;;Feature phone;No card slot;6;N/A;62,723 hits;;128x160 pixels; ;;900 mAh Li-Ion;GSM 900 / 1800;Class 10;No;2005, Q3;Cancelled;;;Mini-SIM;TFT, 256K colors;;128 x 160 pixels;Wallpapers, screensavers;No;1.3 MP;No;No;No;No;No;No;Proprietary;;OrganizerWorld timeVoice memo;Removable Li-Ion battery;Up to 72 h;Up to 3 h;;;
https://www.gsmarena.com/bird_s798-1367.php;https://fdn2.gsmarena.com/vv/bigpic/bird-s798.gif;Bird S798;Cancelled;85g, 21.5mm thickness;Feature phone;No card slot;5;N/A;54,104 hits;;128x128 pixels; ;;900 mAh Li-Ion;GSM 900 / 1800;;No;2005, Q3;Cancelled;83.5 x 45.5 x 21.5 mm (3.29 x 1.79 x 0.85 in);85 g (3.00 oz);Mini-SIM;CSTN, 65K colors;;128 x 128 pixels, 1:1 ratio;Wallpapers, screensavers;No;No;;;No;No;No;FM radio;;;MP3/MP4 playerPredictive text inputPhoto editorOrganizer;Removable Li-Ion battery;Up to 100 h;Up to 3 h;;;
https://www.gsmarena.com/bird_s698-1366.php;https://fdn2.gsmarena.com/vv/bigpic/bird-s698.gif;Bird S698;Cancelled;73g, 44mm thickness;Feature phone;No card slot;5;N/A;55,945 hits;;128x128 pixels; ;;900 mAh Li-Ion;GSM 900 / 1800;;No;2005, Q3;Cancelled;104.3 x 15.7 x 44 mm (4.11 x 0.62 x 1.73 in);73 g (2.57 oz);Mini-SIM;CSTN, 65K colors;;128 x 128 pixels, 1:1 ratio;Wallpapers, screensavers;No;No;;;No;No;No;No;;;Organizer;Removable Li-Ion battery;Up to 75 h;Up to 3 h;;;
https://www.gsmarena.com/bird_s198-1365.php;https://fdn2.gsmarena.com/vv/bigpic/bird-s198.gif;Bird S198;Cancelled;73g, 15mm thickness;Feature phone;No card slot;6;N/A;55,928 hits;;112x64 pixels; ;;900 mAh Li-Ion;GSM 900 / 1800;;No;2005, Q3;Cancelled;104.3 x 42.6 x 15 mm (4.11 x 1.68 x 0.59 in);73 g (2.57 oz);Mini-SIM;CSTN, Mono;;112 x 64 pixels, 16:9 ratio;;No;No;;;No;No;No;No;;;Organizer;Removable Li-Ion battery;Up to 72 h;Up to 3 h;4 - Black, White, Green, Red;;
https://www.gsmarena.com/bird_s299-1364.php;https://fdn2.gsmarena.com/vv/bigpic/bird-s299.gif;Bird S299;Released 2005, Q2;70g, 14mm thickness;Feature phone;No card slot;6;N/A;59,141 hits;;112x80 pixels; ;;900 mAh Li-Ion;GSM 900 / 1800;Yes;No;2005, Q2;Discontinued;104 x 44 x 14 mm (4.09 x 1.73 x 0.55 in);70 g (2.47 oz);Mini-SIM;CSTN, Mono;;112 x 80 pixels;;No;No;;;No;No;No;FM radio;;;MP3 playerChangeable front and back coversiTapVoice memoOrganizer;Removable Li-Ion battery;Up to 200 h;Up to 3 h;Black;;
https://www.gsmarena.com/bird_mp300-1282.php;https://fdn2.gsmarena.com/vv/bigpic/bird-w1.gif;Bird MP300;Cancelled;100g, 19.5mm thickness;Feature phone;128MB storage, no card slot;6;N/A;98,848 hits;;120x160 pixels; ;;1620 mAh Li-Ion;GSM 900 / 1800 / 1900;Class 10;No;2005, Q3;Cancelled;108 x 44 x 19.5 mm (4.25 x 1.73 x 0.77 in);100 g (3.53 oz);Mini-SIM;TFT, 65K colors;;120 x 160 pixels, 4:3 ratio;Wallpaper, animated screensaver;No;VGA;No;No;No;No;No;No;Proprietary;;MP3/Midi PlayerPredictive text inputCalculatorVoice memo;Removable Li-Ion battery;Up to 72 h;Up to 3 h;Silver, Black;128MB;
https://www.gsmarena.com/bird_m19-1283.php;https://fdn2.gsmarena.com/vv/bigpic/bird-m12.gif;Bird M19;Cancelled;82g, 15.2mm thickness;Feature phone;32MB storage, no card slot;7;N/A;64,222 hits;;128x160 pixels; ;;1620 mAh Li-Ion;GSM 900 / 1800;Class 10;No;2005, Q3;Cancelled;106 x 44 x 15.2 mm (4.17 x 1.73 x 0.60 in);82 g (2.89 oz);Mini-SIM;TFT, 65K colors;;128 x 160 pixels;;No;VGA;No;No;No;No;No;No;Proprietary;;MP3 PlayerPredictive text inputVoice memoCalculatorCurrency convertor;Removable Li-Ion battery;Up to 150 h;Up to 4 h;Silver;32MB;
https://www.gsmarena.com/bird_v109-1284.php;https://fdn2.gsmarena.com/vv/bigpic/bird-v109.gif;Bird V109;Cancelled;85g, 21.7mm thickness;Feature phone;No card slot;5;N/A;56,524 hits;;128x160 pixels; ;;1620 mAh Li-Ion;GSM 900 / 1800;Class 8;No;2005, Q3;Cancelled;82.9 x 43 x 21.7 mm (3.26 x 1.69 x 0.85 in);85 g (3.00 oz);Mini-SIM;TFT, 65K colors;;128 x 160 pixels;Second external OLED mono display (96 x 64 pixels);No;1.3 MP;Yes;No;No;No;No;No;;;Predictive text inputCalculatorCurrency convertor;Removable Li-Ion battery;Up to 72 h;Up to 2 h;;;
https://www.gsmarena.com/bird_s799-1286.php;https://fdn2.gsmarena.com/vv/bigpic/bird-s799.gif;Bird S799;Cancelled;85g, 21.5mm thickness;Feature phone;No card slot;6;N/A;71,020 hits;;120x128 pixels; ;;1620 mAh Li-Ion;GSM 900 / 1800 / 1900;;No;2005, Q3;Cancelled;83.5 x 45.5 x 21.5 mm (3.29 x 1.79 x 0.85 in);85 g (3.00 oz);Mini-SIM;CSTN, 65K colors;;120 x 128 pixels;Wallpaper, screensaver;No;No;;;No;No;No;FM radio;;;Predictive text input (iTAP)Bio-rhythmStopwatchCalculatorVoice memo;Removable Li-Ion battery;Up to 100 h;Up to 3 h;Black;;
https://www.gsmarena.com/bird_s699-1285.php;https://fdn2.gsmarena.com/vv/bigpic/bird-s699.gif;Bird S699;Cancelled;15.7mm thickness;Feature phone;No card slot;6;N/A;55,882 hits;;120x128 pixels; ;;1620 mAh Li-Ion;GSM 900 / 1800;;No;2005, Q3;Cancelled;104.3 x 44 x 15.7 mm (4.11 x 1.73 x 0.62 in);;Mini-SIM;CSTN, 65K colors;;120 x 128 pixels;Wallpaper, screensaver;No;No;;;No;No;No;No;;;Predictive text inputOrganizer;Removable Li-Ion battery;Up to 75 h;Up to 2 h;Black;;
https://www.gsmarena.com/bird_v79-1281.php;https://fdn2.gsmarena.com/vv/bigpic/bird-v79.gif;Bird V79;Released 2005, Q2;80g, 21mm thickness;Feature phone;No card slot;5;N/A;57,928 hits;;128x160 pixels; ;;1620 mAh Li-Ion;GSM 900 / 1800;Class 10;No;2005, Q2;Discontinued;87 x 43 x 21 mm (3.43 x 1.69 x 0.83 in);80 g (2.82 oz);Mini-SIM;STN, 65K colors;;128 x 160 pixels;Second external STN mono display (96 x 64 pixels)WallpaperScreensaver;No;CIF;No;No;No;No;No;No;;;Voice memoPredictive text inputWorld TimeCalculator;Removable Li-Ion battery;Up to 100 h;Up to 3 h;Silver;;
https://www.gsmarena.com/bird_s1186-1280.php;https://fdn2.gsmarena.com/vv/bigpic/bird-s1186.gif;Bird S1186;Released 2005, Q2;84g, 18.5mm thickness;Feature phone;No card slot;6;N/A;65,571 hits;;112x64 pixels; ;;1620 mAh Li-Ion;GSM 900 / 1800;No;No;2005, Q2;Discontinued;83 x 44 x 18.5 mm (3.27 x 1.73 x 0.73 in);84 g (2.96 oz);Mini-SIM;Virtual Colour;;112 x 64 pixels, 16:9 ratio;BacklightScreensaver;No;No;;;No;No;No;No;;;Calculator;Removable Li-Ion battery;Up to 100 h;Up to 3 h;Silver;;
https://www.gsmarena.com/bird_s199-1231.php;https://fdn2.gsmarena.com/vv/bigpic/bird-s199.gif;Bird S199;Released 2005, Q3;75g, 15mm thickness;Feature phone;No card slot;5;N/A;67,859 hits;;112x64 pixels; ;;1000 mAh Li-Ion;GSM 900 / 1800;;No;2005, Q3;Discontinued;104.3 x 42.6 x 15 mm (4.11 x 1.68 x 0.59 in);75 g (2.65 oz);Mini-SIM;CSTN, Mono;;112 x 64 pixels, 16:9 ratio;5-way navigation key;No;No;;;No;No;No;No;;;Calculator;Removable Li-Ion battery;Up to 140 h;Up to 2 h;Silver, Black;;
https://www.gsmarena.com/bird_s789-1157.php;https://fdn2.gsmarena.com/vv/bigpic/bird-s789.gif;Bird S789;Released 2005, Q2;80g, 13mm thickness;Feature phone;No card slot;5;N/A;77,282 hits;;128x160 pixels; ;;760 mAh Li-Ion;GSM 850 / 1800 / 1900;Class 6;No;2005, Q2;Discontinued;105 x 43 x 13 mm (4.13 x 1.69 x 0.51 in);80 g (2.82 oz);Mini-SIM;TFT, 65K colors;;128 x 160 pixels;;No;VGA;No;No;No;No;No;No;;;CalculatorVoice memo;Removable Li-Ion battery;Up to 72 h;Up to 2 h;Silver;;
https://www.gsmarena.com/bird_v5510-1210.php;https://fdn2.gsmarena.com/vv/bigpic/bird-v5510.gif;Bird V5510;Released 2005, Q2;66g, 20mm thickness;Feature phone;No card slot;6;N/A;65,047 hits;;128x128 pixels; ;;800 mAh Li-Ion;GSM 900 / 1800;;No;2005, Q2;Discontinued;75 x 42 x 20 mm (2.95 x 1.65 x 0.79 in);66 g (2.33 oz);Mini-SIM;TFT, 65K colors;;128 x 128 pixels, 1:1 ratio;Second external mono display;No;No;;;No;No;No;No;;;Organizer;Removable Li-Ion battery;Up to 72 h;Up to 3 h;Silver-Blue;;
https://www.gsmarena.com/bird_dv10-1145.php;https://fdn2.gsmarena.com/vv/bigpic/bird-dv10.gif;Bird DV10;Released 2005, Q1;83g, 21.6mm thickness;Feature phone;No card slot;6;N/A;62,063 hits;;128x160 pixels; ;;600 mAh Li-Ion;GSM 900 / 1800;Class 10;No;2005, Q1;Discontinued;82.9 x 43 x 21.6 mm (3.26 x 1.69 x 0.85 in);83 g (2.93 oz);Mini-SIM;TFT, 65K colors;;128 x 160 pixels;;No;VGA;Yes;No;No;No;No;No;;;CalculatorVoice memo;Removable Li-Ion battery;;;Blue;;
https://www.gsmarena.com/bird_s590-1006.php;https://fdn2.gsmarena.com/vv/bigpic/bis590.gif;Bird S590;Released 2005, Q1;75g, 20mm thickness;Feature phone;No card slot;6;N/A;84,687 hits;;128x160 pixels; ;;820 mAh Li-Ion;GSM 900 / 1800 / 1900;Class 10;No;2005, Q1;Discontinued;107 x 44 x 20 mm (4.21 x 1.73 x 0.79 in);75 g (2.65 oz);Mini-SIM;STN, 65K colors;;128 x 160 pixels;;No;CIF;No;No;No;No;No;No;;;Calculator;Removable Li-Ion battery;Up to 140 h;Up to 5 h;Silver;;
https://www.gsmarena.com/bird_s580-1093.php;https://fdn2.gsmarena.com/vv/bigpic/bird-s580.gif;Bird S580;Released 2005, Q1;75g, 20mm thickness;Feature phone;No card slot;5;N/A;86,513 hits;;128x160 pixels; ;;750 mAh Li-Ion;GSM 900 / 1800 / 1900;Class 10;No;2005, Q1;Discontinued;107 x 44 x 20 mm (4.21 x 1.73 x 0.79 in);75 g (2.65 oz);Mini-SIM;STN, 65K colors;;128 x 160 pixels;Screensavers, wallpapers;No;CIF;No;No;No;No;No;No;;;Calculator;Removable Li-Ion battery;Up to 100 h;Up to  3 h;Orange, Silver;;
https://www.gsmarena.com/bird_a150-954.php;https://fdn2.gsmarena.com/vv/bigpic/bia150.gif;Bird A150;Released 2004, Q2;85g, 19mm thickness;Feature phone;No card slot;6;N/A;135,950 hits;;128x160 pixels; ;;920 mAh Li-Ion;GSM 900 / 1800;Class 4;No;2004, Q2;Discontinued;83.5 x 42 x 19 mm (3.29 x 1.65 x 0.75 in);85 g (3.00 oz);Mini-SIM;TFT, 65K colors;;128 x 160 pixels;Second external mono display;No;VGA;Yes;No;No;No;No;No;;;CalculatorVoice memo;Removable Li-Ion battery;;;Silver;;
https://www.gsmarena.com/bird_a130-984.php;https://fdn2.gsmarena.com/vv/bigpic/bia130.gif;Bird A130;Released 2004, Q4;82g, 22mm thickness;Feature phone;No card slot;6;N/A;90,320 hits;;128x160 pixels; ;;670 mAh Li-Ion;GSM 900 / 1800;Class 4;No;2004, Q4;Discontinued;87 x 42 x 22 mm (3.43 x 1.65 x 0.87 in);82 g (2.89 oz);Mini-SIM;STN, 65K colors;;128 x 160 pixels;Second external mono display;No;VGA;No;No;No;No;No;No;;;Calculator;Removable Li-Ion battery;;;Silver;;
https://www.gsmarena.com/bird_a120-985.php;https://fdn2.gsmarena.com/vv/bigpic/bia120.gif;Bird A120;Released 2004, Q4;80g, 21mm thickness;Feature phone;No card slot;6;N/A;99,351 hits;;128x160 pixels; ;;670 mAh Li-Ion;GSM 900 / 1800;Class 4;No;2004, Q4;Discontinued;87 x 43 x 21 mm (3.43 x 1.69 x 0.83 in);80 g (2.82 oz);Mini-SIM;STN, 65K colors;;128 x 160 pixels;Second external mono display;No;CIF;No;No;No;No;No;No;;;Calculator;Removable Li-Ion battery;;;Silver, White;;
https://www.gsmarena.com/bird_v09-990.php;https://fdn2.gsmarena.com/vv/bigpic/biv09.gif;Bird V09;Released 2004, Q2;75g, 20mm thickness;Feature phone;No card slot;7;N/A;61,912 hits;;128x160 pixels; ;;670 mAh Li-Ion;GSM 900 / 1800;;No;2004, Q2;Discontinued;83 x 43 x 20 mm (3.27 x 1.69 x 0.79 in);75 g (2.65 oz);Mini-SIM;CSTN, 65K colors;;128 x 160 pixels;Second external mono display;No;No;;;No;No;No;No;;;Calculator;Removable Li-Ion battery;;;Red, Blue Grey;;
https://www.gsmarena.com/bird_s570-953.php;https://fdn2.gsmarena.com/vv/bigpic/bis570.gif;Bird S570;Released 2004, Q4;89g, 18.5mm thickness;Feature phone;No card slot;7;N/A;64,381 hits;;128x128 pixels; ;;920 mAh Li-Ion;GSM 900 / 1800 / 1900;Class 10;No;2004, Q4;Discontinued;103 x 43 x 18.5 mm (4.06 x 1.69 x 0.73 in);89 g (3.14 oz);Mini-SIM;STN, 65K colors;;128 x 128 pixels, 1:1 ratio;;No;CIF;No;No;No;No;No;No;;;Calculator;Removable Li-Ion battery;;;Silver;;
https://www.gsmarena.com/bird_sc24-952.php;https://fdn2.gsmarena.com/vv/bigpic/bisc24.gif;Bird SC24;Released 2004, Q1;80g, 23mm thickness;Feature phone;No card slot;5;N/A;82,565 hits;;128x160 pixels; ;;920 mAh Li-Ion;GSM 900 / 1800;Class 6;No;2004, Q1;Discontinued;81 x 44 x 23 mm (3.19 x 1.73 x 0.91 in);80 g (2.82 oz);Mini-SIM;CSTN, 65K colors;;128 x 160 pixels;Second external mono display;No;No;;;No;No;No;No;;;Calculator;Removable Li-Ion battery;;;Red;;
https://www.gsmarena.com/bird_g118-956.php;https://fdn2.gsmarena.com/vv/bigpic/big118.gif;Bird G118;Released 2004, Q4;80g, 22mm thickness;Feature phone;No card slot;6;N/A;77,823 hits;;128x160 pixels; ;;920 mAh Li-Ion;GSM 900 / 1800;Class 4;No;2004, Q4;Discontinued;82 x 43 x 22 mm (3.23 x 1.69 x 0.87 in);80 g (2.82 oz);Mini-SIM;CSTN, 65K colors;;128 x 160 pixels;Second external mono display;No;No;;;No;No;No;No;;;Calculator;Removable Li-Ion battery;;;Red;;
https://www.gsmarena.com/bird_s1190-987.php;https://fdn2.gsmarena.com/vv/bigpic/bis1190.gif;Bird S1190;Released 2004, Q1;85g, 20mm thickness;Feature phone;No card slot;6;N/A;67,475 hits;;102x80 pixels; ;;670 mAh Li-Ion;GSM 900 / 1800;No;No;2004, Q1;Discontinued;84 x 43 x 20 mm (3.31 x 1.69 x 0.79 in);85 g (3.00 oz);Mini-SIM;CSTN, 4096 colors;;102 x 80 pixels;Screensaver;No;No;;;No;No;No;No;;;Calculator;Removable Li-Ion battery;;;Silver;;
https://www.gsmarena.com/bird_s1180c-951.php;https://fdn2.gsmarena.com/vv/bigpic/bi1180c.gif;Bird S1180c;Released 2004, Q2;75g, 18mm thickness;Feature phone;No card slot;6;N/A;66,255 hits;;128x96 pixels; ;;920 mAh Li-Ion;GSM 900 / 1800;No;No;2004, Q2;Discontinued;81 x 43 x 18 mm (3.19 x 1.69 x 0.71 in);75 g (2.65 oz);Mini-SIM;CSTN, 65K colors;;128 x 96 pixels, 4:3 ratio;Second external color display;No;No;;;No;No;No;No;;;Calculator;Removable Li-Ion battery;;;Silver;;
https://www.gsmarena.com/bird_s1160_plus-986.php;https://fdn2.gsmarena.com/vv/bigpic/bis1160p.gif;Bird S1160 Plus;Released 2004, Q3;83g, 20mm thickness;Feature phone;No card slot;8;N/A;62,787 hits;;112x64 pixels; ;;670 mAh Li-Ion;GSM 900 / 1800;No;No;2004, Q3;Discontinued;85 x 44 x 20 mm (3.35 x 1.73 x 0.79 in);83 g (2.93 oz);Mini-SIM;CSTN, mono;;112 x 64 pixels, 16:9 ratio;Second external mono display;No;No;;;No;No;No;No;;;Calculator;Removable Li-Ion battery;;;Silver;;
https://www.gsmarena.com/bird_s1160-950.php;https://fdn2.gsmarena.com/vv/bigpic/bi1160.gif;Bird S1160;Released 2004, Q1;85g, 21mm thickness;Feature phone;No card slot;5;N/A;59,131 hits;;112x80 pixels; ;;920 mAh Li-Ion;GSM 900 / 1800;No;No;2004, Q1;Discontinued;86 x 46 x 21 mm (3.39 x 1.81 x 0.83 in);85 g (3.00 oz);Mini-SIM;CSTN, mono;;112 x 80 pixels;Second external mono display;No;No;;;No;No;No;No;;;Calculator;Removable Li-Ion battery;;;Silver;;
https://www.gsmarena.com/bird_s788-988.php;https://fdn2.gsmarena.com/vv/bigpic/bis788.gif;Bird S788;Released 2004, Q2;79g, 14mm thickness;Feature phone;No card slot;6;N/A;59,406 hits;;112x80 pixels; ;;670 mAh Li-Ion;GSM 900 / 1800;Class 10;No;2004, Q2;Discontinued;115 x 45 x 14 mm (4.53 x 1.77 x 0.55 in);79 g (2.79 oz);Mini-SIM;CSTN, 4096 colors;;112 x 80 pixels;;No;No;;;No;No;No;No;;;Calculator;Removable Li-Ion battery;;;Grey, Red;;
https://www.gsmarena.com/bird_s288_plus-989.php;https://fdn2.gsmarena.com/vv/bigpic/bis288s.gif;Bird S288 Plus;Released 2003, Q3;65g, 12mm thickness;Feature phone;No card slot;5;N/A;63,916 hits;;112x80 pixels; ;;670 mAh Li-Ion;GSM 900 / 1800;No;No;2003, Q3;Discontinued;103 x 44 x 12 mm (4.06 x 1.73 x 0.47 in);65 g (2.29 oz);Mini-SIM;CSTN, mono;;112 x 80 pixels;;No;No;;;No;No;No;No;;;Calculator;Removable Li-Ion battery;;;Blue, Red, Grey;;
https://www.gsmarena.com/bird_s288-949.php;https://fdn2.gsmarena.com/vv/bigpic/bis288.gif;Bird S288;Released 2003, Q3;60g, 11mm thickness;Feature phone;No card slot;5;N/A;72,061 hits;;112x80 pixels; ;;920 mAh Li-Ion;GSM 900 / 1800;No;No;2003, Q3;Discontinued;105 x 42 x 11 mm (4.13 x 1.65 x 0.43 in);60 g (2.12 oz);Mini-SIM;CSTN, mono;;112 x 80 pixels;;No;No;;;No;No;No;No;;;Calculator;Removable Li-Ion battery;;;Blue, Red, Grey;;
