Link;Image;Name;Release date;Weight;OS;Storage;Fans;Popularity;Hits;Screen_size;Screen_resolution;RAM;SOC;Battery;net2g;net3g;net4g;speed;year;status;dimensions;weight;build;sim;displaytype;displaysize;displayresolution;displayprotection;os;chipset;cpu;gpu;memoryslot;internalmemory;memoryother;cam1modules;cam1features;cam1video;cam2modules;cam2video;wlan;bluetooth;gps;nfc;radio;usb;sensors;batdescription1;colors;models;sar-us;sar-eu;price;tbench;cam2features;bodyother;batlife;batstandby1;battalktime1;batmusicplayback1;displayother;featuresother;gprstext;edge;optionalother
https://www.gsmarena.com/blackberry_key2_le-9292.php;https://fdn2.gsmarena.com/vv/bigpic/blackberry-key2-le-.jpg;BlackBerry KEY2 LE;Released 2018, October;156g, 8.4mm thickness;Android 8.1;32GB/64GB storage, microSDXC;100;2.2%;1,926,239 hits;"4.5""";1080x1620 pixels;4 GB RAM;Snapdragon 636;3000 mAh Li-Ion;GSM 850 / 900 / 1800 / 1900 - SIM 1 & SIM 2 (dual-SIM only);HSDPA 850 / 900 / 1700(AWS) / 1900 / 2100;1, 2, 3, 4, 5, 7, 8, 12, 17, 19, 20, 26, 28, 32, 38, 40, 41 - BBE100-1, BBE100-4 DS (EU, Africa, AU);HSPA, LTE-A;2018, August;Available. Released 2018, October;150.3 x 71.8 x 8.4 mm (5.92 x 2.83 x 0.33 in);156 g (5.50 oz);Glass front (Gorilla Glass), plastic back, aluminum frame;Single SIM (Nano-SIM) or Hybrid Dual SIM (Nano-SIM, dual stand-by);IPS LCD;4.5 inches, 60.0 cm(~55.6% screen-to-body ratio);1080 x 1620 pixels, 3:2 ratio (~434 ppi density);Corning Gorilla Glass (unspecified version);Android 8.1 (Oreo);Qualcomm SDM636 Snapdragon 636 (14 nm);Octa-core (4x1.8 GHz Kryo 260 Gold & 4x1.6 GHz Kryo 260 Silver);Adreno 509;microSDXC (uses shared SIM slot);32GB 4GB RAM, 64GB 4GB RAM;eMMC 5.1;"13 MP, f/2.2, 1/3.1"", 1.12µm, PDAF5 MP, f/2.4, (depth)";Dual-LED dual-tone flash, HDR, panorama;4K@30fps, 1080p@30fps;8 MP;1080p@30fps;Wi-Fi 802.11 а/b/g/n/ac, dual-band, Wi-Fi Direct;5.0, A2DP, LE, EDR;GPS, GLONASS;Yes;FM radio;USB Type-C 2.0, OTG;Fingerprint (front-mounted), accelerometer, proximity, compass;Li-Ion 3000 mAh, non-removable;Slate, Champagne, Atomic;BBE100-4, BBE100-5, BBE100-1, BBE100-2;1.01 W/kg (head)     1.17 W/kg (body);0.78 W/kg (head)     1.61 W/kg (body);About 440 EUR;AnTuTu: 116764 (v7)GeekBench: 4965 (v4.4);;;;;;;;;;;
https://www.gsmarena.com/blackberry_evolve_x-9282.php;https://fdn2.gsmarena.com/vv/bigpic/blackberry-exolve-x-5.jpg;BlackBerry Evolve X;Released 2018, August;170g, 8.8mm thickness;Android 8.1;64GB storage, microSDXC;108;1.0%;1,414,574 hits;"5.99""";1080x2160 pixels;6 GB RAM;Snapdragon 660;4000 mAh Li-Ion;GSM 850 / 900 / 1800 / 1900 - SIM 1 & SIM 2 (dual-SIM model only);HSDPA 900 / 2100;1, 3, 5, 7, 8, 40, 41;HSPA 42.2/5.76 Mbps, LTE-A (2CA) Cat12 600/150 Mbps;2018, August;Available. Released 2018, August;159.1 x 76.8 x 8.8 mm (6.26 x 3.02 x 0.35 in);170 g (5.93 oz);Glass front (Gorilla Glass 5), plastic/aluminum back, aluminum frame (7000 series);Single SIM (Nano-SIM) or Hybrid Dual SIM (Nano-SIM, dual stand-by);IPS LCD;5.99 inches, 92.6 cm(~75.8% screen-to-body ratio);1080 x 2160 pixels, 18:9 ratio (~403 ppi density);Corning Gorilla Glass 5;Android 8.1 (Oreo);Qualcomm SDM660 Snapdragon 660 (14 nm);Octa-core (4x2.2 GHz Kryo 260 Gold & 4x1.8 GHz Kryo 260 Silver);Adreno 512;microSDXC (uses shared SIM slot);64GB 6GB RAM;eMMC 5.1;"12 MP, f/1.8, 1/2.8"", 1.29µm, PDAF13 MP, f/2.6, 1/3.4"", 1.0µm, 2х optical zoom, PDAF";Dual-LED dual-tone flash, HDR, panorama;1080p@30fps;"16 MP, f/2.0, (wide), 1/3.06"", 1.0µm";1080p@30/60fps;Wi-Fi 802.11 а/b/g/n/ac, dual-band, Wi-Fi Direct;5.0, A2DP, LE;GPS (L1+L5), GLONASS, BDS, GALILEO, QZSS;No;FM radio;USB Type-C 2.0, OTG;Fingerprint (rear-mounted), accelerometer, gyro, proximity, compass;Li-Ion 4000 mAh, non-removable;Black;;;;About 350 EUR;;LED flash;;;;;;;;;;
https://www.gsmarena.com/blackberry_evolve-9281.php;https://fdn2.gsmarena.com/vv/bigpic/blackberry-exolve-6.jpg;BlackBerry Evolve;Released 2018, October;170g, 8.4mm thickness;Android 8.1;64GB storage, microSDXC;45;0.5%;788,650 hits;"5.99""";1080x2160 pixels;4 GB RAM;Snapdragon 450;4000 mAh Li-Ion;GSM 850 / 900 / 1800 / 1900 - SIM 1 & SIM 2 (dual-SIM model only);HSDPA 900 / 2100;1, 3, 5, 7, 8, 40, 41;HSPA 42.2/5.76 Mbps, LTE-A (2CA) Cat6 300/50 Mbps;2018, August;Available. Released 2018, October;158.9 x 76.1 x 8.4 mm (6.26 x 3.00 x 0.33 in);170 g (5.93 oz);;Single SIM (Nano-SIM) or Hybrid Dual SIM (Nano-SIM, dual stand-by);IPS LCD;5.99 inches, 92.6 cm(~76.6% screen-to-body ratio);1080 x 2160 pixels, 18:9 ratio (~403 ppi density);Corning Gorilla Glass 5;Android 8.1 (Oreo);Qualcomm SDM450 Snapdragon 450 (14 nm);Octa-core 1.8 GHz Cortex-A53;Adreno 506;microSDXC (uses shared SIM slot);64GB 4GB RAM;eMMC 5.1;"13 MP, 1/3.1"", 1.12µm, PDAF13 MP B/W, 1/3.1"", 1.12µm, PDAF";Dual-LED dual-tone flash, HDR, panorama;1080p@30fps;"16 MP, f/2.0, (wide), 1/3.06"", 1.0µm";1080p@30/60fps;Wi-Fi 802.11 а/b/g/n/ac, dual-band, Wi-Fi Direct;4.2, A2DP, LE;GPS, GLONASS, BDS, GALILEO;No;FM radio;USB Type-C 2.0, OTG;Fingerprint (rear-mounted), accelerometer, gyro, proximity, compass;Li-Ion 4000 mAh, non-removable;Black;BBG100-1;;;About 300 EUR;;LED flash;;;;;;;;;;
https://www.gsmarena.com/blackberry_key2-9187.php;https://fdn2.gsmarena.com/vv/bigpic/blackberry-key2-new.jpg;BlackBerry KEY2;Released 2018, June;168g, 8.5mm thickness;Android 8.1;64GB/128GB storage, microSDXC;236;1.4%;1,617,886 hits;"4.5""";1080x1620 pixels;6 GB RAM;Snapdragon 660;3500 mAh Li-Ion;GSM 850 / 900 / 1800 / 1900 - SIM 1 & SIM 2 (BBF100-6 model only);HSDPA 850 / 900 / 1700(AWS) / 1900 / 2100;1, 2, 3, 4, 5, 7, 8, 12, 13, 17, 19, 20, 26, 28, 32, 38, 39, 40, 41 - EU, Africa, AU (BBF100-1);HSPA 42.2/5.76 Mbps, LTE-A (3CA) Cat11 600/75 Mbps;2018, June;Available. Released 2018, June;151.4 x 71.8 x 8.5 mm (5.96 x 2.83 x 0.33 in);168 g (5.93 oz);Glass front (Gorilla Glass 3), plastic back, aluminum frame (7000 series);Single SIM (Nano-SIM) or Hybrid Dual SIM (Nano-SIM, dual stand-by) - BBF100-6 only;IPS LCD;4.5 inches, 60.0 cm(~55.2% screen-to-body ratio);1080 x 1620 pixels, 3:2 ratio (~434 ppi density);Corning Gorilla Glass 3;Android 8.1 (Oreo);Qualcomm SDM660 Snapdragon 660 (14 nm);Octa-core (4x2.2 GHz Kryo 260 Gold & 4x1.8 GHz Kryo 260 Silver);Adreno 512;microSDXC (uses shared SIM slot);64GB 6GB RAM, 128GB 6GB RAM;eMMC 5.1;"12 MP, f/1.8, 1/2.3"", 1.28µm, dual pixel PDAF12 MP, f/2.6, 1/3.4"", 1.0µm, PDAF";Dual-LED dual-tone flash, HDR, panorama;4K@30fps, 1080p@30fps;"8 MP, f/2.0, 1/4"", 1.12µm";1080p@30fps;Wi-Fi 802.11 a/b/g/n/ac, dual-band, Wi-Fi Direct;5.0, A2DP, LE, EDR;GPS, GLONASS, BDS2;Yes;FM radio;USB Type-C 3.0, OTG;Fingerprint (front-mounted), accelerometer, gyro, proximity, compass;Li-Ion 3500 mAh, non-removable;Black, Silver, Red;BBF100-6, BBF100-1, BBF100-2, BBF100-4;;0.72 W/kg (head)     1.68 W/kg (body);About 500 EUR;AnTuTu: 140984 (v7)GeekBench: 5830 (v4.4)GFXBench: 11fps (ES 3.1 onscreen);;Capacitive touch 4-row BlackBerry keyboard;;;;;;;;;
https://www.gsmarena.com/blackberry_motion-8891.php;https://fdn2.gsmarena.com/vv/bigpic/blackberry-motion.jpg;BlackBerry Motion;Released 2017, December;167g, 8.1mm thickness;Android 7.1;32GB storage, microSDXC;164;0.6%;1,844,585 hits;"5.5""";1080x1920 pixels;4 GB RAM;Snapdragon 625;4000 mAh Li-Ion;GSM 850 / 900 / 1800 / 1900 - SIM 1 & SIM 2 (dual-SIM model only);HSDPA 850 / 900 / 1700(AWS) / 1900 / 2100;1, 2, 3, 4, 5, 7, 8, 12, 13, 17, 19, 20, 26, 28, 32, 38, 39, 40, 41 - BBD100-6 (EU, Global);HSPA, LTE;2017, October;Available. Released 2017, December;155.8 x 75.5 x 8.1 mm (6.13 x 2.97 x 0.32 in);167 g (5.89 oz);Glass front, plastic back, aluminum frame;Single SIM (Nano-SIM) or Hybrid Dual SIM (Nano-SIM, dual stand-by);IPS LCD;5.5 inches, 82.6 cm(~70.2% screen-to-body ratio);1080 x 1920 pixels, 16:9 ratio (~403 ppi density);Scratch-resistant glass;Android 7.1 (Nougat);Qualcomm MSM8953 Snapdragon 625 (14 nm);Octa-core 2.0 GHz Cortex-A53;Adreno 506;microSDXC (uses shared SIM slot);32GB 4GB RAM;eMMC 5.1;12 MP, f/2.0, PDAF;Dual-LED dual-tone flash, HDR, panorama;4K@30fps, 1080p@30fps;"8 MP, f/2.2, 1/4"", 1.12µm";1080p@30fps;Wi-Fi 802.11 b/g/n/ac, Wi-Fi Direct;4.2, A2DP, EDR, LE;GPS, GLONASS, BDS2;Yes;FM radio;USB Type-C 2.0;Fingerprint (front-mounted), accelerometer, gyro, proximity, compass;Li-Ion 4000 mAh, non-removable;Black;BBD100-1, BBD100-6, BBD100-2;;;About 390 EUR;AnTuTu: 75057 (v7)GeekBench: 3567 (v4.4)GFXBench: 3.4fps (ES 3.1 onscreen);;IP67 dust/water resistant (up to 1m for 30 min);;;;;;;;;
https://www.gsmarena.com/blackberry_aurora-8612.php;https://fdn2.gsmarena.com/vv/bigpic/blackberry-aurora.jpg;BlackBerry Aurora;Released 2017, March;178g, 8.5mm thickness;Android 7.0;32GB storage, microSDXC;86;0.4%;2,043,024 hits;"5.5""";720x1280 pixels;4 GB RAM;Snapdragon 425;3000 mAh Li-Ion;GSM 850 / 900 / 1800 / 1900 - SIM 1 & SIM 2;HSDPA 850 / 900 / 1900 / 2100;LTE (unspecified);HSPA, LTE;2017, March;Available. Released 2017, March;152 x 76.8 x 8.5 mm (5.98 x 3.02 x 0.33 in);178 g (6.28 oz);Glass front, plastic back, plastic frame;Dual SIM (Micro-SIM, dual stand-by);IPS LCD;5.5 inches, 83.4 cm(~71.4% screen-to-body ratio);720 x 1280 pixels, 16:9 ratio (~267 ppi density);;Android 7.0 (Nougat);Qualcomm MSM8917 Snapdragon 425 (28 nm);Quad-core 1.4 GHz Cortex-A53;Adreno 308;microSDXC (dedicated slot);32GB 4GB RAM;eMMC 5.1;13 MP, AF;Dual-LED flash, HDR, panorama;1080p@30fps;8 MP;;Wi-Fi 802.11 b/g/n, Wi-Fi Direct;4.0, A2DP, EDR, LE;GPS, GLONASS, BDS;No;No;microUSB 2.0;Accelerometer, proximity, compass;Li-Ion 3000 mAh, non-removable;Black, Silver, Gold;BBC100-1;;;About 200 EUR;;;;;;;;;;;;
https://www.gsmarena.com/blackberry_keyone-8508.php;https://fdn2.gsmarena.com/vv/bigpic/blackberry-keyone-mercury.jpg;BlackBerry Keyone;Released 2017, April;180g, 9.4mm thickness;Android 7.1, up to Android 8.1;32GB/64GB storage, microSDXC;443;1.0%;3,813,942 hits;"4.5""";1080x1620 pixels;3/4 GB RAM;Snapdragon 625;3500 mAh Li-Ion;GSM 850 / 900 / 1800 / 1900 - SIM 1 & SIM 2 (BBB100-4 only);HSDPA 850 / 900 / 1700(AWS) / 1900 / 2100;1, 2, 3, 4, 5, 7, 8, 13, 17, 20, 28, 38, 40;HSPA 42.2/5.76 Mbps, LTE-A Cat9 450/50 Mbps;2017, February;Available. Released 2017, April;149.1 x 72.4 x 9.4 mm (5.87 x 2.85 x 0.37 in);180 g (6.35 oz);Glass front (Gorilla Glass 4), plastic back, aluminum frame;Single SIM (Nano-SIM) or Hybrid Dual SIM (Nano-SIM, dual stand-by) - BBB100-4 only;IPS LCD;4.5 inches, 60.0 cm(~55.6% screen-to-body ratio);1080 x 1620 pixels, 3:2 ratio (~434 ppi density);Corning Gorilla Glass 4;Android 7.1 (Nougat), upgradable to Android 8.1 (Oreo);Qualcomm MSM8953 Snapdragon 625 (14 nm);Octa-core 2.0 GHz Cortex-A53;Adreno 506;microSDXC (uses shared SIM slot);32GB 3GB RAM, 64GB 4GB RAM;eMMC 5.1;"12 MP, f/2.0, 1/2.3"", 1.55µm, PDAF";Dual-LED dual-tone flash, HDR, panorama;4K@30fps;"8 MP, f/2.2, 1/4"", 1.12µm";1080p@30fps;Wi-Fi 802.11 a/b/g/n/ac, dual-band, Wi-Fi Direct;4.2, A2DP, LE, EDR;GPS, GLONASS, BDS2;Yes;FM radio;USB Type-C 3.1, OTG;Fingerprint (front-mounted), accelerometer, gyro, proximity, compass;Li-Ion 3500 mAh, non-removable;Black/Silver, Black, Bronze;BBB100-2, BBB100-7, BBB100-1, BBB100-5, BBB100-3, BBB100-4;;;About 290 EUR;GFXBench: 4.1fps (ES 3.1 onscreen);;Capacitive touch 4-row BlackBerry keyboard;;;;;;;;;
https://www.gsmarena.com/blackberry_dtek60-8351.php;https://fdn2.gsmarena.com/vv/bigpic/bb-dtek-60r.jpg;BlackBerry DTEK60;Released 2016, October;165g, 7mm thickness;Android 6.0;32GB storage, microSDXC;212;0.2%;2,318,035 hits;"5.5""";1440x2560 pixels;4 GB RAM;Snapdragon 820;3000 mAh Li-Ion;GSM 850 / 900 / 1800 / 1900;HSDPA 850 / 900 / 1700(AWS) / 1900 / 2100 - USA, EMEA;1, 2, 3, 4, 5, 7, 12, 17, 20, 29 - USA;HSPA 42.2/5.76 Mbps, LTE-A (2CA) Cat6 300/50 Mbps;2016, October. Released 2016, October;Discontinued;153.9 x 75.4 x 7 mm (6.06 x 2.97 x 0.28 in);165 g (5.82 oz);;Nano-SIM;AMOLED;5.5 inches, 83.4 cm(~71.9% screen-to-body ratio);1440 x 2560 pixels, 16:9 ratio (~534 ppi density);Scratch-resistant glass, oleophobic coating;Android 6.0 (Marshmallow);Qualcomm MSM8996 Snapdragon 820 (14 nm);Quad-core (2x2.15 GHz Kryo & 2x1.6 GHz Kryo);Adreno 530;microSDXC (dedicated slot);32GB 4GB RAM;;21 MP, f/2.0, PDAF;Dual-LED dual-tone flash, HDR, panorama;4K@30fps, 720p@120fps;8 MP, f/2.2;1080p@30fps;Wi-Fi 802.11 a/b/g/n/ac, dual-band, Wi-Fi Direct;4.2, A2DP, LE, EDR;GPS, GLONASS, BDS;Yes;No;USB Type-C 2.0, OTG;Fingerprint (rear-mounted), accelerometer, gyro, proximity, compass;Li-Ion 3000 mAh, non-removable;Black;BBA100-2, BBA100-1;;;About 250 EUR;;;;;Up to 336 h (3G);Up to 26 h (3G);Up to 88 h;;;;;
https://www.gsmarena.com/blackberry_dtek50-8229.php;https://fdn2.gsmarena.com/vv/bigpic/bb-dtek.jpg;BlackBerry DTEK50;Released 2016, August;135g, 7.4mm thickness;Android 6.0;16GB storage, microSDXC;152;0.3%;2,632,647 hits;"5.2""";1080x1920 pixels;3 GB RAM;Snapdragon 617;2610 mAh Li-Ion;GSM 850 / 900 / 1800 / 1900;HSDPA 850 / 900 / 1700(AWS) / 1900 / 2100 - USA;1, 2, 3, 4, 5, 7, 12, 17, 20, 29, 30 - USA;HSPA, LTE;2016, July. Released 2016, August;Discontinued;147 x 72.5 x 7.4 mm (5.79 x 2.85 x 0.29 in);135 g (4.76 oz);;Hybrid Dual SIM (Nano-SIM, dual stand-by);IPS LCD;5.2 inches, 74.5 cm(~69.9% screen-to-body ratio);1080 x 1920 pixels, 16:9 ratio (~424 ppi density);Scratch-resistant glass, oleophobic coating;Android 6.0 (Marshmallow);Qualcomm MSM8952 Snapdragon 617 (28 nm);Octa-core (4x1.5 GHz Cortex-A53 & 4x1.2 GHz Cortex-A53);Adreno 405;microSDXC (uses shared SIM slot);16GB 3GB RAM;eMMC 5.1;13 MP, f/2.0, PDAF;Dual-LED dual-tone flash, HDR, panorama;1080p@30fps;8 MP, f/2.2;1080p@30fps;Wi-Fi 802.11 a/b/g/n/ac, dual-band, Wi-Fi Direct;4.2, A2DP, LE, EDR;GPS, GLONASS, BDS;Yes;FM radio;microUSB 2.0, OTG;Accelerometer, gyro, proximity, compass;Li-Ion 2610 mAh, non-removable;Black;STH100-2, STH100-1;;;About 200 EUR;;;;;Up to 576 h (3G);Up to 17 h (3G);Up to 40 h;;;;;
https://www.gsmarena.com/blackberry_priv-7587.php;https://fdn2.gsmarena.com/vv/bigpic/blackberry-priv.jpg;BlackBerry Priv;Released 2015, November;192g, 9.4mm thickness;Android 5.1.1, up to 6.0.1;32GB storage, microSDXC;775;1.9%;8,846,299 hits;"5.4""";1440x2560 pixels;3 GB RAM;Snapdragon 808;3410 mAh Li-Ion;GSM 850 / 900 / 1800 / 1900;HSDPA 850 / 900 / 1700(AWS) / 1900 / 2100 - USA (STV100-1), Europe (STV100-4);1, 2, 3, 4, 5, 7, 12, 17, 20, 29, 30 - USA (STV100-1);HSPA 42.2/5.76 Mbps, LTE-A (3CA) Cat9 450/50 Mbps;2015, October. Released 2015, November;Discontinued;147 x 77.2 x 9.4 mm (5.79 x 3.04 x 0.37 in);192 g (6.77 oz);Glass front (Gorilla Glass 4), plastic back, plastic frame;Nano-SIM;AMOLED;5.4 inches, 81.6 cm(~71.9% screen-to-body ratio);1440 x 2560 pixels, 16:9 ratio (~540 ppi density);Corning Gorilla Glass 4;Android 5.1.1 (Lollipop), upgradable to 6.0.1 (Marshmallow);Qualcomm MSM8992 Snapdragon 808 (20 nm);Hexa-core (4x1.4 GHz Cortex-A53 & 2x1.8 GHz Cortex-A57);Adreno 418;microSDXC (dedicated slot);32GB 3GB RAM;eMMC 5.0;"18 MP, f/2.2, 27mm (wide), 1/2.4"", PDAF, OIS";Schneider-Kreuznach optics, dual-LED dual-tone flash, HDR, panorama;4K@30fps, 1080p@60fps;2 MP;720p;Wi-Fi 802.11 a/b/g/n/ac, Wi-Fi Direct, hotspot;4.1, A2DP, EDR, LE;GPS, GLONASS;Yes;No;microUSB 2.0 (SlimPort 4K);Accelerometer, altimeter, gyro, ToF proximity, compass;Li-Ion 3410 mAh, non-removable;Black;STV100-4, STV100-3, STV100-1, V100, STV100-2;;;About 270 EUR;;;Capacitive touch 4-row BlackBerry keyboard;;Up to 420 h (3G);Up to 24 h (3G);Up to 73 h;Curved edge screen;;;;
https://www.gsmarena.com/blackberry_leap-7099.php;https://fdn2.gsmarena.com/vv/bigpic/blackberry-leap1.jpg;BlackBerry Leap;Released 2015, April;170g, 9.5mm thickness;BlackBerry OS 10.3.1;16GB storage, microSDXC;120;0.4%;3,725,933 hits;"5.0""";720x1280 pixels;2 GB RAM;Snapdragon S4 Plus;2800 mAh Li-Ion;GSM 850 / 900 / 1800 / 1900;HSDPA 850 / 900 / 1700 / 1900 / 2100 - North America;1, 2, 4, 5, 7, 13, 17 - North America;HSPA, LTE;2015, March. Released 2015, April;Discontinued;144 x 72.8 x 9.5 mm (5.67 x 2.87 x 0.37 in);170 g (6.00 oz);;Micro-SIM;IPS LCD,;5.0 inches, 68.9 cm(~65.7% screen-to-body ratio);720 x 1280 pixels, 16:9 ratio (~294 ppi density);;BlackBerry OS 10.3.1;Qualcomm MSM8960 Snapdragon S4 Plus;Dual-core 1.5 GHz Krait;Adreno 225;microSDXC (dedicated slot);16GB 2GB RAM;;8 MP, f/2.2, 31mm (standard), AF;LED flash, HDR, panorama;1080p@30fps, 720p@60fps;2 MP;720p;Wi-Fi 802.11 b/g/n, hotspot;4.0, A2DP, EDR, LE;GPS;No;FM radio;microUSB 2.0;Accelerometer, proximity;Li-Ion 2800 mAh, non-removable;Black, White;;;;About 80 EUR;;;;;;Up to 25 h;;;;;;
https://www.gsmarena.com/blackberry_classic_non_camera-7066.php;https://fdn2.gsmarena.com/vv/bigpic/blackberry-classic-no.jpg;BlackBerry Classic Non Camera;Released 2015, March;178g, 10.2mm thickness;BlackBerry OS 10.3.1;16GB storage, microSDXC;37;0.2%;901,980 hits;"3.5""";720x720 pixels;2 GB RAM;;2515 mAh Li-Ion;GSM 850 / 900 / 1800 / 1900;HSDPA 850 / 900 / 1900 / 2100;4, 13;HSPA 42.2/5.76 Mbps, LTE Cat4 150/50 Mbps, EV-DO Rev.A 3.1 Mbps;2015, February. Released 2015, March;Discontinued;131 x 72.4 x 10.2 mm (5.16 x 2.85 x 0.40 in);178 g (6.28 oz);;Nano-SIM;IPS LCD,;3.5 inches, 39.5 cm(~41.7% screen-to-body ratio);720 x 720 pixels, 1:1 ratio (~291 ppi density);Corning Gorilla Glass 3;BlackBerry OS 10.3.1;;Dual-core 1.5 GHz Krait;;microSDXC (dedicated slot);16GB 2GB RAM;;No;;;;;Wi-Fi 802.11 a/b/g/n, dual-band, hotspot;4.0, A2DP, EDR, LE;GPS;Yes;FM radio;microUSB 2.0 (SlimPort);Accelerometer, gyro, proximity, compass;Li-Ion 2500 mAh, non-removable;Black;;1.41 W/kg (head)     0.78 W/kg (body);;About 180 EUR;;;Optical trackpad;;Up to 384 h (3G);Up to 22 h (3G);;;MP3/WMA/WAV/eAAC+/FlAC playerDivX/XviD/MP4/WMV/H.264 playerPhoto/video editorDocument viewer;;;
https://www.gsmarena.com/blackberry_porsche_design_p_9983-6691.php;https://fdn2.gsmarena.com/vv/bigpic/BlackBerry-Porsche-Design-P9983-1.jpg;BlackBerry Porsche Design P'9983;Released 2014, October;140g, 10.6mm thickness;BlackBerry OS 10.3, up to 10.3.1;64GB storage, microSDXC;112;0.4%;1,672,728 hits;"3.1""";720x720 pixels;2 GB RAM;Snapdragon S4 Pro;2100 mAh Li-Ion;GSM 850 / 900 / 1800 / 1900 - all versions;HSDPA 850 / 900 / 1900 / 2100 - EU, EMEA;3, 7, 8, 20 - EU, EMEA;HSPA, LTE;2014, September. Released 2014, October;Discontinued;119 x 67.1 x 10.6 mm (4.69 x 2.64 x 0.42 in);140 g (4.94 oz);;Micro-SIM;IPS LCD;3.1 inches, 31.0 cm(~38.8% screen-to-body ratio);720 x 720 pixels, 1:1 ratio (~328 ppi density);;BlackBerry OS 10.3, upgradable to 10.3.1;Qualcomm MSM8960T Snapdragon S4 Pro;Dual-core 1.5 GHz Krait;Adreno 225;microSDXC (dedicated slot);64GB 2GB RAM;;8 MP, AF;LED flash, HDR, panorama;1080p@30fps;2 MP;720p@30fps;Wi-Fi 802.11 a/b/g/n, dual-band, DLNA, hotspot;4.0, A2DP, LE;GPS, GLONASS;Yes;FM radio;microUSB 2.0;Accelerometer, gyro, proximity, compass;Li-Ion 2100 mAh, removable;Black;;;;About 430 EUR;;;;;Up to 288 h (2G) / Up to 288 h (3G);Up to 9 h (2G) / Up to 14 h (3G);Up to 45 h;;HDMI portBlackBerry mapsOrganizerDocument viewerPhoto/video editorMP3/WMA/WAV/eAAC+/FlAC playerDivX/XviD/MP4/WMV/H.264 playerVoice memo/dialPredictive text input;;;
https://www.gsmarena.com/blackberry_passport-6457.php;https://fdn2.gsmarena.com/vv/bigpic/blackberry-passport-1.jpg;BlackBerry Passport;Released 2014, September;196g, 9.3mm thickness;BlackBerry OS 10.3, up to 10.3.2;32GB storage, microSDXC;738;1.3%;9,151,075 hits;"4.5""";1440x1440 pixels;3 GB RAM;Snapdragon 801;3450 mAh Li-Ion;GSM 850 / 900 / 1800 / 1900;HSDPA 850 / 900 / 1900 / 2100;1, 3, 5, 7, 8;HSPA, LTE-A;2014, June. Released 2014, September;Discontinued;128 x 90.3 x 9.3 mm (5.04 x 3.56 x 0.37 in);196 g (6.91 oz);Glass front (Gorilla Glass 3), plastic back, aluminum frame;Nano-SIM;IPS LCD;4.5 inches, 65.3 cm(~56.5% screen-to-body ratio);1440 x 1440 pixels, 1:1 ratio (~453 ppi density);Corning Gorilla Glass 3;BlackBerry OS 10.3, upgradable to 10.3.2;Qualcomm MSM8974AA Snapdragon 801 (28 nm);Quad-core 2.26 GHz Krait 400;Adreno 330;microSDXC (dedicated slot);32GB 3GB RAM;eMMC 5.0;13 MP, f/2.0, 30mm (standard), AF, OIS;LED flash, HDR, panorama;1080p@60fps;2 MP, f/2.8, 28mm (wide);720p;Wi-Fi 802.11 a/b/g/n/ac, dual-band, Wi-Fi Direct, DLNA, hotspot;4.0, A2DP, LE;GPS, GLONASS;Yes;FM radio, RDS;microUSB 2.0 (SlimPort);Accelerometer, gyro, proximity, compass;Li-Ion 3450 mAh, non-removable;Black, White, Red, Black&Gold, Silver;;;;About 170 EUR;Basemark X: 10682;;Capacitive touch 3-row BlackBerry keyboard;;Up to 432 h (2G) / Up to 444 h (3G);Up to 18 h (2G) / Up to 23 h (3G);Up to 84 h;;;;;
https://www.gsmarena.com/blackberry_classic-6458.php;https://fdn2.gsmarena.com/vv/bigpic/BlackBerry-Classic.jpg;BlackBerry Classic;Released 2014, December;177g, 10.2mm thickness;BlackBerry OS 10.3.1, up to 10.3.2;16GB storage, microSDXC;353;0.9%;5,895,320 hits;"3.5""";720x720 pixels;2 GB RAM;Snapdragon S4 Plus;2515 mAh Li-Ion;GSM 850 / 900 / 1800 / 1900;HSDPA 850 / 1700 / 1900 / 2100 - USA model;1, 2, 4, 5, 7, 13, 17, 25 - USA model;HSPA 42.2/5.76 Mbps, LTE Cat4 150/50 Mbps;2014, June. Released 2014, December;Discontinued;131 x 72.4 x 10.2 mm (5.16 x 2.85 x 0.40 in);177 g (6.24 oz);;Nano-SIM;IPS LCD,;3.5 inches, 38.7 cm(~40.8% screen-to-body ratio);720 x 720 pixels, 1:1 ratio (~294 ppi density);Corning Gorilla Glass 3;BlackBerry OS 10.3.1, upgradable to 10.3.2;Qualcomm MSM8960 Snapdragon S4 Plus;Dual-core 1.5 GHz Krait;Adreno 225;microSDXC (dedicated slot);16GB 2GB RAM;;8 MP, f/2.2, 31mm (standard), AF;LED flash, HDR, panorama;1080p@30fps;2 MP;;Wi-Fi 802.11 a/b/g/n, dual-band, hotspot;4.0, A2DP, EDR, LE;GPS;Yes;FM radio;microUSB 2.0 (SlimPort);Accelerometer, gyro, proximity, compass;Li-Ion 2515 mAh, non-removable;Black, White, Blue, Bronze, Cobalt blue;;;;About 120 EUR;;;Optical trackpad;;Up to 348 h (2G) / Up to 365 h (3G);Up to 11 h 40 min (2G) / Up to 17 h 10 min (3G);Up to 70 h;;;;;
https://www.gsmarena.com/blackberry_z3-6163.php;https://fdn2.gsmarena.com/vv/bigpic/blackberry-z3-new.jpg;BlackBerry Z3;Released 2014, May;164g, 9.3mm thickness;BlackBerry OS 10.2.1, up to 10.3.1;8GB storage, microSDHC;252;0.3%;13,269,245 hits;"5.0""";540x960 pixels;1.5 GB RAM;Snapdragon 400;2500 mAh Li-Ion;GSM 850 / 900 / 1800 / 1900;HSDPA 900 / 1900 / 2100;;HSPA;2014, February. Released 2014, May;Discontinued;140 x 72.8 x 9.3 mm (5.51 x 2.87 x 0.37 in);164 g (5.78 oz);Glass front, plastic back, plastic frame;Micro-SIM;IPS LCD;5.0 inches, 68.9 cm(~67.6% screen-to-body ratio);540 x 960 pixels, 16:9 ratio (~220 ppi density);;BlackBerry OS 10.2.1, upgradable to 10.3.1;Qualcomm MSM8230 Snapdragon 400 (28 nm);Dual-core 1.2 GHz Krait 200;Adreno 305;microSDHC (dedicated slot);8GB 1.5GB RAM;eMMC 4.5;5 MP, f/2.4, 30mm (standard), AF;LED flash, HDR, panorama;1080p@30fps;1.1 MP;720p;Wi-Fi 802.11 b/g/n, hotspot;4.0, A2DP, LE;GPS;No;FM radio;microUSB 2.0;Accelerometer, proximity;Li-Ion 2500 mAh, non-removable;Black;;;;About 90 EUR;;;;;Up to 384 h;Up to 15 h 30 min;Up to 84 h;;;;;
https://www.gsmarena.com/blackberry_porsche_design_p_9982-5856.php;https://fdn2.gsmarena.com/vv/bigpic/BlackBerry-Porsche-Design-P9982.jpg;BlackBerry Porsche Design P'9982;Released 2013, December;140g, 9.5mm thickness;BlackBerry OS 10.2, up to 10.2.1;64GB storage, microSDXC;104;0.2%;1,717,835 hits;"4.2""";768x1280 pixels;2 GB RAM;Snapdragon S4 Pro;1800 mAh Li-Ion;GSM 850 / 900 / 1800 / 1900;HSDPA 850 / 900 / 2100;3, 7, 8, 20;HSPA 21.1/5.76 Mbps, LTE;2013, November. Released 2013, December;Discontinued;131 x 65.6 x 9.5 mm (5.16 x 2.58 x 0.37 in);140 g (4.94 oz);;Micro-SIM;IPS LCD;4.2 inches, 50.2 cm(~58.4% screen-to-body ratio);768 x 1280 pixels, 5:3 ratio (~355 ppi density);;BlackBerry OS 10.2, upgradable to 10.2.1;Qualcomm MSM8960T Snapdragon S4 Pro;Dual-core 1.5 GHz Krait;Adreno 225;microSDXC (dedicated slot);64GB 2GB RAM;;8 MP, AF;LED flash, HDR;1080p@30fps;2 MP;720p@30fps;Wi-Fi 802.11 a/b/g/n, dual-band, DLNA, hotspot;4.0, A2DP, LE;GPS;Yes;No;microUSB 2.0;Accelerometer, gyro, proximity, compass;Li-Ion 1800 mAh, removable;Silver;;;;About 390 EUR;;;Stainless steel body and leather-covered rear panelLimited edition with crocodile leather (500 units);;Up to 240 h;Up to 8 h (2G) / Up to 9 h (3G);;;HDMI portBlackBerry mapsOrganizerDocument viewerPhoto viewer/editorVideo editorMP3/WMA/WAV/eAAC+/FlAC playerDivX/XviD/MP4/WMV/H.264 playerVoice memo/dialPredictive text input;;;
https://www.gsmarena.com/blackberry_z30-5711.php;https://fdn2.gsmarena.com/vv/bigpic/blackberry-z30.jpg;BlackBerry Z30;Released 2013, October;170g, 9.4mm thickness;BlackBerry OS 10.2, up to 10.3.1;16GB storage, microSDXC;421;0.4%;8,093,922 hits;"5.0""";720x1280 pixels;2 GB RAM;Snapdragon S4 Pro;2880 mAh Li-Ion;GSM 850 / 900 / 1800 / 1900;HSDPA 850 / 900 / 1900 / 2100 / 800;1, 3, 7, 8, 20;HSPA, LTE;2013, September. Released 2013, October;Discontinued;140.7 x 72 x 9.4 mm (5.54 x 2.83 x 0.37 in);170 g (6.00 oz);;Micro-SIM;Super AMOLED;5.0 inches, 68.9 cm(~68.0% screen-to-body ratio);720 x 1280 pixels, 16:9 ratio (~294 ppi density);;BlackBerry OS 10.2, upgradable to 10.3.1;Qualcomm MSM8960T Snapdragon S4 Pro;Dual-core 1.7 GHz Krait;Adreno 320;microSDXC (dedicated slot);16GB 2GB RAM;;8 MP, f/2.2, 31mm (standard), AF;LED flash, HDR, panorama;1080p@30fps;2 MP;720p@30fps;Wi-Fi 802.11 a/b/g/n, dual-band, Wi-Fi Direct, hotspot;4.0, A2DP, LE;GPS, GLONASS;Yes;FM radio (after SW upgrade);microUSB 2.0, OTG;Accelerometer, gyro, proximity, compass;Li-Ion 2880 mAh, non-removable;Black;;;;About 140 EUR;;;;;Up to 384 h (3G);Up to 25 h (2G) / Up to 18 h (3G);;;HDMI port;;;
https://www.gsmarena.com/blackberry_9720-5625.php;https://fdn2.gsmarena.com/vv/bigpic/blackberry-9720.jpg;BlackBerry 9720;Released 2013, August;120g, 12mm thickness;BlackBerry OS 7.1;512MB ROM storage, microSDHC slot;61;0.3%;3,563,766 hits;"2.8""";480x360 pixels;512 MB RAM;;1450 mAh Li-Ion;GSM 850 / 900 / 1800 / 1900;HSDPA 850 / 900 / 1900 / 2100;;HSPA 7.2/5.76 Mbps;2013, August. Released 2013, August;Discontinued;114 x 66 x 12 mm (4.49 x 2.60 x 0.47 in);120 g (4.23 oz);;Mini-SIM;IPS LCD;2.8 inches, 24.3 cm(~32.3% screen-to-body ratio);480 x 360 pixels, 4:3 ratio (~214 ppi density);;BlackBerry OS 7.1;;806 MHz Tavor MG1;;microSDHC (dedicated slot);512MB ROM, 512MB RAM;;5 MP;LED flash;480p@30fps;No;;Wi-Fi 802.11 b/g/n, hotspot;2.1, A2DP, EDR;GPS;No;Stereo FM radio, RDS;microUSB 2.0;Accelerometer, proximity;Li-Ion 1450 mAh, removable;Black, White, Purple, Blue, Pure Pink;;;1.10 W/kg (head);About 130 EUR;;;Optical trackpad;;Up to 432 h;Up to 7 h;Up to 30 h;;BBM keyMP3/eAAC+/WMA/WAV/Flac playerMP4/H.264/WMV playerOrganizerDocument viewerVoice memo/dialPredictive text input;;;
https://www.gsmarena.com/blackberry_q5-5452.php;https://fdn2.gsmarena.com/vv/bigpic/blackberry-q5.jpg;BlackBerry Q5;Released 2013, June;120g, 10.8mm thickness;BlackBerry OS 10.2, up to 10.3.1;8GB storage, microSDHC;200;0.4%;7,697,613 hits;"3.1""";720x720 pixels;2 GB RAM;Snapdragon S4 Plus;2180 mAh Li-Ion;GSM 850 / 900 / 1800 / 1900 - all versions;HSDPA 800 / 850 / 1700 / 1900 / 2100 - SQR100-1;2, 4, 5, 17 - SQR100-1;HSPA 42.2/5.76 Mbps, LTE Cat3 100/50 Mbps;2013, May. Released 2013, June;Discontinued;120 x 66 x 10.8 mm (4.72 x 2.60 x 0.43 in);120 g (4.23 oz);;Micro-SIM;IPS LCD;3.1 inches, 31.0 cm(~39.1% screen-to-body ratio);720 x 720 pixels, 1:1 ratio (~328 ppi density);;BlackBerry OS 10.2, upgradable to 10.3.1;Qualcomm MSM8960 Snapdragon S4 Plus;Dual-core 1.2 GHz Krait;Adreno 225;microSDHC (dedicated slot);8GB 2GB RAM;;5 MP, f/2.4, 30mm (standard), AF;LED flash, HDR, panorama;1080p@30fps;2 MP;720p;Wi-Fi 802.11 b/g/n, hotspot;4.0, A2DP, LE;GPS;Yes (market dependent);FM radio (after SW upgrade);microUSB 2.0;Accelerometer, gyro, proximity, compass;Li-Ion 2180 mAh, non-removable;Black, White, Red, Gray, Pink;;1.33 W/kg (head)     0.85 W/kg (body);1.38 W/kg (head)     0.85 W/kg (body);About 70 EUR;;;;;Up to 336 h (3G);Up to 12 h 30 min (3G);;;;;;
https://www.gsmarena.com/blackberry_z10-5251.php;https://fdn2.gsmarena.com/vv/bigpic/blackberry-z10-ofic.jpg;BlackBerry Z10;Released 2013, January;137.5g, 9mm thickness;BlackBerry OS 10, up to 10.3.1;16GB storage, microSDXC;1077;0.9%;26,616,400 hits;"4.2""";768x1280 pixels;2 GB RAM;Snapdragon S4 Plus;1800 mAh Li-Ion;GSM 850 / 900 / 1800 / 1900 - all versions;HSDPA 850 / 900 / 1900 / 2100 - STL100-1;3, 7, 8, 20 - STL100-2;HSPA 21.1/5.76 Mbps, LTE, EV-DO Rev.A 3.1 Mbps;2013, January. Released 2013, January;Discontinued;130 x 65.6 x 9 mm (5.12 x 2.58 x 0.35 in);137.5 g (4.83 oz);Glass front, plastic back, plastic frame;Micro-SIM;TFT;4.2 inches, 50.2 cm(~58.9% screen-to-body ratio);768 x 1280 pixels, 5:3 ratio (~355 ppi density);;BlackBerry OS 10, upgradable to 10.3.1;Qualcomm MSM8960 Snapdragon S4 Plus;Dual-core 1.5 GHz Krait;Adreno 225;microSDXC (dedicated slot);16GB 2GB RAM;;8 MP, f/2.2, 31mm (standard), AF;LED flash, HDR, panorama;1080p@30fps;2 MP;720p@30fps;Wi-Fi 802.11 a/b/g/n, dual-band, DLNA, hotspot;4.0, A2DP, LE;GPS;Yes;No;microUSB 2.0;Accelerometer, gyro, proximity, compass;Li-Ion 1800 mAh, removable;Black, White;;1.07 W/kg (head)     1.07 W/kg (body);0.87 W/kg (head)     0.99 W/kg (body);About 120 EUR;;;;;Up to 312 h;Up to 10 h;;;HDMI port;;;
https://www.gsmarena.com/blackberry_q10-5274.php;https://fdn2.gsmarena.com/vv/bigpic/blackberry-q10.jpg;BlackBerry Q10;Released 2013, April;139g, 10.4mm thickness;BlackBerry OS 10, up to 10.3.1;16GB storage, microSDXC;647;0.7%;11,887,280 hits;"3.1""";720x720 pixels;2 GB RAM;Snapdragon S4;2100 mAh Li-Ion;GSM 850 / 900 / 1800 / 1900 - all versions;HSDPA 850 / 1900 / 2100 - SQN100-1;2, 4, 5, 17 - SQN100-1, SQN100-5;EV-DO Rev.A 3.1 Mbps, HSPA, LTE (market dependent);2013, January. Released 2013, April;Discontinued;119.6 x 66.8 x 10.4 mm (4.71 x 2.63 x 0.41 in);139 g (4.90 oz);Glass front, plastic back, plastic frame;Micro-SIM;Super AMOLED;3.1 inches, 31.0 cm(~38.8% screen-to-body ratio);720 x 720 pixels, 1:1 ratio (~328 ppi density);;BlackBerry OS 10, upgradable to 10.3.1;Snapdragon S4 (LTE version)/ TI OMAP 4470 (Non-LTE);Dual-core 1.5 GHz Krait (LTE version)/ Cortex-A9 (Non-LTE);Adreno 225  (LTE version)/ PowerVR SGX544 (Non-LTE);microSDXC (dedicated slot);16GB 2GB RAM;;8 MP, f/2.2, 31mm (standard), AF;LED flash, HDR, panorama;1080p@30fps;2 MP;720p;Wi-Fi 802.11 a/b/g/n, dual band, hotspot;4.0, A2DP;GPS;Yes;FM radio (after SW upgrade);microUSB 2.0;Accelerometer, gyro, proximity, compass;Li-Ion 2100 mAh, removable;Black, White;;1.16 W/kg (head)     0.75 W/kg (body);1.41 W/kg (head)     0.78 W/kg (body);About 110 EUR;;;;;Up to 360 h (3G);Up to 10 h (2G) / Up to 13 h 30 min (3G);;;HDMI port;;;
https://www.gsmarena.com/blackberry_4g_lte_playbook-3846.php;https://fdn2.gsmarena.com/vv/bigpic/blackberry-playbook-4g-lte.jpg;BlackBerry 4G LTE Playbook;Released 2012, August;425g, 10mm thickness;BlackBerry Tablet 2.0;32GB storage, no card slot;44;0.1%;1,599,700 hits;"7.0""";600x1024 pixels;1 GB RAM;;;;HSDPA 900 / 1700 / 1900 / 2100 / 800;4, 17;HSPA, LTE;2012, August. Released 2012, August;Discontinued;194 x 130 x 10 mm (7.64 x 5.12 x 0.39 in);425 g (14.99 oz);;No;TFT;7.0 inches, 137.9 cm(~54.7% screen-to-body ratio);600 x 1024 pixels, 16:9 ratio (~170 ppi density);;BlackBerry Tablet 2.0;;Dual-core 1.5 GHz;;No;32GB 1GB RAM;;5 MP, AF;;1080p@30fps;3 MP;;Wi-Fi 802.11 a/b/g/n, dual-band;3.1, A2DP, EDR;GPS, A-GPS;;No;microUSB 2.0;Accelerometer, gyro, compass;Non-removable Li-Po battery;Black;;;;About 470 EUR;;;;;;;;;Micro HDMI portDocument viewer/editorBlackBerry BridgeMedia player MP3/WMA/AAC+Video player DivX/WMV/XviD/3gpOrganizerPredictive text input;;;
https://www.gsmarena.com/blackberry_curve_9320-4458.php;https://fdn2.gsmarena.com/vv/bigpic/blackberry-curve-9320.jpg;BlackBerry Curve 9320;Released 2012, May;103g, 12.7mm thickness;BlackBerry OS 7.1;512MB ROM storage, microSDHC slot;116;0.3%;8,831,062 hits;"2.44""";320x240 pixels;512 MB RAM;;1450 mAh Li-Ion;GSM 850 / 900 / 1800 / 1900;HSDPA;;HSPA 7.2/5.76 Mbps;2012, May. Released 2012, May;Discontinued;109 x 60 x 12.7 mm (4.29 x 2.36 x 0.5 in);103 g (3.63 oz);;Mini-SIM;TFT, 65K colors;2.44 inches, 18.4 cm(~28.2% screen-to-body ratio);320 x 240 pixels, 4:3 ratio (~164 ppi density);;BlackBerry OS 7.1;;;;microSDHC (dedicated slot);512MB ROM, 512MB RAM;;3.15 MP;LED flash;Yes;No;;Wi-Fi 802.11 b/g/n;2.1, A2DP;GPS, A-GPS;;Stereo FM radio, RDS;microUSB 2.0;Accelerometer, proximity, compass;Removable Li-Ion 1450 mAh battery;Black, White;;1.56 W/kg (head)     0.75 W/kg (body);1.24 W/kg (head)     0.72 W/kg (body);About 110 EUR;;;Optical trackpad;;Up to 432 h;Up to 7 h;Up to 30 h;;BBM keyMP3/eAAC+/WMA/WAV/Flac playerMP4/H.264/WMV playerOrganizerDocument viewerVoice memo/dialPredictive text input;Yes;Yes;
https://www.gsmarena.com/blackberry_curve_9220-4459.php;https://fdn2.gsmarena.com/vv/bigpic/blackberry-curve-9220-ofic.jpg;BlackBerry Curve 9220;Released 2012, May;102g, 12.7mm thickness;BlackBerry OS 7.1;512MB ROM storage, microSDHC slot;59;0.1%;6,030,688 hits;"2.44""";320x240 pixels;512 MB RAM;;1450 mAh Li-Ion;GSM 850 / 900 / 1800 / 1900;;;;2012, April. Released 2012, May;Discontinued;109 x 60 x 12.7 mm;102 g (3.49 oz);;Mini-SIM;TFT, 65K colors;2.44 inches, 18.4 cm(~28.2% screen-to-body ratio);320 x 240 pixels, 4:3 ratio (~164 ppi density);;BlackBerry OS 7.1;;;;microSDHC (dedicated slot);512MB ROM, 512MB RAM;;2 MP;;Yes;No;;Wi-Fi 802.11 b/g/n;2.1, A2DP;No;;Stereo FM radio, RDS;microUSB 2.0;Accelerometer, proximity, compass;Removable Li-Ion 1450 mAh battery (J-S1);Black, Fuchsia Pink, Pure White, Teal Blue;;1.31 W/kg (head)     0.61 W/kg (body);1.61 W/kg (head)     1.01 W/kg (body);About 80 EUR;;;Optical trackpad;;Up to 432 h;Up to 7 h;Up to 28 h;;MP3/eAAC+/WMA/WAV/FLAC playerMP4/H.264 playerOrganizerDocument viewerVoice memo/dialPredictive text input;Yes;Yes;
https://www.gsmarena.com/blackberry_curve_9380-4331.php;https://fdn2.gsmarena.com/vv/bigpic/blackberry-curve-9380.jpg;BlackBerry Curve 9380;Released 2011, December;98g, 11.2mm thickness;BlackBerry OS 7.0;512MB 512MB RAM storage, microSDHC slot;56;0.1%;5,058,217 hits;"3.2""";360x480 pixels;512 MB RAM;;;GSM 850 / 900 / 1800 / 1900;HSDPA 850 / 1900 / 2100;;HSPA;2011, November. Released 2011, December;Discontinued;109 x 60 x 11.2 mm (4.29 x 2.36 x 0.44 in);98 g (3.46 oz);;Mini-SIM;TFT;3.2 inches, 31.7 cm(~48.5% screen-to-body ratio);360 x 480 pixels, 4:3 ratio (~188 ppi density);;BlackBerry OS 7.0;;806 MHz;;microSDHC (dedicated slot);512MB 512MB RAM;;5 MP;LED flash;480p;No;;Wi-Fi 802.11 b/g/n, UMA (carrier-dependent);2.1, A2DP, EDR;GPS, A-GPS;Carrier dependent;No;microUSB 2.0;Proximity;Removable Li-Ion battery (JM-1);Black;;1.38 W/kg (head)     0.77 W/kg (body);1.09 W/kg (head)     0.59 W/kg (body);About 120 EUR;;;Optical trackpad;;Up to 360 h (2G) / Up to 360 h (3G);Up to 5 h 30 min (2G) / Up to 5 h 40 min (3G);Up to 30 h;;MP3/eAAC+/WMA/WAV/FLACplayerMP4/H.264/WMV playerOrganizerDocument viewerVoice memo/dialPredictive text input;;;
https://www.gsmarena.com/blackberry_bold_9790-4332.php;https://fdn2.gsmarena.com/vv/bigpic/blackberry-bold-9790.jpg;BlackBerry Bold 9790;Released 2011, December;107g, 11.4mm thickness;BlackBerry OS 7.0;8GB storage, microSDHC;104;0.3%;8,499,402 hits;"2.45""";480x360 pixels;768 MB RAM;;1230 mAh Li-Ion;GSM 850 / 900 / 1800 / 1900;HSDPA 850 / 1900 / 2100 / 800;;HSPA 7.2/5.76 Mbps;2011, November. Released 2011, December;Discontinued;110 x 60 x 11.4 mm (4.33 x 2.36 x 0.45 in);107 g (3.77 oz);;Mini-SIM;TFT;2.45 inches, 18.6 cm(~28.2% screen-to-body ratio);480 x 360 pixels, 4:3 ratio (~245 ppi density);;BlackBerry OS 7.0;;Marvel Tavor MG1 1.0 GHz;;microSDHC (dedicated slot);8GB 768MB RAM;;5 MP, AF;LED flash;480p;No;;Wi-Fi 802.11 a/b/g/n, dual-band;2.1, A2DP, EDR;GPS, A-GPS;Carrier dependent;No;microUSB 2.0;;Removable Li-Ion 1230 mAh battery (JM-1);Black, White;;1.35 W/kg (head)     0.81 W/kg (body);1.56 W/kg (head)     0.84 W/kg (body);About 130 EUR;;;Optical trackpad;;Up to 432 h (2G) / Up to 408 h (3G);Up to 5 h 10 min (2G) / Up to 5 h 20 min (3G);Up to 33 h;;;;;
https://www.gsmarena.com/blackberry_porsche_design_p_9981-4288.php;https://fdn2.gsmarena.com/vv/bigpic/blackberry-porsche-design-p9981.jpg;BlackBerry Porsche Design P'9981;Released 2011, December;155g, 11.3mm thickness;BlackBerry OS 7.0;8GB storage, microSDHC;78;0.2%;3,996,410 hits;"2.8""";640x480 pixels;768 MB RAM;Snapdragon S2;1230 mAh Li-Ion;GSM 850 / 900 / 1800 / 1900;HSDPA 850 / 1900 / 2100;;HSPA 14.4/5.76 Mbps;2011, October. Released 2011, December;Discontinued;115 x 67 x 11.3 mm (4.53 x 2.64 x 0.44 in);155 g (5.47 oz);;Mini-SIM;TFT;2.8 inches, 24.3 cm(~31.5% screen-to-body ratio);640 x 480 pixels, 4:3 ratio (~286 ppi density);;BlackBerry OS 7.0;Qualcomm MSM8655 Snapdragon S2;1.2 GHz;Adreno 205;microSDHC (dedicated slot);8GB 768MB RAM;;5 MP, AF;LED flash;720p;No;;Wi-Fi 802.11 b/g/n;2.1, A2DP, EDR;GPS, A-GPS;Yes;No;microUSB 2.0;Accelerometer, proximity, compass;Removable Li-Ion 1230 mAh battery;Gray, Black;;0.70 W/kg (head)     1.35 W/kg (body);0.60 W/kg (head)     1.39 W/kg (body);About 800 EUR;;;Optical trackpad;;Up to 348 h;Up to 5 h 30 min;;;MP3/eAAC+/Flac/WAV playerMP4/H.264 playerOrganizerDocument viewerVoice memo/dialPredictive text input;;;
https://www.gsmarena.com/blackberry_curve_9370-4112.php;https://fdn2.gsmarena.com/vv/bigpic/blackberry-curve-9350-9360-9370.jpg;BlackBerry Curve 9370;Released 2011, September;99g, 11mm thickness;BlackBerry OS 7.0;1GB 512MB RAM storage, microSDHC slot;28;0.1%;1,880,127 hits;"2.44""";480x360 pixels;512 MB RAM;;1000 mAh Li-Ion;CDMA 800 / 1900;CDMA2000 1xEV-DO;;EV-DO Rev.A 3.1 Mbps;2011, August. Released 2011, September;Discontinued;109 x 60 x 11 mm (4.29 x 2.36 x 0.43 in);99 g (3.49 oz);;Mini-SIM;TFT;2.44 inches, 18.4 cm(~28.2% screen-to-body ratio);480 x 360 pixels, 4:3 ratio (~246 ppi density);;BlackBerry OS 7.0;;800 MHz;;microSDHC (dedicated slot);1GB 512MB RAM;;5 MP;LED flash;480p;No;;Wi-Fi 802.11 b/g/n;2.1, A2DP;GPS, A-GPS;Yes;No;microUSB 2.0;;Removable Li-Ion 1000 mAh battery;Black;;1.51 W/kg (head)     1.00 W/kg (body);0.65 W/kg (head)     0.48 W/kg (body);About 90 EUR;;;Optical trackpad;;Up to 348 h;Up to 5 h 30 min;Up to 45 h;;MP3/eAAC+/WMA/WAV/Flac playerMP4/H.264/WMV playerOrganizerDocument viewerVoice memo/dialPredictive text input;;;
https://www.gsmarena.com/blackberry_curve_9360-3722.php;https://fdn2.gsmarena.com/vv/bigpic/blackberry-curve-9350-9360-9370.jpg;BlackBerry Curve 9360;Released 2011, August;99g, 11mm thickness;BlackBerry OS 7.0;512MB 512MB RAM storage, microSDHC slot;64;0.1%;8,137,321 hits;"2.44""";480x360 pixels;512 MB RAM;;1000 mAh Li-Ion;GSM 850 / 900 / 1800 / 1900;HSDPA 850 / 1900 / 2100;;HSPA 7.2/2 Mbps;2011, August. Released 2011, August;Discontinued;109 x 60 x 11 mm (4.29 x 2.36 x 0.43 in);99 g (3.49 oz);;Mini-SIM;TFT;2.44 inches, 18.4 cm(~28.2% screen-to-body ratio);480 x 360 pixels, 4:3 ratio (~246 ppi density);;BlackBerry OS 7.0;;800MHz;;microSDHC (dedicated slot);512MB 512MB RAM;;5 MP;LED flash;480p;No;;Wi-Fi 802.11 b/g/n, UMA (carrier-dependent);2.1, A2DP;GPS, A-GPS;Yes;No;microUSB 2.0;;Removable Li-Ion 1000 mAh battery;Black, Purple, Pink;;1.42 W/kg (head)     1.06 W/kg (body);1.22 W/kg (head)     0.62 W/kg (body);About 90 EUR;;;Optical trackpad;;Up to 336 h (2G) / Up to 288 h (3G);Up to 5 h (2G) / Up to 5 h (3G);Up to 25 h;;MP3/eAAC+/WMA/WAV/FLAC playerMP4/H.264/WMV playerOrganizerDocument viewerVoice memo/dialPredictive text input;;;
https://www.gsmarena.com/blackberry_curve_9350-3756.php;https://fdn2.gsmarena.com/vv/bigpic/blackberry-curve-9350-9360-9370.jpg;BlackBerry Curve 9350;Released 2011, September;99g, 11mm thickness;BlackBerry OS 7.0;512MB ROM storage, microSDHC slot;22;0.1%;1,400,580 hits;"2.44""";480x360 pixels;512 MB RAM;;1000 mAh Li-Ion;CDMA 800 / 1900;CDMA2000 1xEV-DO;;EV-DO Rev.A 3.1 Mbps;2011, August. Released 2011, September;Discontinued;109 x 60 x 11 mm (4.29 x 2.36 x 0.43 in);99 g (3.49 oz);;Mini-SIM;TFT;2.44 inches, 18.4 cm(~28.2% screen-to-body ratio);480 x 360 pixels, 4:3 ratio (~246 ppi density);;BlackBerry OS 7.0;;800 MHz;;microSDHC (dedicated slot);512MB ROM, 512MB RAM;;5 MP;LED flash;480p;No;;Wi-Fi 802.11 b/g/n;2.1, A2DP;GPS, A-GPS;Yes;No;microUSB 2.0;;Removable Li-Ion 1000 mAh battery;Black, Violet;;0.96 W/kg (head)     0.83 W/kg (body);;About 50 EUR;;;;;Up to 348 h;Up to 5 h 30 min;Up to 45 h;;MP3/eAAC+/WMA/WAV/Flac playerMP4/H.264/WMV playerOrganizerDocument viewerVoice memo/dialPredictive text input;;;
https://www.gsmarena.com/blackberry_torch_9810-3723.php;https://fdn2.gsmarena.com/vv/bigpic/bb-torch-9810-new.jpg;BlackBerry Torch 9810;Released 2011, August;161g, 14.6mm thickness;BlackBerry OS 7.0;8GB storage, microSDHC;83;0.2%;5,552,242 hits;"3.2""";480x640 pixels;768 MB RAM;;1270 mAh Li-Ion;GSM 850 / 900 / 1800 / 1900;HSDPA 850 / 1900 / 2100;;HSPA 14.4/5.76 Mbps;2011, August. Released 2011, August;Discontinued;111 x 62 x 14.6 mm (4.37 x 2.44 x 0.57 in);161 g (5.68 oz);;Mini-SIM;TFT;3.2 inches, 31.7 cm(~46.1% screen-to-body ratio);480 x 640 pixels, 4:3 ratio (~250 ppi density);;BlackBerry OS 7.0;;1.2 GHz;;microSDHC (dedicated slot);8GB 768MB RAM;;5 MP, AF;LED flash;720p;No;;Wi-Fi 802.11 b/g/n, UMA (carrier-dependent);2.1, A2DP;GPS, A-GPS;;No;microUSB 2.0;Proximity, compass;Removable Li-Ion 1270 mAh battery;Black, Gray;;1.44 W/kg (head)     0.94 W/kg (body);0.97 W/kg (head)     0.74 W/kg (body);About 120 EUR;;;;;Up to 308 h (2G) / Up to 300 h (3G);Up to 6 h 30 min (2G) / Up to 5 h 50 min (3G);Up to 54 h;;Document viewer (Word, Excel, PowerPoint)MP3/WMA/WAV/eAAC+ playerDivX/XviD/MP4/WMV/H.264 playerOrganizerVoice memo/dialPredictive text input;;;
https://www.gsmarena.com/blackberry_torch_9860-3926.php;https://fdn2.gsmarena.com/vv/bigpic/bb-torch-9860-new.jpg;BlackBerry Torch 9860;Released 2011, September;135g, 11.5mm thickness;BlackBerry OS 7;4GB 768MB RAM storage, microSDHC slot;62;0.1%;5,782,453 hits;"3.7""";480x800 pixels;768 MB RAM;;1230 mAh Li-Ion;GSM 850 / 900 / 1800 / 1900;HSDPA 900 / 1700 / 2100;;HSPA 14.4/5.76 Mbps;2011, August. Released 2011, September;Discontinued;120 x 62 x 11.5 mm (4.72 x 2.44 x 0.45 in);135 g (4.76 oz);;Mini-SIM;TFT;3.7 inches, 39.0 cm(~52.4% screen-to-body ratio);480 x 800 pixels, 5:3 ratio (~252 ppi density);;BlackBerry OS 7;;1.2 GHz QC 8655;;microSDHC (dedicated slot);4GB 768MB RAM;;5 MP, AF;LED flash;720p;No;;Wi-Fi 802.11 b/g/n;2.1, A2DP;GPS, A-GPS;;No;microUSB 2.0;Accelerometer, proximity, compass;Removable Li-Ion 1230 mAh battery;Black;;1.12 W/kg (head)     0.86 W/kg (body);0.82 W/kg (head)     0.45 W/kg (body);About 130 EUR;;;Optical trackpad;;Up to 330 h (2G) / Up to 320 h (3G);Up to 4 h 40 min (2G) / Up to 6 h 50 min (3G);Up to 44 h;;Social feedsBlackBerry mapsDocument viewerMP3/WMA/WAV/eAAC+/FlAC playerDivX/XviD/MP4/WMV/H.264 playerOrganizerVoice memo/dial;;;
https://www.gsmarena.com/blackberry_torch_9850-4088.php;https://fdn2.gsmarena.com/vv/bigpic/BlackBerry-Torch-9850.jpg;BlackBerry Torch 9850;Released 2011, August;135g, 11.5mm thickness;BlackBerry OS 7;4GB 768MB RAM storage, microSDHC slot;20;0.1%;2,060,981 hits;"3.7""";480x800 pixels;768 MB RAM;Snapdragon S2;1230 mAh Li-Ion;CDMA 800 / 1900;HSDPA 2100;;HSPA 14.4/5.76 Mbps, EV-DO Rev A 3.1 Mbps;2011, August. Released 2011, August;Discontinued;120 x 62 x 11.5 mm (4.72 x 2.44 x 0.45 in);135 g (4.76 oz);;Mini-SIM;TFT;3.7 inches, 39.0 cm(~52.4% screen-to-body ratio);480 x 800 pixels, 5:3 ratio (~252 ppi density);;BlackBerry OS 7;Qualcomm MSM8655 Snapdragon S2;1.2 GHz Scorpion;Adreno 205;microSDHC (dedicated slot);4GB 768MB RAM;;5 MP, AF;LED flash;720p;No;;Wi-Fi 802.11 b/g/n;2.1, A2DP, EDR;GPS, A-GPS;;No;microUSB 2.0;Accelerometer, proximity, compass;Removable Li-Ion 1230 mAh battery;Black;;0.90 W/kg (head)     0.66 W/kg (body);0.76 W/kg (head)     0.43 W/kg (body);About 130 EUR;;;;;Up to 320 h;Up to 6 h 50 min;Up to 50 h;;Social feedsBlackBerry mapsDocument viewerMP3/WMA/eAAC+/FlAC playerDivX/XviD/MP4/WMV/H.264OrganizerVoice memo/dialPredictive test input;;;
https://www.gsmarena.com/blackberry_bold_touch_9900-3116.php;https://fdn2.gsmarena.com/vv/bigpic/blackberry-bold-touch-9900.jpg;BlackBerry Bold Touch 9900;Released 2011, August;130g, 10.5mm thickness;BlackBerry OS 7.0;8GB storage, microSDHC;224;0.6%;12,430,995 hits;"2.8""";640x480 pixels;768 MB RAM;;1230 mAh Li-Ion;GSM 850 / 900 / 1800 / 1900;HSDPA 850 / 1900 / 2100 / 800;;HSPA 14.4/5.76 Mbps;2011, May. Released 2011, August;Discontinued;115 x 66 x 10.5 mm (4.53 x 2.60 x 0.41 in);130 g (4.59 oz);;Mini-SIM;TFT;2.8 inches, 24.3 cm(~32.0% screen-to-body ratio);640 x 480 pixels, 4:3 ratio (~286 ppi density);;BlackBerry OS 7.0;;1.2 GHz QC 8655;;microSDHC (dedicated slot);8GB 768MB RAM;;5 MP;LED flash;720p;No;;Wi-Fi 802.11 b/g/n;2.1, A2DP, EDR;GPS, A-GPS, BlackBerry Maps;Yes;No;microUSB 2.0;Proximity, compass;Removable Li-Ion 1230 mAh battery;Black, White;;1.19 W/kg (head)     1.03 W/kg (body);0.76 W/kg (head)     0.90 W/kg (body);About 140 EUR;;;;;Up to 307 h (2G) / Up to 307 h (3G);Up to 6 h 30 min (2G) / Up to 5 h 50 min (3G);Up to 50 h;;;;;
https://www.gsmarena.com/blackberry_bold_touch_9930-3755.php;https://fdn2.gsmarena.com/vv/bigpic/blackberry-bold-touch-9900.jpg;BlackBerry Bold Touch 9930;Released 2011, August;130g, 10.5mm thickness;BlackBerry OS 7.0;8GB storage, microSDHC;40;0.1%;3,439,983 hits;"2.8""";640x480 pixels;768 MB RAM;;1230 mAh Li-Ion;GSM 850 / 900 / 1800 / 1900;HSDPA 900 / 2100;;HSPA 14.4/5.76 Mbps, EV-DO Rev.A 3.1 Mbps;2011, May. Released 2011, August;Discontinued;115 x 66 x 10.5 mm (4.53 x 2.60 x 0.41 in);130 g (4.59 oz);;Mini-SIM;TFT;2.8 inches, 24.3 cm(~32.0% screen-to-body ratio);640 x 480 pixels, 4:3 ratio (~286 ppi density);;BlackBerry OS 7.0;;1.2 GHz QC 8655;;microSDHC (dedicated slot);8GB 768MB RAM;;5 MP;LED flash;720p;No;;Wi-Fi 802.11 b/g/n;2.1, A2DP, EDR;GPS, A-GPS, BlackBerry Maps;Yes;No;microUSB 2.0;Accelerometer, proximity, compass;Removable Li-Ion 1230 mAh battery;Black;;1.38 W/kg (head)     0.78 W/kg (body);0.77 W/kg (head)     0.84 W/kg (body);About 120 EUR;;;Optical trackpad;;Up to 307 h (2G) / Up to 307 h (3G);Up to 6 h 40 min (2G) / Up to 5 h 50 min (3G);Up to 50 h;;BlackBerry mapsDocument viewerMP4/WMV/H.264 playerMP3/eAAC+/WMA/WAV playerOrganizerVoice memo/dialPredictive text input;;;
https://www.gsmarena.com/blackberry_4g_playbook_hspa+-3900.php;https://fdn2.gsmarena.com/vv/bigpic/blackberry-playbook.jpg;BlackBerry 4G Playbook HSPA+;Released 2011, February;425g, 10mm thickness;BlackBerry Tablet OS;16GB/32GB/64GB storage, no card slot;20;N/A;1,156,897 hits;"7.0""";600x1024 pixels;1 GB RAM;TI OMAP 4430;5300 mAh Li-Po;GSM 850 / 900 / 1800 / 1900;HSDPA 900 / 1900 / 2100;;HSPA 21.1/5.76 Mbps;2011, February;Discontinued;194 x 130 x 10 mm (7.64 x 5.12 x 0.39 in);425 g (14.99 oz);;Mini-SIM;TFT;7.0 inches, 137.9 cm(~54.7% screen-to-body ratio);600 x 1024 pixels, 16:9 ratio (~170 ppi density);;BlackBerry Tablet OS;TI OMAP 4430;Dual-core 1.0 GHz Cortex-A9;PowerVR SGX540;No;16GB 1GB RAM, 32GB 1GB RAM, 64GB 1GB RAM;;5 MP, AF;;1080p@30fps;3 MP;;Wi-Fi 802.11 a/b/g/n, dual-band;2.1, A2DP, EDR;No;;No;microUSB 2.0;Accelerometer;Non-removable Li-Po 5300 mAh battery;Black;;;;;;;;;;;;;Micro HDMI portDocument viewerMedia player MP3/WMA/AAC+Video player DivX/WMV/XviD/3gpOrganizerPredictive text input;;;
https://www.gsmarena.com/blackberry_playbook_wimax-3899.php;https://fdn2.gsmarena.com/vv/bigpic/blackberry-playbook.jpg;BlackBerry Playbook Wimax;Released 2010, September;425g, 10mm thickness;BlackBerry Tablet OS;16GB/32GB/64GB storage, no card slot;16;N/A;510,013 hits;"7.0""";600x1024 pixels;1 GB RAM;TI OMAP 4430;5300 mAh Li-Po;N/A;;;;2010, September;Discontinued;194 x 130 x 10 mm (7.64 x 5.12 x 0.39 in);425 g (14.99 oz);;No;TFT;7.0 inches, 137.9 cm(~54.7% screen-to-body ratio);600 x 1024 pixels, 16:9 ratio (~170 ppi density);;BlackBerry Tablet OS;TI OMAP 4430;Dual-core 1.0 GHz Cortex-A9;PowerVR SGX540;No;16GB 1GB RAM, 32GB 1GB RAM, 64GB 1GB RAM;;5 MP, AF;;1080p@30fps;3 MP;;Wi-Fi 802.11 a/b/g/n, WiMAX 802.16 e, dual-band;2.1, A2DP, EDR;No;;No;microUSB 2.0;Accelerometer;Non-removable Li-Po 5300 mAh battery;Black;;;;;;;;;;;;;Micro HDMI portDocument viewerMedia player MP3/WMA/AAC+Video player DivX/WMV/XviD/3gpOrganizerPredictive text input;No;No;
https://www.gsmarena.com/blackberry_playbook-3830.php;https://fdn2.gsmarena.com/vv/bigpic/blackberry-playbook.jpg;BlackBerry Playbook;Released 2011, April;425g, 10mm thickness;BlackBerry Tablet OS;16GB/32GB/64GB storage, no card slot;65;0.2%;3,120,909 hits;"7.0""";600x1024 pixels;1 GB RAM;TI OMAP 4430;5300 mAh Li-Po;N/A;;;;2010, September. Released 2011, April;Discontinued;194 x 130 x 10 mm (7.64 x 5.12 x 0.39 in);425 g (14.99 oz);;No;TFT;7.0 inches, 137.9 cm(~54.7% screen-to-body ratio);600 x 1024 pixels, 16:9 ratio (~170 ppi density);;BlackBerry Tablet OS;TI OMAP 4430;Dual-core 1.0 GHz Cortex-A9;PowerVR SGX540;No;16GB 1GB RAM, 32GB 1GB RAM, 64GB 1GB RAM;;5 MP, AF;;1080p@30fps;3 MP;1080p@30fps;Wi-Fi 802.11 a/b/g/n, dual-band;2.1, EDR;GPS;;No;microUSB 2.0;Accelerometer, gyro;Non-removable Li-Po 5300 mAh battery;Black;;1.41 W/kg (body);1.69 W/kg (body);About 120 EUR;;;;;;Up to 10 h (multimedia);;;Micro HDMI portDocument viewerMedia player MP3/WMA/AAC+Video player DivX/WMV/XviD/3gpOrganizerPredictive text input;No;No;
https://www.gsmarena.com/blackberry_bold_9780-3431.php;https://fdn2.gsmarena.com/vv/bigpic/blackberry-bold-9780.jpg;BlackBerry Bold 9780;Released 2010, November;122g, 14mm thickness;BlackBerry OS 6.0;256MB 512MB RAM storage, microSDHC slot;100;0.3%;10,510,687 hits;"2.44""";480x360 pixels;512 MB RAM;;1500 mAh Li-Po;GSM 850 / 900 / 1800 / 1900;HSDPA 850 / 1900 / 2100;;HSPA;2010, October. Released 2010, November;Discontinued;109 x 60 x 14 mm (4.29 x 2.36 x 0.55 in);122 g (4.30 oz);;Mini-SIM;TFT, 65K colors;2.44 inches, 18.4 cm(~28.2% screen-to-body ratio);480 x 360 pixels, 4:3 ratio (~246 ppi density);;BlackBerry OS 6.0;;624 MHz;;microSDHC (dedicated slot), 2 GB included;256MB 512MB RAM;;5 MP, AF;LED flash;Yes;No;;Wi-Fi 802.11 b/g, UMA;2.1, A2DP;GPS, A-GPS;;No;microUSB 2.0;;Removable Li-Po 1500 mAh battery;Black, White;;1.41 W/kg (head)     0.82 W/kg (body);1.15 W/kg (head)     0.40 W/kg (body);About 90 EUR;;;Optical trackpad;;Up to 528 h (2G) / Up to 408 h (3G);Up to 6 h (2G) / Up to 6 h (3G);;;BlackBerry mapsDocument editor (Word, Excel, PowerPoint, PDF)Media player MP3/WMA/AAC+Video player DivX/WMV/XviD/3gpOrganizerVoice memo/dialPredictive text input;;;
https://www.gsmarena.com/blackberry_style_9670-3326.php;https://fdn2.gsmarena.com/vv/bigpic/blackberry-style-9670.jpg;BlackBerry Style 9670;Released 2010, November;131g, 18.5mm thickness;BlackBerry OS 6.0;512MB storage, microSDHC slot;34;0.1%;2,618,685 hits;;360x400 pixels; ;;1150 mAh Li-Ion;CDMA 800 / 1900;CDMA2000 1xEV-DO;;EV-DO Rev.A 3.1 Mbps;2010, October. Released 2010, November;Discontinued;96 x 60 x 18.5 mm (3.78 x 2.36 x 0.73 in);131 g (4.62 oz);;Mini-SIM;TFT, 65K colors;;360 x 400 pixels;;BlackBerry OS 6.0;;;;microSDHC (dedicated slot), 8 GB included;512MB;;5 MP, AF;LED flash;480p;No;;Wi-Fi 802.11 b/g/n;2.1, A2DP;GPS, A-GPS;;No;microUSB 2.0;;Removable Li-Ion 1150 mAh battery;Steel Grey, Royal Purple;;0.97 W/kg (head)     0.43 W/kg (body);;About 50 EUR;;;Optical trackpad;;Up to 264 h;Up to 4 h 30 min;Up to 14 h;External QVGA display;BlackBerry mapsDocument editor (Word, Excel, PowerPoint, PDF)Media player MP3/WAV/WMA/eAAC+Video player MP4/WMV/H.264OrganizerVoice memo/dialPredictive text input;;;
https://www.gsmarena.com/blackberry_curve_3g_9330-3591.php;https://fdn2.gsmarena.com/vv/bigpic/blackberry-curve-3g-9330.jpg;BlackBerry Curve 3G 9330;Released 2010, September;104g, 13.9mm thickness;BlackBerry OS 5.0, up;512MB RAM storage, microSDHC slot;28;N/A;2,936,574 hits;"2.46""";320x240 pixels;512 MB RAM;;1150 mAh Li-Ion;CDMA 800 / 1900;CDMA2000 1xEV-DO;;EV-DO Rev.A 3.1 Mbps;2010, September. Released 2010, September;Discontinued;109 x 60 x 13.9 mm (4.29 x 2.36 x 0.55 in);104 g (3.67 oz);;Mini-SIM;TFT, 65K colors;2.46 inches, 18.7 cm(~28.7% screen-to-body ratio);320 x 240 pixels, 4:3 ratio (~163 ppi density);;BlackBerry OS 5.0, upgradable;;;;microSDHC (dedicated slot);512MB RAM, 512MB ROM;;2 MP;;Yes;No;;Wi-Fi 802.11b/g;2.1, A2DP;"GPS, A-GPS; BlackBerry Maps";;No;microUSB 2.0;;Removable Li-Ion 1150 mAh battery;Black, Red, Pink;;1.28 W/kg (head)     0.74 W/kg (body);;About 50 EUR;;;Optical trackpad;;Up to 252 h;Up to 4 h 30 min;Up to 15 h;;MP3/eAAC+/WMA/WAV playerMP4/H.264/WMV playerOrganizerVoice memo/dial/commandsPredictive text input;;;Dedicated music keys
https://www.gsmarena.com/blackberry_curve_3g_9300-3422.php;https://fdn2.gsmarena.com/vv/bigpic/blackberry-curve-3g-9300.jpg;BlackBerry Curve 3G 9300;Released 2010, August;104g, 13.9mm thickness;BlackBerry 5.0, up to 6.0;256MB RAM storage, microSDHC slot;69;0.1%;9,541,309 hits;"2.46""";320x240 pixels;256 MB RAM;;1150 mAh Li-Ion;GSM 850 / 900 / 1800 / 1900;HSDPA 850 / 1900 / 2100;;HSPA;2010, August. Released 2010, August;Discontinued;109 x 60 x 13.9 mm (4.29 x 2.36 x 0.55 in);104 g (3.67 oz);;Mini-SIM;TFT, 65K colors;2.46 inches, 18.7 cm(~28.7% screen-to-body ratio);320 x 240 pixels, 4:3 ratio (~163 ppi density);;BlackBerry 5.0, upgradable to 6.0;;;;microSDHC (dedicated slot);256MB RAM, 256MB ROM;;2 MP;;Yes;No;;Wi-Fi 802.11b/g/n, UMA (carrier dependent);2.1, A2DP;"GPS, A-GPS; BlackBerry Maps";;No;microUSB 2.0;;Removable Li-Ion 1150 mAh battery;Black, Red;;1.07 W/kg (head)     0.72 W/kg (body);1.42 W/kg (head)     0.78 W/kg (body);About 80 EUR;;;Optical trackpad;;Up to 456 h (2G) / Up to 348 h (3G);Up to 4 h 30 min (2G) / Up to 5 h 30 min (3G);Up to 29 h;;MP3/eAAC+/WMA/WAV/FLAC playerMP4/H.264/WMV playerOrganizerVoice memo/dialPredictive text input;;;Dedicated music keys
https://www.gsmarena.com/blackberry_torch_9800-3203.php;https://fdn2.gsmarena.com/vv/bigpic/blackberry-torch.jpg;BlackBerry Torch 9800;Released 2010, August;161g, 14.6mm thickness;BlackBerry OS 6.0;4GB 512MB RAM storage, microSDHC slot;92;0.3%;9,774,390 hits;"3.2""";360x480 pixels;512 MB RAM;;1300 mAh Li-Ion;GSM 850 / 900 / 1800 / 1900;HSDPA 850 / 1900 / 2100 /800;;HSPA;2010, August. Released 2010, August;Discontinued;111 x 62 x 14.6 mm (4.37 x 2.44 x 0.57 in);161 g (5.68 oz);;Mini-SIM;TFT;3.2 inches, 31.7 cm(~46.1% screen-to-body ratio);360 x 480 pixels, 4:3 ratio (~188 ppi density);;BlackBerry OS 6.0;;624 MHz;;microSDHC (dedicated slot), 4 GB included;4GB 512MB RAM;;5 MP, AF;LED flash;480p@24fps;No;;Wi-Fi 802.11 b/g/n, UMA (carrier-dependent);2.1, A2DP;GPS, A-GPS;;No;microUSB 2.0;Proximity;Removable Li-Ion 1300 mAh battery;Black, White, Dark Orange;;0.91 W/kg (head)     0.68 W/kg (body);0.86 W/kg (head)     0.81 W/kg (body);About 110 EUR;;;Optical trackpad;;Up to 432 h (2G) / Up to 336 h (3G);Up to 5 h 30 min (2G) / Up to 5 h 40 min (3G);Up to 30 h;;Social feedsBlackBerry mapsDocument viewer (Word, Excel, PowerPoint)Media player MP3/WMA/eAAC+/FlAC/OGG playerVideo player DivX/XviD/MP4/WMV/H.264OrganizerVoice memo/dial;;;
https://www.gsmarena.com/blackberry_pearl_3g_9105-3287.php;https://fdn2.gsmarena.com/vv/bigpic/BlackBerry-pearl-3g-9105.jpg;BlackBerry Pearl 3G 9105;Released 2010, April;93.6g, 13.3mm thickness;BlackBerry OS 5, up;256MB storage, microSDHC slot;43;0.1%;3,516,583 hits;"2.25""";360x400 pixels; ;;1150 mAh Li-Ion;GSM 850 / 900 / 1800 / 1900;HSDPA 850 / 1900 / 2100;;HSPA 3.6/0.384 Mbps;2010, April. Released 2010, April;Discontinued;108 x 50 x 13.3 mm (4.25 x 1.97 x 0.52 in);93.6 g (3.28 oz);;Mini-SIM;TFT, 256K colors;2.25 inches, 16.2 cm(~30.1% screen-to-body ratio);360 x 400 pixels (~239 ppi density);;BlackBerry OS 5, upgradable;;624 MHz;;microSDHC (dedicated slot), 2 GB included;256MB;;3.15 MP, AF;LED flash;480p@30fps;No;;Wi-Fi 802.11 b/g/n;2.1, A2DP;GPS, A-GPS;;No;microUSB 2.0;;Removable Li-Ion 1150 mAh battery;Piano Black, Opal Pink, Royal Purple, Flash White, Red Gradient;;1.37 W/kg (head)     1.06 W/kg (body);1.67 W/kg (head)     1.03 W/kg (body);About 90 EUR;;;Optical trackpad;;Up to 432 h (2G) / Up to 312 h (3G);Up to 5 h 30 min (2G) / Up to 5 h (3G);Up to 30 h;;BlackBerry mapsDocument editor (Word, Excel, PowerPoint, PDF)MP3/WMA/WAV/eAAC+ playerMP4/H.264/WMV playerOrganizerVoice memo/dial;;;Dedicated music keys
https://www.gsmarena.com/blackberry_pearl_3g_9100-3032.php;https://fdn2.gsmarena.com/vv/bigpic/bb-pearl-9100-new1.jpg;BlackBerry Pearl 3G 9100;Released 2010, May;93.6g, 13.3mm thickness;BlackBerry OS;256MB storage, microSDHC slot;27;N/A;1,760,639 hits;"2.25""";360x400 pixels; ;;1150 mAh Li-Ion;GSM 850 / 900 / 1800 / 1900;HSDPA 850 / 1900 / 2100;;HSPA 3.6/0.384 Mbps;2010, April. Released 2010, May;Discontinued;108 x 50 x 13.3 mm (4.25 x 1.97 x 0.52 in);93.6 g (3.28 oz);;Mini-SIM;TFT, 256K colors;2.25 inches, 16.2 cm(~30.1% screen-to-body ratio);360 x 400 pixels (~239 ppi density);;BlackBerry OS;;624 MHz;;microSDHC (dedicated slot), 2 GB included;256MB;;3.15 MP, AF;LED flash;Yes;No;;Wi-Fi 802.11 b/g/n;2.1, A2DP;GPS, A-GPS;;No;;;Removable Li-Ion 1150 mAh battery;Piano Black, Opal Pink, Royal Purple, Flash White, Red Gradient;;1.37 W/kg (head)     1.06 W/kg (body);1.67 W/kg (head)     1.03 W/kg (body);About 90 EUR;;;Optical trackpad;;Up to 432 h (2G) / Up to 312 h (3G);Up to 5 h 30 min (2G) / Up to 5 h (3G);Up to 30 h;;BlackBerry mapsDocument editor (Word, Excel, PowerPoint, PDF)MP3/WMA/WAV/eAAC+ playerMP4/H.264/WMV playerOrganizerVoice memo/dial;;;Dedicated music keys
https://www.gsmarena.com/blackberry_bold_9650-3284.php;https://fdn2.gsmarena.com/vv/bigpic/BlackBerry-Bold-9650.jpg;BlackBerry Bold 9650;Released 2010, July;136g, 14mm thickness;BlackBerry OS;512MB storage, microSDHC slot;36;N/A;4,392,743 hits;"2.44""";480x360 pixels; ;;1400 mAh Li-Ion;GSM 850 / 900 / 1800 / 1900;HSDPA 2100;;HSPA 3.6/0.384 Mbps;2010, April. Released 2010, July;Discontinued;112 x 62 x 14 mm (4.41 x 2.44 x 0.55 in);136 g (4.80 oz);;Mini-SIM;TFT, 65K colors;2.44 inches, 18.4 cm(~26.6% screen-to-body ratio);480 x 360 pixels, 4:3 ratio (~246 ppi density);;BlackBerry OS;;;;microSDHC (dedicated slot), 2 GB included;512MB;;3.15 MP, AF;LED flash;Yes;No;;Wi-Fi 802.11 b/g;2.1, A2DP;GPS, A-GPS;;No;microUSB 2.0;;Removable Li-Ion 1400 mAh battery;Black;;1.35 W/kg (head)     0.50 W/kg (body);1.68 W/kg (head)     0.27 W/kg (body);About 60 EUR;;;Optical trackpad;;Up to 312 h;Up to 5 h;Up to 18 h;;BlackBerry mapsDocument editor (Word, Excel, PowerPoint, PDF)MP3/WMA/eAAC+ playerMP4/H.263/WMV playerOrganizerVoice memo/dial;;;
https://www.gsmarena.com/blackberry_bold_9700-2963.php;https://fdn2.gsmarena.com/vv/bigpic/blackberry-bold-9700-new.jpg;BlackBerry Bold 9700;Released 2009, November;122g, 14mm thickness;BlackBerry 5.0, up to 6.0;256MB 256MB RAM storage, microSDHC slot;108;0.3%;12,157,649 hits;"2.44""";480x360 pixels;256 MB RAM;;1500 mAh Li-Ion;GSM 850 / 900 / 1800 / 1900;HSDPA 850 / 1900 / 2100;;HSPA 3.6/0.384 Mbps;2009, October. Released 2009, November;Discontinued;109 x 60 x 14 mm (4.29 x 2.36 x 0.55 in);122 g (4.30 oz);;Mini-SIM;TFT, 65K colors;2.44 inches, 18.4 cm(~28.2% screen-to-body ratio);480 x 360 pixels, 4:3 ratio (~246 ppi density);;BlackBerry 5.0, upgradable to 6.0;;624 MHz;;microSDHC (dedicated slot), 2 GB included;256MB 256MB RAM;;3.15 MP, AF;LED flash;Yes;No;;Wi-Fi 802.11 b/g, UMA;2.1, A2DP;GPS, A-GPS;;No;microUSB 2.0;;Removable Li-Ion 1500 mAh battery;Black, White;;1.55 W/kg (head)     1.39 W/kg (body);1.36 W/kg (head)     1.18 W/kg (body);About 90 EUR;;;Optical trackpad;;Up to 408 h;Up to 6 h;;;BlackBerry mapsDocument editor (Word, Excel, PowerPoint, PDF)Media player MP3/WMA/AAC+Video player DivX/WMV/XviD/3gpOrganizerVoice memo/dial;;;
https://www.gsmarena.com/blackberry_storm2_9520-2962.php;https://fdn2.gsmarena.com/vv/bigpic/bb-storm2-new1.jpg;BlackBerry Storm2 9520;Released 2009, November;160g, 14mm thickness;BlackBerry OS;2GB storage, microSDHC slot;33;N/A;4,168,875 hits;"3.25""";360x480 pixels; ;;1400 mAh Li-Ion;GSM 850 / 900 / 1800 / 1900;HSDPA 2100;;HSPA 7.2/2 Mbps;2009, October. Released 2009, November;Discontinued;112.5 x 62.2 x 14 mm (4.43 x 2.45 x 0.55 in);160 g (5.64 oz);;Mini-SIM;TFT, 65K colors;3.25 inches, 32.7 cm(~46.7% screen-to-body ratio);360 x 480 pixels, 4:3 ratio (~185 ppi density);;BlackBerry OS;;;;microSDHC (dedicated slot);2GB;;3.15 MP, AF;LED flash;Yes;No;;Wi-Fi 802.11 b/g;2.1, A2DP;GPS, A-GPS;;No;microUSB 2.0;Accelerometer;Removable Li-Ion 1400 mAh battery;Black;;0.97 W/kg (head)     0.60 W/kg (body);1.02 W/kg (head)     0.53 W/kg (body);About 70 EUR;;;;;Up to 305 h (2G) / Up to 280 h (3G);Up to 5 h (2G) / Up to 6 h (3G);;;BlackBerry mapsDocument editor (Word, Excel, PowerPoint, PDF)MP3/WMA/AAC+ playerMP4/H.264/WMV playerOrganizerVoice memo/dial;;;
https://www.gsmarena.com/blackberry_storm2_9550-2970.php;https://fdn2.gsmarena.com/vv/bigpic/bb-storm2-9550.jpg;BlackBerry Storm2 9550;Released 2009, November;160g, 14mm thickness;BlackBerry OS;2GB storage, microSD slot;27;N/A;3,614,273 hits;"3.25""";360x480 pixels; ;;1400 mAh Li-Ion;GSM 850 / 900 / 1800 / 1900;HSDPA 2100;;HSPA 7.2/2 Mbps, EV-DO RevA 3.1 Mbps;2009, October. Released 2009, November;Discontinued;112.5 x 62.2 x 14 mm (4.43 x 2.45 x 0.55 in);160 g (5.64 oz);;Mini-SIM;TFT, 65K colors;3.25 inches, 32.7 cm(~46.7% screen-to-body ratio);360 x 480 pixels, 4:3 ratio (~185 ppi density);;BlackBerry OS;;;;microSD (dedicated slot);2GB;;3.15 MP, AF;LED flash;Yes;No;;Wi-Fi 802.11 b/g;2.1, A2DP;GPS, A-GPS;;No;microUSB 2.0;Accelerometer;Removable Li-Ion 1400 mAh battery;Black;;1.01 W/kg (head)     0.63 W/kg (body);0.92 W/kg (head)     0.45 W/kg (body);About 70 EUR;;;;;Up to 305 h (2G) / Up to 280 h (3G);Up to 5 h (2G) / Up to 6 h (3G);;;BlackBerry mapsDocument editor (Word, Excel, PowerPoint, PDF)MP3/WMA/AAC+ playerMP4/H.264/WMV playerOrganizerVoice memo/dial;;;
https://www.gsmarena.com/blackberry_curve_8530-3592.php;https://fdn2.gsmarena.com/vv/bigpic/blackberry-curve-8530.jpg;BlackBerry Curve 8530;Released 2009, December;106g, 13.9mm thickness;BlackBerry OS 5.0;256MB ROM storage, microSDHC slot;28;0.1%;2,767,866 hits;"2.46""";320x240 pixels; ;;1150 mAh Li-Ion;CDMA 800 / 1900;CDMA2000 1xEV-DO;;EV-DO Rev.0, 153.2 Kbps;2009, November. Released 2009, December;Discontinued;109 x 60 x 13.9 mm (4.29 x 2.36 x 0.55 in);106 g (3.74 oz);;Mini-SIM;TFT, 65K colors;2.46 inches, 18.7 cm(~28.7% screen-to-body ratio);320 x 240 pixels, 4:3 ratio (~163 ppi density);;BlackBerry OS 5.0;;528 MHz;;microSDHC (dedicated slot);256MB ROM;;2 MP;;Yes;No;;Wi-Fi 802.11 b/g;2.1, A2DP;GPS, A-GPS;;No;microUSB;;Removable Li-Ion 1150 mAh battery;Black, Purple;;1.24 W/kg (head)     0.66 W/kg (body);;About 60 EUR;;;Optical trackpad;;Up to 252 h;Up to 4 h 30 min;;;BlackBerry mapsMP3/eAAC+/WMA/WAV playerMP4/H.264/WMV playerOrganizerDocument viewerVoice memo/dial/commandsPredictive text input;;;Dedicated music keys
https://www.gsmarena.com/blackberry_curve_8520-2889.php;https://fdn2.gsmarena.com/vv/bigpic/bb-curve-8520.jpg;BlackBerry Curve 8520;Released 2009, August;106g, 13.9mm thickness;BlackBerry OS 5.0;256MB storage, microSDHC slot;112;0.3%;16,325,084 hits;"2.46""";320x240 pixels; ;;1150 mAh Li-Ion;GSM 850 / 900 / 1800 / 1900;;;;2009, July. Released 2009, August;Discontinued;109 x 60 x 13.9 mm (4.29 x 2.36 x 0.55 in);106 g (3.74 oz);;Mini-SIM;TFT, 65K colors;2.46 inches, 18.7 cm(~28.7% screen-to-body ratio);320 x 240 pixels, 4:3 ratio (~163 ppi density);;BlackBerry OS 5.0;;512 MHz;;microSDHC (dedicated slot);256MB;;2 MP;;320p;No;;Wi-Fi 802.11b/g;2.0, A2DP;No;;No;microUSB;;Removable Li-Ion 1150 mAh battery;Black;;1.22 W/kg (head)     0.83 W/kg (body);1.02 W/kg (head)     0.78 W/kg (body);About 70 EUR;;;Optical trackpad;;Up to 408 h;Up to 4 h 30 min;;;MP3/eAAC+/WMA/WAV playerMP4/H.264/WMV playerOrganizerVoice memo/dialPredictive text input;Class 10;Class 10;Dedicated music keys
https://www.gsmarena.com/blackberry_tour_9630-2868.php;https://fdn2.gsmarena.com/vv/bigpic/bb-tour-9630.jpg;BlackBerry Tour 9630;Released 2009, July;130g, 14.2mm thickness;BlackBerry OS;256MB storage, microSDHC slot;27;0.1%;3,981,120 hits;"2.4""";480x360 pixels; ;;1400 mAh Li-Ion;GSM 850 / 900 / 1800 / 1900;HSDPA 2100;;HSPA;2009, July. Released 2009, July;Discontinued;112 x 62 x 14.2 mm (4.41 x 2.44 x 0.56 in);130 g (4.59 oz);;Mini-SIM;65K colors;2.4 inches, 17.8 cm(~25.7% screen-to-body ratio);480 x 360 pixels, 4:3 ratio (~250 ppi density);;BlackBerry OS;;;;microSDHC (dedicated slot);256MB;;3.15 MP, AF;LED flash;Yes;No;;No;2.0, A2DP;GPS, A-GPS, BlackBerry Maps;;No;microUSB 2.0;;Removable Li-Ion 1400 mAh battery;Black;;1.43 W/kg (head)     0.53 W/kg (body);1.72 W/kg (head)     0.48 W/kg (body);About 70 EUR;;;Trackball;;Up to 336 h;Up to 5 h;;;BlackBerry mapsDocument editor (Word, Excel, PowerPoint, PDF)MP3/WMA/eAAC+/WAV playerMP4/WMV/H.264 playerOrganizerVoice memo;;;
https://www.gsmarena.com/blackberry_curve_8980-3675.php;https://fdn2.gsmarena.com/vv/bigpic/bb-8980.jpg;BlackBerry Curve 8980;Released 2012;117g, 13.6mm thickness;BlackBerry OS 5.0;256MB storage, microSDHC slot;20;N/A;298,372 hits;"2.4""";480x360 pixels; ;;;GSM 850 / 900 / 1800 / 1900;;;;2012;Discontinued;109 x 60 x 13.6 mm (4.29 x 2.36 x 0.54 in);117 g (4.13 oz);;Mini-SIM;TFT;2.4 inches, 17.8 cm(~27.3% screen-to-body ratio);480 x 360 pixels, 4:3 ratio (~250 ppi density);;BlackBerry OS 5.0;;;;microSDHC (dedicated slot);256MB;;3.15 MP, AF;LED flash;Yes;No;;Wi-Fi 802.11 b/g/n;2.1, A2DP;GPS, A-GPS;;No;microUSB 2.0;;Removable Li-Ion battery;Black;;0.64 W/kg (head)     0.66 W/kg (body);;About 70 EUR;;;Optical trackpad;;;;;;BlackBerry mapsMP3/AAC/AAC+/WMA playerMP4/H.264/WMV playerOrganizerDocument viewerPhoto viewerVoice dial/memoPredictive text input;Yes;Yes;
https://www.gsmarena.com/blackberry_curve_8900-2604.php;https://fdn2.gsmarena.com/vv/bigpic/bb-curve-8900.jpg;BlackBerry Curve 8900;Released 2008, November;110g, 13.5mm thickness;BlackBerry OS;256MB ROM storage, microSDHC slot;43;0.1%;7,107,686 hits;"2.4""";480x360 pixels; ;;1400 mAh Li-Ion;GSM 850 / 900 / 1800 / 1900;;;;2008, November. Released 2008, November;Discontinued;109 x 60 x 13.5 mm (4.29 x 2.36 x 0.53 in);110 g (3.88 oz);;Mini-SIM;TFT, 65K colors;2.4 inches, 17.8 cm(~27.3% screen-to-body ratio);480 x 360 pixels, 4:3 ratio (~250 ppi density);;BlackBerry OS;;512 MHz;;microSDHC (dedicated slot);256MB ROM;;3.15 MP, AF;LED flash;SCIF;No;;Wi-Fi 802.11b/g;2.0, A2DP;GPS, A-GPS;;No;microUSB 2.0;;Removable Li-Ion 1400 mAh battery;Black;;1.01 W/kg (head)     0.59 W/kg (body);0.65 W/kg (head)     0.45 W/kg (body);About 60 EUR;;;Trackball;;Up to 356 h;Up to 5 h 30 min;;;BlackBerry mapsMP3/AAC/AAC+/WMA playerDivX/XviD/MP4/H.264/WMV playerOrganizerVoice dial/memo;Class 10;Class 10;
https://www.gsmarena.com/blackberry_storm3-3529.php;https://fdn2.gsmarena.com/vv/bigpic/BlackBerry-Storm3.jpg;BlackBerry Storm3;Released Not officially announced yet;;BlackBerry OS 6.1;8GB storage, microSDHC;16;N/A;857,105 hits;"3.7""";480x800 pixels;512 MB RAM;;1230 mAh Li-Ion;GSM 850 / 900 / 1800 / 1900;HSDPA 850 / 1900 / 2100;;HSPA 7.2/0.384 Mbps;Not officially announced yet;Discontinued;-;-;;Mini-SIM;TFT, 65K colors;3.7 inches, 39.0 cm;480 x 800 pixels, 5:3 ratio (~252 ppi density);;BlackBerry OS 6.1;;1.2GHz;;microSDHC (dedicated slot);8GB 512MB RAM;;5 MP, AF;;720p;No;;Wi-Fi 802.11 b/g/n, UMA;2.1, A2DP, EDR;GPS, A-GPS;;No;microUSB 2.0;Accelerometer, proximity, compass;Removable Li-Ion 1230 mAh battery;Black;;;;;;;Optical trackpad;;;;;;Document editor (Word, Excel, PowerPoint, PDF)MP3/WMA/AAC+ playerMP4/H.264/WMV playerOrganizerVoice memo/dialPredictive text input;;;
https://www.gsmarena.com/blackberry_storm_9500-2534.php;https://fdn2.gsmarena.com/vv/bigpic/blackberry-9500-storm2.jpg;BlackBerry Storm 9500;Released 2008, November;155g, 14mm thickness;BlackBerry OS;1GB 128MB RAM storage, microSDHC slot;35;0.1%;5,576,264 hits;"3.25""";360x480 pixels;128 MB RAM;MSM7600;1400 mAh Li-Ion;GSM 850 / 900 / 1800 / 1900;HSDPA 2100;;HSPA 7.2/0.384 Mbps;2008, September. Released 2008, November;Discontinued;112.5 x 62.2 x 14 mm (4.43 x 2.45 x 0.55 in);155 g (5.47 oz);;Mini-SIM;TFT, 65K colors;3.25 inches, 32.7 cm(~46.7% screen-to-body ratio);360 x 480 pixels, 4:3 ratio (~185 ppi density);;BlackBerry OS;Qualcomm MSM7600;528 MHz ARM 11;Adreno 130;microSDHC (dedicated slot), 8 GB included;1GB 128MB RAM;;3.15 MP, AF;LED flash;320p;No;;No;2.0, A2DP;GPS, A-GPS;;No;microUSB 2.0;Accelerometer;Removable Li-Ion 1400 mAh battery;Black;;0.57 W/kg (head)     0.50 W/kg (body);0.47 W/kg (head)     0.27 W/kg (body);About 80 EUR;;;;;Up to 360 h;Up to 5 h 30 min;;;BlackBerry mapsDocument editor (Word, Excel, PowerPoint, PDF)MP3/WMA/eAAC+ playerMP4/H.264/WMV playerOrganizerVoice dial/memo;;;
https://www.gsmarena.com/blackberry_storm_9530-2540.php;https://fdn2.gsmarena.com/vv/bigpic/blackberry-9500-storm1.jpg;BlackBerry Storm 9530;Released 2008, November;155g, 14mm thickness;BlackBerry OS;1GB 128MB RAM storage, microSDHC slot;30;0.1%;6,311,697 hits;"3.25""";360x480 pixels;128 MB RAM;MSM7600;1400 mAh Li-Ion;GSM 850 / 900 / 1800 / 1900;HSDPA 2100;;HSPA 7.2/0.384 Mbps;2008, September. Released 2008, November;Discontinued;112.5 x 62.2 x 14 mm (4.43 x 2.45 x 0.55 in);155 g (5.47 oz);;Mini-SIM;TFT, 65K colors;3.25 inches, 32.7 cm(~46.7% screen-to-body ratio);360 x 480 pixels, 4:3 ratio (~185 ppi density);;BlackBerry OS;Qualcomm MSM7600;528 MHz ARM 11;Adreno 130;microSDHC (dedicated slot);1GB 128MB RAM;;3.15 MP, AF;LED flash;320p;No;;No;2.0, A2DP;GPS, A-GPS;;No;microUSB 2.0;Accelerometer;Removable Li-Ion 1400 mAh battery;Black;;0.93 W/kg (head)     0.56 W/kg (body);0.67 W/kg (head)     0.38 W/kg (body);About 100 EUR;;;;;Up to 360 h;Up to 5 h 30 min;;;BlackBerry mapsDocument editor (Word, Excel, PowerPoint, PDF)MP4/WMV/H.264 playerMP3/eAAC+/WMA playerOrganizerVoice memo/dial;;;
https://www.gsmarena.com/blackberry_pearl_flip_8230-3593.php;https://fdn2.gsmarena.com/vv/bigpic/blackberry-pearl-flip-8230.jpg;BlackBerry Pearl Flip 8230;Released 2009, May;102g, 17.5mm thickness;BlackBerry OS;128MB RAM storage, microSDHC slot;20;N/A;734,185 hits;"2.6""";240x320 pixels;128 MB RAM;;900 mAh Li-Ion;CDMA 800 / 1900;CDMA2000 1xEV-DO;;EV-DO Rev.0, 153.2 Kbps;2009, February. Released 2009, May;Discontinued;101 x 50 x 17.5 mm (3.98 x 1.97 x 0.69 in);102 g (3.60 oz);;Mini-SIM;65K colors;2.6 inches, 20.9 cm(~41.5% screen-to-body ratio);240 x 320 pixels, 4:3 ratio (~154 ppi density);;BlackBerry OS;;;;microSDHC (dedicated slot);128MB RAM, 128MB ROM;;2 MP;LED flash;Yes;No;;No;2.0, A2DP;No;;No;microUSB 2.0;;Removable Li-Ion 900 mAh battery;Black, Red, Pink;;1.23 W/kg (head)     0.95 W/kg (body);;About 70 EUR;;;Trackball;;Up to 216 h;Up to 3 h 30 min;;Secondary external 65K TFT display, 128x160 pixels;BlackBerry mapsMP4/WMV/H.264 playerMP3/eAAC+/WMA playerOrganizerVoice memo/dial/commandsPredictive text input;;;
https://www.gsmarena.com/blackberry_pearl_flip_8220-2521.php;https://fdn2.gsmarena.com/vv/bigpic/blackberry-pearl-flip-8220-1.jpg;BlackBerry Pearl Flip 8220;Released 2008, October;102g, 17.5mm thickness;BlackBerry OS;75MB storage, microSDHC slot;29;0.1%;2,348,483 hits;"2.6""";240x320 pixels; ;;900 mAh Li-Ion;GSM 850 / 900 / 1800 / 1900;;;;2008, September. Released 2008, October;Discontinued;101.1 x 50 x 17.5 mm (3.98 x 1.97 x 0.69 in);102 g (3.60 oz);;Mini-SIM;65K colors;2.6 inches, 20.9 cm(~41.4% screen-to-body ratio);240 x 320 pixels, 4:3 ratio (~154 ppi density);;BlackBerry OS;;32-bit Intel XScale PXA272 312 MHz;;microSDHC (dedicated slot);75MB;;2 MP;LED flash;Yes;No;;Wi-Fi 802.11 b/g;2.0, A2DP;No;;No;microUSB 2.0;;Removable Li-Ion 900 mAh battery;Black;;1.15 W/kg (head)     1.18 W/kg (body);0.66 W/kg (head)     0.54 W/kg (body);About 110 EUR;;;Trackball;;Up to 336 h;Up to 4 h;;Secondary external 65K TFT display, 128x160 pixels;BlackBerry mapsDocument editor (Word, Excel, PowerPoint, PDF)MP4/WMV/H.264 playerMP3/eAAC+/WMA playerOrganizerVoice memo/dial;Class 10;Class 10;
https://www.gsmarena.com/blackberry_bold_9000-2370.php;https://fdn2.gsmarena.com/vv/bigpic/blackberry-bold.jpg;BlackBerry Bold 9000;Released 2008, May;133g, 14mm thickness;BlackBerry OS;1GB 128MB RAM storage, microSDHC slot;89;0.2%;9,311,467 hits;"2.6""";480x320 pixels;128 MB RAM;;1500 mAh Li-Ion;GSM 850 / 900 / 1800 / 1900;HSDPA 850 / 1900 / 2100;;HSPA 3.6/0.384 Mbps;2008, May;Discontinued;114 x 66 x 14 mm (4.49 x 2.60 x 0.55 in);133 g (4.69 oz);;Mini-SIM;65K colors;2.6 inches, 20.1 cm(~26.8% screen-to-body ratio);480 x 320 pixels, 3:2 ratio (~222 ppi density);;BlackBerry OS;;624 MHz;;microSDHC (dedicated slot);1GB 128MB RAM;;2 MP;LED flash;Yes;No;;Wi-Fi 802.11 a/b/g;2.0, A2DP;GPS, A-GPS, BlackBerry Maps;;No;miniUSB 2.0;;Removable Li-Ion 1500 mAh battery;Black, White;;1.51 W/kg (head)     0.95 W/kg (body);0.84 W/kg (head)     0.66 W/kg (body);About 80 EUR;;;Trackball;;Up to 310 h;Up to 5 h;;;BlackBerry mapsDocument editor (Word, Excel, PowerPoint, PDF)MP4/WMV/H.264 playerMP3/eAAC+/WMA playerOrganizerVoice memo/dial;;;
https://www.gsmarena.com/blackberry_volt-3754.php;https://fdn2.gsmarena.com/vv/bigpic/blackberry-monaco-touch.jpg;BlackBerry Volt;Released Not officially announced yet;11.5mm thickness;BlackBerry OS 6.1;4GB 768MB RAM storage, microSDHC slot;18;N/A;263,094 hits;"3.7""";480x800 pixels;768 MB RAM;;;GSM 850 / 900 / 1800 / 1900;UMTS 2100;;EV-DO Rev.A 3.1 Mbps, UMTS;Not officially announced yet;Discontinued;120 x 62 x 11.5 mm (4.72 x 2.44 x 0.45 in);-;;Mini-SIM;TFT;3.7 inches, 39.0 cm(~52.4% screen-to-body ratio);480 x 800 pixels, 5:3 ratio (~252 ppi density);;BlackBerry OS 6.1;;1.2GHz;;microSDHC (dedicated slot);4GB 768MB RAM;;5 MP, AF;LED flash;720p;No;;Wi-Fi 802.11 b/g/n;2.1, A2DP, EDR;GPS, A-GPS;Yes;No;microUSB 2.0;Accelerometer, proximity, compass;Removable Li-Ion battery;Black;;;;;;;Optical trackpad;;;;;;Document editor (Word, Excel, PowerPoint, PDF)MP3/WMA/AAC+ playerMP4/H.264/WMV playerOrganizerVoice memo/dialPredictive text input;;;
https://www.gsmarena.com/blackberry_pearl_8130-3933.php;https://fdn2.gsmarena.com/vv/bigpic/blackberry-pearl-8130.jpg;BlackBerry Pearl 8130;Released 20078;96g, 14mm thickness;BlackBerry OS;32MB RAM storage, microSDHC slot;18;N/A;402,905 hits;"2.2""";240x260 pixels;32 MB RAM;;900 mAh Li-Ion;CDMA 800 / 1900;CDMA2000 1x;;EV-DO Rev.0, 153.2 Kbps;2007, October. Released 20078;Discontinued;107 x 50 x 14 mm (4.21 x 1.97 x 0.55 in);96 g (3.39 oz);;Mini-SIM;TFT, 65K colors;2.2 inches, 15.6 cm(~29.1% screen-to-body ratio);240 x 260 pixels (~161 ppi density);;BlackBerry OS;;32-bit Intel XScale PXA272 312 MHz;;microSDHC (dedicated slot);32MB RAM, 64MB ROM;;2 MP;LED flash;Yes;No;;No;2.0, A2DP;GPS, A-GPS;;No;miniUSB 2.0;;Removable Li-Ion 900 mAh battery;Black, White;;;;;;;;;Up to 216 h;Up to 3 h 40 min;;;Document editor (Word, Excel, PowerPoint, PDF)MP4/WMV/H.264 playerMP3/eAAC+/WMA playerOrganizerVoice memo/dial;;;
https://www.gsmarena.com/blackberry_pearl_8110-2226.php;https://fdn2.gsmarena.com/vv/bigpic/blackberry-8110.jpg;BlackBerry Pearl 8110;Released 2008, January;91g, 14mm thickness;BlackBerry OS;32MB RAM storage, microSDHC slot;21;N/A;1,307,769 hits;"2.2""";240x260 pixels;32 MB RAM;;900 mAh Li-Ion;GSM 850 / 900 / 1800 / 1900;;;;2008, January. Released 2008, January;Discontinued;107 x 50 x 14 mm (4.21 x 1.97 x 0.55 in);91 g (3.21 oz);;Mini-SIM;65K colors;2.2 inches, 15.6 cm(~29.1% screen-to-body ratio);240 x 260 pixels (~161 ppi density);;BlackBerry OS;;32-bit Intel XScale PXA272 312 MHz;;microSDHC (dedicated slot);32MB RAM, 64MB ROM;;2 MP;LED flash;Yes;No;;No;2.0, A2DP;GPS;;No;miniUSB 2.0;;Removable Li-Ion 900 mAh battery;Black, Blue;;1.24 W/kg (head)     0.83 W/kg (body);1.13 W/kg (head)     0.71 W/kg (body);About 110 EUR;;;;;Up to 360 h;Up to 4 h 10 min;;;Document editor (Word, Excel, PowerPoint, PDF)MP4/WMV/H.264 playerMP3/eAAC+/WMA playerOrganizerVoice memo/dial;Class 10;Class 10;
https://www.gsmarena.com/blackberry_pearl_8120-2136.php;https://fdn2.gsmarena.com/vv/bigpic/blackberry-8120.gif;BlackBerry Pearl 8120;Released 2007, October;91g, 14mm thickness;BlackBerry OS;32MB RAM storage, microSDHC slot;18;N/A;1,506,120 hits;"2.2""";240x260 pixels;32 MB RAM;;900 mAh Li-Ion;GSM 850 / 900 / 1800 / 1900;;;;2007, October;Discontinued;107 x 50 x 14 mm (4.21 x 1.97 x 0.55 in);91 g (3.21 oz);;Mini-SIM;65K colors;2.2 inches, 15.6 cm(~29.1% screen-to-body ratio);240 x 260 pixels (~161 ppi density);;BlackBerry OS;;32-bit Intel XScale PXA272 312 MHz;;microSDHC (dedicated slot);32MB RAM, 64MB ROM;;2 MP;LED flash;Yes;No;;Wi-Fi 802.11b/g;2.0;No;;No;miniUSB 2.0;;Removable Li-Ion 900 mAh battery;Titanium, Blue, Sunset;;1.48 W/kg (head)     1.39 W/kg (body);1.26 W/kg (head)     1.01 W/kg (body);About 90 EUR;;;;;Up to 360 h;Up to 4 h;;;Document editor (Word, Excel, PowerPoint, PDF)MP4/WMV/H.264 playerMP3/eAAC+/WMA playerOrganizerVoice memo/dial;Class 10;Class 10;
https://www.gsmarena.com/blackberry_curve_8330-3594.php;https://fdn2.gsmarena.com/vv/bigpic/blackberry-curve-8330.jpg;BlackBerry Curve 8330;Released 2007, December;113g, 15mm thickness;BlackBerry OS;32MB ROM storage, microSDHC slot;26;N/A;974,719 hits;"2.5""";320x240 pixels;32 MB RAM;;1150 mAh Li-Ion;CDMA 800 / 1900;;;EV-DO Rev.0, 153.2 Kbps;2007, September. Released 2007, December;Discontinued;106.6 x 61 x 15 mm (4.20 x 2.40 x 0.59 in);113 g (3.99 oz);;Mini-SIM;65K colors;2.5 inches, 19.4 cm(~29.8% screen-to-body ratio);320 x 240 pixels, 4:3 ratio (~160 ppi density);;BlackBerry OS;;312 MHz;;microSDHC (dedicated slot);32MB ROM, 96MB ROM;;2 MP;LED flash;Yes;No;;No;2.0, A2DP;No;;No;miniUSB 2.0;;Removable Li-Ion 1150 mAh battery;Titanium, Pink, Black;;;;;;;Trackball;;Up to 264 h;Up to 4 h 30 min;;;BlackBerry mapsMP4/WMV/H.264 playerMP3/WAV/eAAC+/WMA playerOrganizerVoice memo/dial/commandsPredictive text input;No;No;
https://www.gsmarena.com/blackberry_curve_8320-2121.php;https://fdn2.gsmarena.com/vv/bigpic/blackberry-curve-8320.gif;BlackBerry Curve 8320;Released 2007, September;111g, 15.5mm thickness;BlackBerry OS;64MB ROM storage, microSDHC slot;23;N/A;2,768,347 hits;"2.5""";320x240 pixels; ;;1100 mAh Li-Ion;GSM 850 / 900 / 1800 / 1900;;;;2007, September;Discontinued;107 x 60 x 15.5 mm (4.21 x 2.36 x 0.61 in);111 g (3.92 oz);;Mini-SIM;65K colors;2.5 inches, 19.4 cm(~30.1% screen-to-body ratio);320 x 240 pixels, 4:3 ratio (~160 ppi density);;BlackBerry OS;;32-bit Intel XScale PXA272 312 MHz;;microSDHC (dedicated slot);64MB ROM;;2 MP;LED flash;240x180@15fps;No;;Wi-Fi 802.11b/g;2.0, A2DP;No;;No;miniUSB 2.0;;Removable Li-Ion 1100 mAh battery;Titanium, Pale Gold;;1.08 W/kg (head)     1.47 W/kg (body);0.60 W/kg (head)     1.13 W/kg (body);About 140 EUR;;;Trackball;;Up to 408 h;Up to 4 h;;;BlackBerry mapsDocument editor (Word, Excel, PowerPoint, PDF)MP4/WMV/H.264 playerMP3/WAV/eAAC+/WMA playerOrganizerVoice memo/dial;Class 10;Class 10;
https://www.gsmarena.com/blackberry_curve_8310-2050.php;https://fdn2.gsmarena.com/vv/bigpic/blackberry-curve-8310.gif;BlackBerry Curve 8310;Released 2007, August;111g, 15.5mm thickness;BlackBerry OS;64MB ROM storage, microSDHC slot;20;0.1%;3,320,155 hits;"2.5""";320x240 pixels; ;;1100 mAh Li-Ion;GSM 850 / 900 / 1800 / 1900;;;;2007, August;Discontinued;107 x 60 x 15.5 mm (4.21 x 2.36 x 0.61 in);111 g (3.92 oz);;Mini-SIM;65K colors;2.5 inches, 19.4 cm(~30.1% screen-to-body ratio);320 x 240 pixels, 4:3 ratio (~160 ppi density);;BlackBerry OS;;32-bit Intel XScale PXA272 312 MHz;;microSDHC (dedicated slot);64MB ROM;;2 MP;LED flash;No;No;;No;2.0, A2DP;GPS;;No;miniUSB 2.0;;Removable Li-Ion 1100 mAh battery;Silver;;1.09 W/kg (head)     1.11 W/kg (body);0.59 W/kg (head)     0.63 W/kg (body);About 130 EUR;;;Trackball;;Up to 408 h;Up to 4 h;;;BlackBerry mapsDocument editor (Word, Excel, PowerPoint, PDF)MP4/WMV/H.264 playerMP3/WAV/eAAC+/WMA playerOrganizerVoice memo/dial;Class 10;Class 10;
https://www.gsmarena.com/blackberry_curve_8300-1979.php;https://fdn2.gsmarena.com/vv/bigpic/blackberry-curve.gif;BlackBerry Curve 8300;Released 2007, May;111g, 15.5mm thickness;BlackBerry OS;64MB storage, microSDHC slot;27;N/A;1,345,246 hits;"2.5""";320x240 pixels; ;;1100 mAh Li-Ion;GSM 850 / 900 / 1800 / 1900;;;;2007, May;Discontinued;107 x 60 x 15.5 mm (4.21 x 2.36 x 0.61 in);111 g (3.92 oz);;Mini-SIM;65K colors;2.5 inches, 19.4 cm(~30.1% screen-to-body ratio);320 x 240 pixels, 4:3 ratio (~160 ppi density);;BlackBerry OS;;32-bit Intel XScale PXA272 312 MHz;;microSDHC (dedicated slot);64MB;;2 MP;LED flash;Yes;No;;No;2.0, A2DP;No;;No;miniUSB 2.0;;Removable Li-Ion 1100 mAh battery;Black;;1.51 W/kg (head)     1.12 W/kg (body);0.82 W/kg (head)     0.64 W/kg (body);About 130 EUR;;;Trackball;;Up to 408 h;Up to 4 h;;;BlackBerry mapsDocument editor (Word, Excel, PowerPoint, PDF)MP4/WMV/H.263/H.264 playerMP3/WAV/eAAC+/WMA playerOrganizerVoice memo/dial;Class 10;Class 10;
https://www.gsmarena.com/blackberry_8820-2033.php;https://fdn2.gsmarena.com/vv/bigpic/blackberry-8820.gif;BlackBerry 8820;Released 2007, July;134g, 14mm thickness;BlackBerry OS;64MB 16MB RAM storage, microSD slot;22;N/A;1,238,712 hits;"2.5""";320x240 pixels;16 MB RAM;;1400 mAh Li-Ion;GSM 850 / 900 / 1800 / 1900;;;;2007, July;Discontinued;114 x 66 x 14 mm (4.49 x 2.60 x 0.55 in);134 g (4.73 oz);;Mini-SIM;65K colors;2.5 inches, 19.4 cm(~25.7% screen-to-body ratio);320 x 240 pixels, 4:3 ratio (~160 ppi density);;BlackBerry OS;;32-bit Intel XScale PXA272 312 MHz;;microSD (dedicated slot);64MB 16MB RAM;;No;;;;;Wi-Fi 802.11b/g;2.0, A2DP;GPS;;No;miniUSB;;Removable Li-Ion 1400 mAh battery;Silver;;1.28 W/kg (head)     1.58 W/kg (body);1.00 W/kg (head)     0.83 W/kg (body);About 110 EUR;;;Trackball;;Up to 520 h;Up to 5 h;;;BlackBerry mapsMedia playerOrganizerDocument viewer (Word, Excel, PowerPoint, PDF)Voice dial;Yes;Yes;
https://www.gsmarena.com/blackberry_8830_world_edition-1968.php;https://fdn2.gsmarena.com/vv/bigpic/blackberry-8830.gif;BlackBerry 8830 World Edition;Released 2007, April;132g, 14mm thickness;BlackBerry OS;64MB 16MB RAM storage, microSD slot;19;N/A;1,957,404 hits;"2.5""";320x240 pixels;16 MB RAM;MSM6550;1400 mAh Li-Ion;GSM 900 / 1800 / CDMA2000 1x EV-DO;;;;2007, April;Discontinued;114 x 66 x 14 mm (4.49 x 2.60 x 0.55 in);132 g (4.66 oz);;Mini-SIM;TFT, 65K colors;2.5 inches, 19.4 cm(~25.7% screen-to-body ratio);320 x 240 pixels, 4:3 ratio (~160 ppi density);;BlackBerry OS;Qualcomm MSM6550;;;microSD (dedicated slot);64MB 16MB RAM;;No;;;;;No;2.0;GPS;;No;miniUSB;;Removable Li-Ion 1400 mAh battery;Black;;;0.86 W/kg (head)     0.51 W/kg (body);About 100 EUR;;;Trackball;;;;;;BlackBerry mapsMedia playerOrganizerOrganizerDocument viewer (Word, Excel, PowerPoint, PDF)Voice dial;Yes;Yes;
https://www.gsmarena.com/blackberry_8800-1911.php;https://fdn2.gsmarena.com/vv/bigpic/blackberry-8800.gif;BlackBerry 8800;Released 2007, February;134g, 14mm thickness;BlackBerry OS;64MB 16MB RAM storage, microSD slot;26;N/A;1,379,100 hits;"2.5""";320x240 pixels;16 MB RAM;;;GSM 850 / 900 / 1800 / 1900;;;;2007, February;Discontinued;114 x 66 x 14 mm (4.49 x 2.60 x 0.55 in);134 g (4.73 oz);;Mini-SIM;65K colors;2.5 inches, 19.4 cm(~25.7% screen-to-body ratio);320 x 240 pixels, 4:3 ratio (~160 ppi density);;BlackBerry OS;;32-bit Intel XScale PXA272 312 MHz;;microSD (dedicated slot);64MB 16MB RAM;;No;;;;;No;2.0;GPS;;No;miniUSB;;Removable Li-Ion battery;Silver;;1.16 W/kg (head)     0.51 W/kg (body);0.91 W/kg (head)     0.43 W/kg (body);About 120 EUR;;;Trackball;;Up to 530 h;Up to 5 h;;;BlackBerry mapsMedia playerOrganizerOrganizerDocument viewer (Word, Excel, PowerPoint, PDF)Voice dial;Yes;Yes;
https://www.gsmarena.com/blackberry_pearl_8100-1701.php;https://fdn2.gsmarena.com/vv/bigpic/blackberry-8100.gif;BlackBerry Pearl 8100;Released 2006, September;89.5g, 14.5mm thickness;BlackBerry OS;64MB storage, microSD slot;28;0.1%;3,082,034 hits;"2.2""";240x260 pixels; ;;900 mAh Li-Ion;GSM 850 / 900 / 1800 / 1900;;;;2006, September;Discontinued;107 x 50 x 14.5 mm (4.21 x 1.97 x 0.57 in);89.5 g (3.14 oz);;Mini-SIM;65K colors;2.2 inches, 15.6 cm(~29.1% screen-to-body ratio);240 x 260 pixels (~161 ppi density);;BlackBerry OS;;32-bit Intel XScale PXA272 312 MHz;;microSD (dedicated slot);64MB;;1.3 MP;LED flash;No;No;;No;2.0;No;;No;Proprietary;;Removable Li-Ion 900 mAh battery;Black, White, Red;;;;About 200 EUR;;;;;Up to 360 h;Up to 3 h 30 min;;Wallpapers;Document viewer (Word, Excel, PowerPoint, PDF)Media playerSureType keyboard softwareOrganizer;Yes;Yes;
https://www.gsmarena.com/blackberry_7130g-1622.php;https://fdn2.gsmarena.com/vv/bigpic/blackberry-7130g.gif;BlackBerry 7130g;Released 2006, June;120g, 18mm thickness;BlackBerry OS;64MB 16MB RAM storage, no card slot;14;N/A;498,901 hits;"2.4""";240x260 pixels;16 MB RAM;;1100 mAh Li-Ion;GSM 850 / 900 / 1800 / 1900;;;;2006, June;Discontinued;115 x 56 x 18 mm (4.53 x 2.20 x 0.71 in);120 g (4.23 oz);;Mini-SIM;65K colors;2.4 inches, 18.5 cm(~28.8% screen-to-body ratio);240 x 260 pixels (~147 ppi density);;BlackBerry OS;;Intel XScale 312 MHz;;No;64MB 16MB RAM;;No;;;;;No;2.0;No;;No;Proprietary;;Removable Li-Ion 1100 mAh battery (C-S2);;;;;;;;;;Up to 430 h;Up to 4 h;;Wallpapers;Document viewer (Word, Excel, PowerPoint, PDF)SureType keyboard softwareOrganizer;Yes;Yes;
https://www.gsmarena.com/blackberry_7130c-1623.php;https://fdn2.gsmarena.com/vv/bigpic/blackberry-7130c.gif;BlackBerry 7130c;Released 2006, June;120g, 18mm thickness;BlackBerry OS;64MB 16MB RAM storage, no card slot;15;N/A;274,472 hits;"2.4""";240x260 pixels;16 MB RAM;;1100 mAh Li-Ion;GSM 850 / 900 / 1800 / 1900;;;;2006, June;Discontinued;115 x 56 x 18 mm (4.53 x 2.20 x 0.71 in);120 g (4.23 oz);;Mini-SIM;65K colors;2.4 inches, 18.5 cm(~28.8% screen-to-body ratio);240 x 260 pixels (~147 ppi density);;BlackBerry OS;;Intel XScale 312 MHz;;No;64MB 16MB RAM;;No;;;;;No;2.0;No;;No;Proprietary;;Removable Li-Ion 1100 mAh battery (C-S2);;;;;;;;;;Up to 430 h;Up to 4 h;;Wallpapers;Document viewer (Word, Excel, Powerpoint, PDF)SureType keyboard softwareOrganizer;Yes;Yes;
https://www.gsmarena.com/blackberry_7130v-1621.php;https://fdn2.gsmarena.com/vv/bigpic/blackberry-7130v.gif;BlackBerry 7130v;Released 2006, June;120g, 18mm thickness;BlackBerry OS;64MB 16MB RAM storage, no card slot;12;N/A;302,603 hits;"2.4""";240x260 pixels;16 MB RAM;;1100 mAh Li-Ion;GSM 850 / 900 / 1800 / 1900;;;;2006, June;Discontinued;115 x 56 x 18 mm (4.53 x 2.20 x 0.71 in);120 g (4.23 oz);;Mini-SIM;65K colors;2.4 inches, 18.5 cm(~28.8% screen-to-body ratio);240 x 260 pixels (~147 ppi density);;BlackBerry OS;;Intel XScale 312 MHz;;No;64MB 16MB RAM;;No;;;;;No;2.0;No;;No;Proprietary;;Removable Li-Ion 1100 mAh battery (C-S2);;;;;;;;;;Up to 430 h;Up to 4 h;;Wallpapers;Document viewer (Word, Excel, PowerPoint, PDF)SureType keyboard softwareOrganizer;Yes;Yes;
https://www.gsmarena.com/blackberry_8707v-1575.php;https://fdn2.gsmarena.com/vv/bigpic/blackberry-8707v.gif;BlackBerry 8707v;Released 2006, May;139g, 19.5mm thickness;BlackBerry OS;64MB 16MB RAM storage, no card slot;17;N/A;729,680 hits;"2.6""";320x240 pixels;16 MB RAM;;1500 mAh Li-Ion;GSM 850 / 900 / 1800 / 1900;UMTS 2100;;Yes, 384 kbps;2006, May;Discontinued;110 x 69.5 x 19.5 mm (4.33 x 2.74 x 0.77 in);139 g (4.90 oz);;Mini-SIM;65K colors;2.6 inches, 20.9 cm(~27.4% screen-to-body ratio);320 x 240 pixels, 4:3 ratio (~154 ppi density);;BlackBerry OS;;Intel PXA901 312 MHz;;No;64MB 16MB RAM;;No;;;;;No;2.0;No;;No;miniUSB;;Removable Li-Ion 1500 mAh battery (C-S2);Silver;;;;;;;;;Up to 400 h;Up to 4 h;;;OrganizerDocument viewer (Word, Excel, PowerPoint, PDF);;;
https://www.gsmarena.com/blackberry_8700c-1349.php;https://fdn2.gsmarena.com/vv/bigpic/blackberry-8700c.gif;BlackBerry 8700c;Released 2004, Q4;134g, 19.5mm thickness;BlackBerry OS;64MB 16MB RAM storage, no card slot;26;N/A;1,330,015 hits;"2.6""";320x240 pixels;16 MB RAM;;1100 mAh Li-Ion;GSM 850 / 900 / 1800 / 1900;;;;2004, Q4;Discontinued;110 x 69.5 x 19.5 mm (4.33 x 2.74 x 0.77 in);134 g (4.73 oz);;Mini-SIM;65K colors;2.6 inches, 20.9 cm(~27.4% screen-to-body ratio);320 x 240 pixels, 4:3 ratio (~154 ppi density);;BlackBerry OS;;Intel PXA901 312 MHz;;No;64MB 16MB RAM;;No;;;;;No;Yes;No;;No;Proprietary;;Removable Li-Ion 1100 mAh battery;;;;;;;;;;Up to 450 h;Up to 4 h;;;Organizer;Yes;Yes;
https://www.gsmarena.com/blackberry_7100x-1013.php;https://fdn2.gsmarena.com/vv/bigpic/bb7100x.gif;BlackBerry 7100x;Released 2005, Q1;120g, 20mm thickness;BlackBerry OS;32MB 4MB RAM storage, no card slot;15;N/A;529,946 hits;"2.2""";240x260 pixels;4 MB RAM;;;GSM 850 / 900 / 1800 / 1900;;;;2005, Q1;Discontinued;114 x 56 x 20 mm (4.49 x 2.20 x 0.79 in);120 g (4.23 oz);;Mini-SIM;65K colors;2.2 inches, 15.6 cm(~24.4% screen-to-body ratio);240 x 260 pixels (~161 ppi density);;BlackBerry OS;;;;No;32MB 4MB RAM;32 MB flash memory4 MB SRAM;No;;;;;No;Yes;No;;No;Proprietary;;Removable Li-Ion battery;;;;;;;;;;Up to 190 h;Up to 4 h;;Wallpapers;Organizer;Yes;No;
https://www.gsmarena.com/blackberry_7100t-1011.php;https://fdn2.gsmarena.com/vv/bigpic/bb7100t.gif;BlackBerry 7100t;Released 2004, Q4;120g, 19mm thickness;BlackBerry OS;32MB 4MB RAM storage, no card slot;13;N/A;464,840 hits;"2.36""";240x260 pixels;4 MB RAM;;;GSM 850 / 900 / 1800 / 1900;;;;2004, Q4;Discontinued;119 x 58 x 19 mm (4.69 x 2.28 x 0.75 in);120 g (4.23 oz);;Mini-SIM;65K colors;2.36 inches, 17.9 cm(~25.9% screen-to-body ratio);240 x 260 pixels (~150 ppi density);;BlackBerry OS;;;;No;32MB 4MB RAM;;No;;;;;No;Yes;No;;No;Proprietary;;Removable Li-Ion battery;;;;;;;;;;Up to 200 h;Up to 5 h;;Wallpapers;Organizer;Yes;No;
https://www.gsmarena.com/blackberry_7100v-1012.php;https://fdn2.gsmarena.com/vv/bigpic/bb7100v.gif;BlackBerry 7100v;Released 2004, Q4;120g, 20mm thickness;BlackBerry OS;32MB 4MB RAM storage, no card slot;13;N/A;493,283 hits;"2.37""";240x260 pixels;4 MB RAM;;;GSM 850 / 900 / 1800 / 1900;;;;2004, Q4;Discontinued;114 x 56 x 20 mm (4.49 x 2.20 x 0.79 in);120 g (4.23 oz);;Mini-SIM;65K colors;2.37 inches, 18.1 cm(~28.3% screen-to-body ratio);240 x 260 pixels (~149 ppi density);;BlackBerry OS;;;;No;32MB 4MB RAM;32 MB flash memory4 MB SRAM;No;;;;;No;Yes;No;;No;Proprietary;;Removable Li-Ion battery;;;;;;;;;;Up to 200 h;Up to 5 h;;Wallpapers;Organizer;Yes;No;
https://www.gsmarena.com/blackberry_7290-1348.php;https://fdn2.gsmarena.com/vv/bigpic/blackberry-7290.gif;BlackBerry 7290;Released 2004, Q4;139g, 22mm thickness;BlackBerry OS;32MB 4MB RAM storage, no card slot;21;N/A;708,387 hits;"2.6""";240x160 pixels;4 MB RAM;;;GSM 850 / 900 / 1800 / 1900;;;;2004, Q4;Discontinued;113 x 74.5 x 22 mm (4.45 x 2.93 x 0.87 in);139 g (4.90 oz);;Mini-SIM;65K colors;2.6 inches, 20.1 cm(~23.9% screen-to-body ratio);240 x 160 pixels, 3:2 ratio (~111 ppi density);;BlackBerry OS;;;;No;32MB 4MB RAM;;No;;;;;No;Yes;No;;No;Proprietary;;Removable Li-Ion battery;Cosmos Black, Satin Blue, Steel Blue;;;;;;;;;Up to 210 h;Up to 4 h;;;Organizer;Yes;No;
https://www.gsmarena.com/blackberry_7730-1010.php;https://fdn2.gsmarena.com/vv/bigpic/bb7730.gif;BlackBerry 7730;Released 2004, Q1;142g, 18mm thickness;BlackBerry OS;16MB 2MB RAM storage, no card slot;18;N/A;376,824 hits;"3.0""";240x240 pixels;2 MB RAM;;;GSM 900 / 1800 / 1900;;;;2004, Q1;Discontinued;121 x 77 x 18 mm (4.76 x 3.03 x 0.71 in);142 g (5.01 oz);;Mini-SIM;65K colors;3.0 inches, 29.0 cm(~31.2% screen-to-body ratio);240 x 240 pixels, 1:1 ratio (~113 ppi density);;BlackBerry OS;;;;No;16MB 2MB RAM;;No;;;;;No;No;No;;No;Proprietary;;Removable Li-Ion battery;;;;;;;;;;Up to 200 h;Up to 5 h;;;Organizer;Yes;No;
https://www.gsmarena.com/blackberry_7230-1009.php;https://fdn2.gsmarena.com/vv/bigpic/bb7230.gif;BlackBerry 7230;Released 2003, Q3;136g, 20mm thickness;BlackBerry OS;16MB 1MB RAM storage, no card slot;26;N/A;518,482 hits;"2.6""";240x160 pixels;1 MB RAM;;;GSM 900 / 1800 / 1900;;;;2003, Q3;Discontinued;113 x 74 x 20 mm (4.45 x 2.91 x 0.79 in);136 g (4.80 oz);;Mini-SIM;65K colors;2.6 inches, 20.1 cm(~24.1% screen-to-body ratio);240 x 160 pixels, 3:2 ratio (~111 ppi density);;BlackBerry OS;;;;No;16MB 1MB RAM;;No;;;;;No;No;No;;No;Proprietary;;Removable Li-Ion battery;;;;;About 110 EUR;;;;;Up to 240 h;Up to 5 h;;;Organizer;Yes;No;
https://www.gsmarena.com/blackberry_6720-1008.php;https://fdn2.gsmarena.com/vv/bigpic/bb6720.gif;BlackBerry 6720;Released 2003, Q2;138g, 18mm thickness;BlackBerry OS;16MB 1MB RAM storage, no card slot;16;N/A;338,579 hits;"3.0""";160x160 pixels;1 MB RAM;;;GSM 900 / 1800;;;;2003, Q2;Discontinued;121 x 77 x 18 mm (4.76 x 3.03 x 0.71 in);138 g (4.87 oz);;Mini-SIM;Monochrome;3.0 inches, 29.0 cm(~31.2% screen-to-body ratio);160 x 160 pixels, 1:1 ratio (~75 ppi density);;BlackBerry OS;;;;No;16MB 1MB RAM;;No;;;;;No;No;No;;No;Proprietary;;Removable Li-Ion battery;;;;;;;;;;Up to 240 h;Up to 4 h;;;Organizer;;No;
https://www.gsmarena.com/blackberry_6230-1007.php;https://fdn2.gsmarena.com/vv/bigpic/bb6230.gif;BlackBerry 6230;Released 2003, Q2;136g, 20mm thickness;BlackBerry OS;16MB 1MB RAM storage, no card slot;29;N/A;577,586 hits;"2.6""";;1 MB RAM;;;GSM 900 / 1800 / 1900;;;;2003, Q2;Discontinued;113 x 75 x 20 mm (4.45 x 2.95 x 0.79 in);136 g (4.80 oz);;Mini-SIM;Monochrome;2.6 inches;;;BlackBerry OS;;;;No;16MB 1MB RAM;;No;;;;;No;No;No;;No;Proprietary;;Removable Li-Ion battery;;;;;;;;;;Up to 380 h;Up to 5 h;;;Organize;;No;
https://www.gsmarena.com/blackberry_z20-6895.php;https://fdn2.gsmarena.com/vv/bigpic/blackberry-z20r.jpg;BlackBerry Z20;Cancelled;9.5mm thickness;BlackBerry OS 10.3;16GB storage, microSDHC;16;0.1%;418,275 hits;"5.0""";720x1280 pixels;2 GB RAM;Snapdragon S4 Plus;2800 mAh Li-Ion;GSM 850 / 900 / 1800 / 1900;HSDPA 900 / 1900 / 2100;LTE (unspecified);HSPA, LTE;;Cancelled;9.5 mm thickness;-;;Yes;IPS LCD;5.0 inches, 68.9 cm(~67.6% screen-to-body ratio);720 x 1280 pixels, 16:9 ratio (~294 ppi density);;BlackBerry OS 10.3;Qualcomm MSM8960 Snapdragon S4 Plus;Dual-core 1.5 GHz Krait;Adreno 225;microSDHC (dedicated slot);16GB 2GB RAM;;8 MP, AF;LED flash;1080p@30fps;2 MP;;Wi-Fi 802.11 a/b/g/n, dual-band, DLNA, hotspot;4.0, A2DP;GPS;No;FM radio;microUSB 2.0;Accelerometer, proximity;Li-Ion 2800 mAh, non-removable;Black, White;;;;;;;;;;;;;MP3/WAV/eAAC+/WMA/Flac playerMP4/H.264/WMV playerPhoto/video editorDocument viewer;;;
https://www.gsmarena.com/blackberry_a10-5595.php;https://fdn2.gsmarena.com/vv/bigpic/blackberry-a10.jpg;BlackBerry A10;Cancelled;9.4mm thickness;BlackBerry OS 10.2;16GB storage, microSDXC;30;N/A;381,609 hits;"5.0""";720x1280 pixels;2 GB RAM;Snapdragon S4 Pro;2800 mAh Li-Ion;GSM 850 / 900 / 1800 / 1900;HSDPA;LTE - all versions;HSPA 21.1/5.76 Mbps, LTE, EV-DO Rev.A 3.1 Mbps;;Cancelled;140.7 x 72 x 9.4 mm (5.54 x 2.83 x 0.37 in);-;;Micro-SIM;IPS LCD;5.0 inches, 68.9 cm(~68.0% screen-to-body ratio);720 x 1280 pixels, 16:9 ratio (~294 ppi density);;BlackBerry OS 10.2;Qualcomm MSM8960Pro Snapdragon S4 Pro;Dual-core 1.7 GHz Krait;Adreno 225;microSDXC (dedicated slot);16GB 2GB RAM;;8 MP, AF;LED flash;1080p@30fps;2 MP;720p@30fps;Wi-Fi 802.11 a/b/g/n, dual band, DLNA;4.0, A2DP, LE;GPS;Yes;No;microUSB 2.0;Accelerometer, gyro, proximity, compass;Li-Ion 2800 mAh, removable;Black;;;;;;;;;;;;;HDMI portBlackBerry mapsOrganizerDocument viewerPhoto viewerMP3/WMA/WAV/eAAC+/FlAC playerDivX/XviD/MP4/WMV/H.264 playerVoice memo/dialPredictive text input;Yes;Yes;
https://www.gsmarena.com/blackberry_porsche_design_p_9531-4463.php;https://fdn2.gsmarena.com/vv/bigpic/blackberry-porsche-design-p9531.jpg;BlackBerry Porsche Design P'9531;Released Not officially announced yet;155g, 11.3mm thickness;BlackBerry OS 7.0;8GB storage, microSDHC;17;N/A;305,977 hits;"2.8""";640x480 pixels;768 MB RAM;Snapdragon S2;1000 mAh Li-Ion;CDMA 800 / 1900;CDMA2000 1xEV-DO;;EV-DO Rev.A 3.1 Mbps;Not officially announced yet;Discontinued;115 x 67 x 11.3 mm (4.53 x 2.64 x 0.44 in);155 g (5.47 oz);;Mini-SIM;TFT;2.8 inches, 24.3 cm(~31.5% screen-to-body ratio);640 x 480 pixels, 4:3 ratio (~286 ppi density);;BlackBerry OS 7.0;Qualcomm MSM8655 Snapdragon S2;1.2 GHz;Adreno 205;microSDHC (dedicated slot);8GB 768MB RAM;;5 MP, AF;LED flash;720p;No;;Wi-Fi 802.11 b/g/n;2.1, A2DP, EDR;GPS, A-GPS;Yes;No;microUSB 2.0;Accelerometer, proximity, compass;Removable Li-Ion 1000 mAh battery;Black;;;;;;;Optical trackpad;;;;;;MP3/eAAC+/Flac/WAV playerMP4/H.264 playerOrganizerDocument viewerVoice memo/dialPredictive text input;;;
https://www.gsmarena.com/blackberry_playbook_2012-4460.php;https://fdn2.gsmarena.com/vv/bigpic/blackberry-playbook-2012.jpg;BlackBerry Playbook 2012;Cancelled;425g, 10mm thickness;BlackBerry Tablet 2.0;64GB storage, no card slot;17;N/A;213,326 hits;"7.0""";600x1024 pixels;1 GB RAM;TI OMAP 4460;4800 mAh Li-Po;GSM 850 / 900 / 1800 / 1900;HSDPA 850 / 900 / 1700 / 1900 / 2100;;HSPA 42.2/5.76 Mbps;Not officially announced yet;Cancelled;194 x 130 x 10 mm (7.64 x 5.12 x 0.39 in);425 g (14.99 oz);;Micro-SIM;TFT;7.0 inches, 137.9 cm(~54.7% screen-to-body ratio);600 x 1024 pixels, 16:9 ratio (~170 ppi density);;BlackBerry Tablet 2.0;TI OMAP 4460;Dual-core 1.5 GHz;;No;;;5 MP, AF;;1080p@30fps;3 MP;1080p@30fps;Wi-Fi 802.11 a/b/g/n, dual-band;2.1, EDR;GPS, A-GPS;Yes;No;microUSB 2.0;Accelerometer, gyro, compass;Non-removable Li-Po 4800 mAh battery;Black;;;;;;;;;;Up to 10 h (multimedia);;;Micro HDMI portDocument viewerMedia player MP3/WMA/AAC+Video player DivX/WMV/XviD/3gpOrganizerPredictive text input;;;
https://www.gsmarena.com/blackberry_curve_touch-3934.php;https://fdn2.gsmarena.com/vv/bigpic/blackberry-curve-touch-gsm.jpg;BlackBerry Curve Touch;Released Not officially announced yet;;BlackBerry OS 6.1;1GB ROM storage, microSDHC slot;13;N/A;283,531 hits;"3.25""";480x360 pixels;512 MB RAM;Snapdragon S2;;GSM 850 / 900 / 1800 / 1900;HSDPA 850 / 900 / 1900 / 2100;;HSPA;Not officially announced yet;Discontinued;-;-;;Mini-SIM;TFT;3.25 inches, 32.7 cm;480 x 360 pixels, 4:3 ratio (~185 ppi density);;BlackBerry OS 6.1;Qualcomm MSM8655 Snapdragon S2;800 MHz Scorpion;Adreno 205;microSDHC (dedicated slot);1GB ROM, 512MB RAM;;5 MP;LED flash;720p;No;;Wi-Fi 802.11b/g/n;2.1, A2DP;GPS, A-GPS;Yes;No;microUSB 2.0;Accelerometer;Removable Li-Ion battery;Black;;;;;;;Optical trackpad;;;;;;MP3/eAAC+/WMA/WAV playerMP4/H.264/WMV playerOrganizerDocument viewerVoice memo/dialPredictive text input;;;
https://www.gsmarena.com/blackberry_curve_touch_cdma-3757.php;https://fdn2.gsmarena.com/vv/bigpic/blackberry-curve-touch.jpg;BlackBerry Curve Touch CDMA;Cancelled;;BlackBerry OS 6.1;1GB ROM storage, microSDHC slot;17;N/A;247,881 hits;"3.25""";480x360 pixels;512 MB RAM;Snapdragon S2;;CDMA 800 / 1900;CDMA2000 1xEV-DO;;EV-DO Rev.A 3.1 Mbps;Not officially announced yet;Cancelled;-;-;;Mini-SIM;TFT;3.25 inches, 32.7 cm;480 x 360 pixels, 4:3 ratio (~185 ppi density);;BlackBerry OS 6.1;Qualcomm MSM8655 Snapdragon S2;800 MHz Scorpion;Adreno 205;microSDHC (dedicated slot);1GB ROM, 512MB RAM;;5 MP;LED flash;720p;No;;Wi-Fi 802.11b/g/n;2.1, A2DP;;Yes;No;microUSB 2.0;Accelerometer;Removable Li-Ion battery;Black;;;;;;;Optical trackpad;;;;;;MP3/eAAC+/WMA/WAV playerMP4/H.264/WMV playerOrganizerDocument viewerVoice memo/dialPredictive text input;;;
