Link;Image;Name;Release date;Weight;OS;Storage;Fans;Popularity;Hits;Screen_size;Screen_resolution;RAM;SOC;Battery;net2g;net3g;net4g;speed;year;status;dimensions;weight;sim;displaytype;displaysize;displayresolution;os;chipset;cpu;gpu;memoryslot;internalmemory;memoryother;cam1modules;cam1features;cam1video;cam2modules;cam2video;wlan;bluetooth;gps;nfc;radio;usb;sensors;batdescription1;colors;price;bodyother;displayprotection;optionalother;net5g;build;gprstext;edge;displayother;tbench;batlife
https://www.gsmarena.com/doogee_x98_pro-12129.php;https://fdn2.gsmarena.com/vv/bigpic/doogee-x98-pro.jpg;Doogee X98 Pro;Released 2022, November 10;8.8mm thickness;Android 12;64GB storage, microSDXC;0;0.7%;4,259 hits;"6.52""";720x1600 pixels;4 GB RAM;Helio G25;4200 mAh Li-Po;GSM 850 / 900 / 1800 / 1900 - SIM 1 & SIM 2;HSDPA 800 / 850 / 900 / 1700(AWS) / 1900 / 2100;1, 2, 3, 4, 5, 7, 8, 12, 13, 17, 18, 19, 20, 25, 26, 28, 34, 38, 39, 40, 41, 66;HSPA, LTE;2022, November;Available. Released 2022, November 10;165.3 x 76.3 x 8.8 mm (6.51 x 3.00 x 0.35 in);-;Hybrid Dual SIM (Nano-SIM, dual stand-by);IPS LCD;6.52 inches, 102.6 cm(~81.4% screen-to-body ratio);720 x 1600 pixels, 20:9 ratio (~269 ppi density);Android 12;Mediatek MT6762 Helio G25 (12 nm);Octa-core (4x2.0 GHz Cortex-A53 & 4x1.5 GHz Cortex-A53);PowerVR GE8320;microSDXC (uses shared SIM slot);64GB 4GB RAM;eMMC 5.1;12 MP, f/1.8, (wide), PDAF2 MP, (depth);Triple-LED flash, HDR, panorama;Yes;8 MP, f/2.2, (wide);Yes;Wi-Fi 802.11 a/b/g/n/ac, dual-band;5.0, A2DP, LE;GPS, GLONASS, BDS, GALILEO;No;FM radio;USB Type-C 2.0, OTG;Accelerometer, proximity, compass;Li-Po 4200 mAh, non-removable;Emerald Green, Ocean Blue, Graphite Gray;;;;;;;;;;;
https://www.gsmarena.com/doogee_x98-12130.php;https://fdn2.gsmarena.com/vv/bigpic/doogee-x98-pro.jpg;Doogee X98;Released 2022, November 10;8.8mm thickness;Android 12;16GB storage, microSDXC;0;0.2%;1,471 hits;"6.52""";720x1600 pixels;3 GB RAM;Helio A22;4200 mAh Li-Po;GSM 850 / 900 / 1800 / 1900 - SIM 1 & SIM 2;HSDPA 850 / 900 / 1900 / 2100;1, 3, 5, 7, 8, 20, 34, 38, 39, 40, 41;HSPA, LTE;2022, November;Available. Released 2022, November 10;165.3 x 76.3 x 8.8 mm (6.51 x 3.00 x 0.35 in);-;Hybrid Dual SIM (Nano-SIM, dual stand-by);IPS LCD;6.52 inches, 102.6 cm(~81.4% screen-to-body ratio);720 x 1600 pixels, 20:9 ratio (~269 ppi density);Android 12;Mediatek MT6761 Helio A22 (12 nm);Quad-core 2.0 GHz Cortex-A53;PowerVR GE8320;microSDXC (uses shared SIM slot);16GB 3GB RAM;eMMC 5.1;8 MP, f/1.8, (wide)2 MP, (depth);Triple-LED flash, HDR, panorama;Yes;5 MP, f/2.2, (wide);Yes;Wi-Fi 802.11 a/b/g/n/ac, dual-band;5.0, A2DP, LE;GPS, GLONASS, BDS, GALILEO;No;FM radio;USB Type-C 2.0, OTG;Accelerometer, proximity;Li-Po 4200 mAh, non-removable;Emerald Green, Ocean Blue, Graphite Gray;;;;;;;;;;;
https://www.gsmarena.com/doogee_s99-12128.php;https://fdn2.gsmarena.com/vv/bigpic/doogee-s99-.jpg;Doogee S99;Released 2022, December 05;15.5mm thickness;Android 12;128GB storage, microSDXC;2;0.9%;5,141 hits;"6.3""";1080x2340 pixels;8 GB RAM;Helio G96;6000 mAh Li-Po;GSM 850 / 900 / 1800 / 1900 - SIM 1 & SIM 2;HSDPA 800 / 850 / 900 / 1700(AWS) / 1900 / 2100;1, 2, 3, 4, 5, 7, 8, 12, 13, 17, 18, 19, 20, 25, 26, 28, 34, 38, 39, 40, 41, 66;HSPA, LTE;2022, December 05;Available. Released 2022, December 05;172 x 82 x 15.5 mm (6.77 x 3.23 x 0.61 in);-;Dual SIM (Nano-SIM, dual stand-by);IPS LCD;6.3 inches, 97.4 cm(~69.1% screen-to-body ratio);1080 x 2340 pixels, 19.5:9 ratio (~409 ppi density);Android 12;Mediatek MT6781 Helio G96 (12 nm);Octa-core (2x2.05 GHz Cortex-A76 & 6x2.0 GHz Cortex-A55);Mali-G57 MC2;microSDXC (dedicated slot);128GB 8GB RAM;;"108 MP, f/1.9, (wide), 1/1.52"", 0.7µm, PDAF64 MP, f/1.8, (night vision), 2 infrared night vision lights16 MP, f/1.8, 130˚ (ultrawide)";Dual-LED flash, HDR, panorama;1440p@30fps, 1080p@30fps;"32 MP, f/2.0, (wide), 1/2.8"", 0.8µm";1080p@30fps;Wi-Fi 802.11 a/b/g/n/ac, dual-band;5.1, A2DP, LE;GPS, GLONASS, GALILEO, BDS;Yes (market/region dependent);FM radio;USB Type-C 2.0, OTG;Fingerprint (side-mounted), accelerometer, gyro, proximity, compass;Li-Po 6000 mAh, non-removable;Gold, Black;;IP68/IP69K dust/water resistant (up to 1.5m for 30 min)Drop-to-concrete resistance from up to 1.8mMIL-STD-810H compliant;Corning Gorilla Glass;24-bit/192kHz audio;;;;;;;
https://www.gsmarena.com/doogee_v_max-12122.php;https://fdn2.gsmarena.com/vv/bigpic/doogee-v-max.jpg;Doogee V Max;Released 2023, February 13;27.3mm thickness;Android 12;256GB storage, microSDXC;18;1.3%;25,690 hits;"6.58""";1080x2408 pixels;12 GB RAM;Dimensity 1080;22000 mAh Li-Po;GSM 850 / 900 / 1800 / 1900 - SIM 1 & SIM 2;HSDPA 800 / 850 / 900 / 1700(AWS) / 1900 / 2100;1, 2, 3, 4, 5, 7, 8, 12, 17, 18, 19, 20, 25, 26, 28, 34, 38, 39, 40, 41, 66;HSPA, LTE, 5G;2023, February 13;Available. Released 2023, February 13;178.5 x 83.1 x 27.3 mm (7.03 x 3.27 x 1.07 in);-;Hybrid Dual SIM (Nano-SIM, dual stand-by);IPS LCD, 120Hz;6.58 inches, 104.3 cm(~70.3% screen-to-body ratio);1080 x 2408 pixels, 20:9 ratio (~401 ppi density);Android 12;Mediatek MT6877V Dimensity 1080 (6 nm);Octa-core (2x2.6 GHz Cortex-A78 & 6x2.0 GHz Cortex-A55);Mali-G68 MC4;microSDXC (uses shared SIM slot);256GB 12GB RAM;UFS 3.1;"108 MP, f/1.8, (wide), 1/1.52"", 0.7µm, PDAF20 MP, f/1.8, (night vision), 2 infrared night vision lights16 MP, f/2.2, 130˚ (ultrawide)";Dual-LED flash, HDR, panorama;4K@30fps, 1080p@30fps;"32 MP, f/1.8, (wide), 1/2.8"", 0.8µm";1440p, 1080p;Wi-Fi 802.11 a/b/g/n/ac/6, dual-band;5.2, A2DP, LE;GPS (L1+L5), GLONASS, GALILEO, BDS;Yes (market/region dependent);FM radio;USB Type-C 2.0, OTG;Fingerprint (side-mounted), accelerometer, gyro, proximity, compass;Li-Po 22000 mAh, non-removable;Sunshine Gold, Classic Black, Moonshine Silver;;IP68/IP69K dust/water resistant (up to 1.5m for 30 min)Drop-to-concrete resistance from up to 1.5mMIL-STD-810H compliant;Corning Gorilla Glass 5;24-bit/192kHz audio;1, 3, 7, 28, 38, 41, 77, 78, 79 SA/NSA;;;;;;
https://www.gsmarena.com/doogee_s100-12111.php;https://fdn2.gsmarena.com/vv/bigpic/doogee-s100-pro-.jpg;Doogee S100;Exp. release 2023, March;17.9mm thickness;Android 12;256GB storage, microSDXC;17;0.6%;20,081 hits;"6.58""";1080x2408 pixels;12 GB RAM;Helio G99;10800 mAh Li-Po;GSM 850 / 900 / 1800 / 1900 - SIM 1 & SIM 2;HSDPA 800 / 850 / 900 / 1700(AWS) / 1900 / 2100;1, 2, 3, 4, 5, 7, 8, 12, 13, 17, 18, 19, 20, 25, 26, 28, 34, 38, 39, 40, 41, 66, 71;HSPA, LTE;2023, February 07;Coming soon. Exp. release 2023, March;178.5 x 83.1 x 17.9 mm (7.03 x 3.27 x 0.70 in);-;Hybrid Dual SIM (Nano-SIM, dual stand-by);IPS LCD;6.58 inches, 104.3 cm(~70.3% screen-to-body ratio);1080 x 2408 pixels, 20:9 ratio (~401 ppi density);Android 12;Mediatek MT8781 Helio G99 (6nm);Octa-core (2x2.2 GHz Cortex-A76 & 6x2.0 GHz Cortex-A55);Mali-G57 MC2;microSDXC (uses shared SIM slot);256GB 12GB RAM;UFS 2.2;"108 MP, f/1.8, (wide), 1/1.52"", 0.7µm, PDAF20 MP, f/1.8, (night vision), 2 infrared night vision lights16 MP, f/2.2, 130˚ (ultrawide)";Dual-LED flash, HDR, panorama;1440p, 1080p;"32 MP, f/2.0, (wide), 1/2.8"", 0.8µm";1440p, 1080p;Wi-Fi 802.11 a/b/g/n/ac/6, dual-band;5.0, A2DP, LE;GPS, GLONASS, BDS, GALILEO;Yes (market/region dependent);FM radio;USB Type-C 2.0, OTG;Fingerprint (side-mounted), accelerometer, gyro, proximity, compass;Li-Po 10800 mAh, non-removable;Ice Blue, Cyber Yellow, Classic Black;;IP68/IP69K dust/water resistant (up to 1.5m for 30 min)Drop-to-concrete resistance from up to 1.5mMIL-STD-810H compliant;Corning Gorilla Glass;;;;;;;;
https://www.gsmarena.com/doogee_v30-12123.php;https://fdn2.gsmarena.com/vv/bigpic/doogee-v30.jpg;Doogee V30;Released 2022, December 22;376g, 18.3mm thickness;Android 12;256GB storage, microSDXC;6;0.6%;10,691 hits;"6.58""";1080x2408 pixels;8 GB RAM;Dimensity 900;10800 mAh Li-Po;GSM 850 / 900 / 1800 / 1900 - SIM 1 & SIM 2;HSDPA 800 / 850 / 900 / 1700(AWS) / 1900 / 2100;1, 2, 3, 4, 5, 7, 8, 12, 17, 18, 19, 20, 25, 26, 28, 34, 38, 39, 40, 41, 66;HSPA, LTE, 5G;2022, December 12;Available. Released 2022, December 22;178.4 x 83.1 x 18.3 mm (7.02 x 3.27 x 0.72 in);376 g (13.26 oz);Hybrid Dual SIM (Nano-SIM, eSIM, dual stand-by);IPS LCD, 120Hz;6.58 inches, 104.3 cm(~70.4% screen-to-body ratio);1080 x 2408 pixels, 20:9 ratio (~401 ppi density);Android 12;Mediatek MT6877 Dimensity 900 (6 nm);Octa-core (2x2.4 GHz Cortex-A78 & 6x2.0 GHz Cortex-A55);Mali-G68 MC4;microSDXC (uses shared SIM slot);256GB 8GB RAM;UFS 3.1;"108 MP, f/1.8, (wide), 1/1.52"", 0.7µm, PDAF20 MP, f/1.8, (night vision), 2 infrared night vision lights16 MP, f/2.2, 130˚ (ultrawide)";Dual-LED flash, HDR, panorama;4K@30fps, 1080p@30fps;"32 MP, f/2.0, (wide), 1/2.8"", 0.8µm";4K@30fps, 1080p@30fps;Wi-Fi 802.11 a/b/g/n/ac/6, dual-band;5.2, A2DP, LE;GPS (L1+L5), GLONASS, GALILEO, BDS;Yes (market/region dependent);FM radio;USB Type-C 2.0, OTG;Fingerprint (side-mounted), accelerometer, gyro, proximity, compass;Li-Po 10800 mAh, non-removable;Orange, Black;;IP68/IP69K dust/water resistant (up to 1.5m for 30 min)Drop-to-concrete resistance from up to 1.8mMIL-STD-810H compliant;Corning Gorilla Glass 5;24-bit/192kHz audio;1, 3, 7, 28, 38, 41, 77, 78, 79 SA/NSA;;;;;;
https://www.gsmarena.com/doogee_t20-12132.php;https://fdn2.gsmarena.com/vv/bigpic/doogee-t20.jpg;Doogee T20;Released 2022, December 22;478g, 7.9mm thickness;Android 12;256GB storage, microSDXC;2;0.4%;2,773 hits;"10.4""";1200x2000 pixels;8 GB RAM;Unisoc Tiger T616;8300 mAh Li-Po;GSM 850 / 900 / 1800 / 1900 - SIM 1 & SIM 2;HSDPA 850 / 900 / 1900 / 2100;1, 3, 5, 7, 8, 20, 34, 38, 39, 40, 41;HSPA, LTE;2022, December 22;Available. Released 2022, December 22;245.8 x 155.6 x 7.9 mm (9.68 x 6.13 x 0.31 in);478 g (1.05 lb);Hybrid Dual SIM (Nano-SIM, dual stand-by);IPS LCD, 320 nits (peak);10.4 inches, 307.9 cm(~80.5% screen-to-body ratio);1200 x 2000 pixels, 5:3 ratio (~224 ppi density);Android 12;Unisoc Tiger T616 (12 nm);Octa-core (2x2.0 GHz Cortex-A75 & 6x1.8 GHz Cortex-A55);Mali-G57 MP1;microSDXC (uses shared SIM slot);256GB 8GB RAM;UFS 2.1;"16 MP, 1/3"", 1.0µm";LED flash, HDR, panorama;1440p@30fps, 1080p@30fps;8 MP;1080p@30fps;Wi-Fi 802.11 a/b/g/n/ac, dual-band;5.0, A2DP, LE;GPS, GLONASS, GALILEO, BDS;No;FM radio;USB Type-C 2.0, OTG, accessory connector;Accelerometer, proximity (accessories only);Li-Po 8300 mAh, non-removable;Gray, Blue, Green;About 200 EUR;Stylus support;;24-bit/192kHz audio;;;;;;;
https://www.gsmarena.com/doogee_t10-11969.php;https://fdn2.gsmarena.com/vv/bigpic/doogee-t10.jpg;Doogee T10;Released 2022, November 01;7.5mm thickness;Android 12;128GB storage, microSDXC;6;0.2%;20,446 hits;"10.1""";1200x1920 pixels;8 GB RAM;Unisoc T606;8300 mAh Li-Po;GSM 850 / 900 / 1800 / 1900 - SIM 1 & SIM 2;HSDPA 850 / 900 / 1900 / 2100;1, 3, 5, 7, 20, 34, 38, 39, 40, 41;HSPA, LTE;2022, November 01;Available. Released 2022, November 01;242.3 x 161.1 x 7.5 mm (9.54 x 6.34 x 0.30 in);-;Hybrid Dual SIM (Nano-SIM, dual stand-by);IPS LCD, 300 nits (typ);10.1 inches, 295.8 cm(~75.8% screen-to-body ratio);1200 x 1920 pixels, 16:10 ratio (~224 ppi density);Android 12;Unisoc T606 (12 nm);Octa-core (2x1.6 GHz Cortex-A75 & 6x1.6 GHz Cortex-A55);Mali-G57 MP1;microSDXC (uses shared SIM slot);128GB 8GB RAM;eMMC 5.1;13 MPsecondary unspecified camera;LED flash, HDR, panorama;1440p@30fps, 1080p@30fps;8 MP;1080p@30fps;Wi-Fi 802.11 a/b/g/n/ac, dual-band;5.0, A2DP, LE;GPS, GLONASS, GALILEO, BDS;No;FM radio;USB Type-C 2.0, OTG;Gyro;Li-Po 8300 mAh, non-removable;Space Gray, Moonlight Silver, Neptune Blue;About 140 EUR;;;;;Glass front, aluminum frame, aluminum back;;;;;
https://www.gsmarena.com/doogee_s96_gt-11934.php;https://fdn2.gsmarena.com/vv/bigpic/doogee-s96-gt.jpg;Doogee S96 GT;Released 2022, October 13;310g, 15.5mm thickness;Android 12;256GB storage, microSDXC;11;0.2%;45,948 hits;"6.22""";720x1520 pixels;8 GB RAM;Helio G95;6350 mAh Li-Po;GSM 850 / 900 / 1800 / 1900 - SIM 1 & SIM 2;HSDPA 800 / 850 / 900 / 1700(AWS) / 1900 / 2100;1, 2, 3, 4, 5, 7, 8, 12, 17, 18, 19, 20, 25, 26, 28, 38, 40, 41, 66;HSPA, LTE;2022, October 13;Available. Released 2022, October 13;167 x 81.4 x 15.5 mm (6.57 x 3.20 x 0.61 in);310 g (10.93 oz);Dual SIM (Nano-SIM, dual stand-by);IPS LCD;6.22 inches, 96.6 cm(~71.0% screen-to-body ratio);720 x 1520 pixels, 19:9 ratio (~270 ppi density);Android 12;Mediatek Helio G95 (12 nm);Octa-core (2x2.05 GHz Cortex-A76 & 6x2.0 GHz Cortex-A55);Mali-G76 MC4;microSDXC (dedicated slot);256GB 8GB RAM;UFS;48 MP, f/1.8, (wide), PDAF8 MP, f/2.2, 130˚, (ultrawide)20 MP, f/1.8, (night vision), 4 infrared night vision lights2 MP, f/2.8, (depth);Quad-LED flash, HDR, panorama;4K, 1080p;32 MP, f/2.0, (ultrawide), AF;1080p;Wi-Fi 802.11 a/b/g/n/ac, dual-band;5.0, A2DP, LE;GPS, GLONASS, BDS, GALILEO;Yes;FM radio;USB Type-C 2.0, OTG;Fingerprint (side-mounted), accelerometer, gyro, proximity, compass;Li-Po 6350 mAh, non-removable;Black, Orange, Gold;;IP68/IP69K dust/water resistant (up to 1.5m for 30 min)Drop-to-concrete resistance from up to 1.8mMIL-STD-810H compliant;Corning Gorilla Glass;;;;;;;;
https://www.gsmarena.com/doogee_s89-11775.php;https://fdn2.gsmarena.com/vv/bigpic/doogee-s89.jpg;Doogee S89;Released 2022, August 28;400g, 19.4mm thickness;Android 12;128GB storage, microSDXC;6;0.2%;33,067 hits;"6.3""";1080x2340 pixels;8 GB RAM;Helio P90;12000 mAh Li-Po;GSM 850 / 900 / 1800 / 1900 - SIM 1 & SIM 2;HSDPA 800 / 850 / 900 / 1700(AWS) / 1900 / 2100;1, 2, 3, 4, 5, 7, 8, 12, 13, 17, 18, 19, 20, 25, 26, 28, 34, 38, 39, 40, 41, 66;HSPA, LTE;2022, August 22;Available. Released 2022, August 28;172 x 86 x 19.4 mm (6.77 x 3.39 x 0.76 in);400 g (14.11 oz);Dual SIM (Nano-SIM, dual stand-by);IPS LCD;6.3 inches, 97.4 cm(~65.9% screen-to-body ratio);1080 x 2340 pixels, 19.5:9 ratio (~409 ppi density);Android 12;Mediatek MT6779 Helio P90 (12 nm);Octa-core (2x2.1 GHz Cortex-A75 & 6x2.0 GHz Cortex-A55);PowerVR GM9446;microSDXC (dedicated slot);128GB 8GB RAM;;48 MP, f/1.8, (wide), PDAF8 MP, f/2.2, 130˚, (ultrawide)20 MP, f/1.8, (night vision), 4 infrared night vision lights;Dual-LED flash, HDR, panorama;1440p, 1080p;16 MP, f/2.0, (wide);1080p;Wi-Fi 802.11 a/b/g/n/ac, dual-band;5.1, A2DP, LE;GPS, GLONASS, BDS, GALILEO;Yes;FM radio;USB Type-C 2.0, OTG;Fingerprint (side-mounted), accelerometer, gyro, proximity, compass;Li-Po 12000 mAh, non-removable;Black, Orange;About 280 EUR;IP68/IP69K dust/water resistant (up to 1.5m for 30 min)Drop-to-concrete resistance from up to 1.5mMIL-STD-810G compliant;Corning Gorilla Glass;;;;;;;;
https://www.gsmarena.com/doogee_s89_pro-11774.php;https://fdn2.gsmarena.com/vv/bigpic/doogee-s89-pro.jpg;Doogee S89 Pro;Released 2022, August 25;400g, 19.4mm thickness;Android 12;256GB storage, microSDXC;19;0.2%;48,887 hits;"6.3""";1080x2340 pixels;8 GB RAM;Helio P90;12000 mAh Li-Po;GSM 850 / 900 / 1800 / 1900 - SIM 1 & SIM 2;HSDPA 800 / 850 / 900 / 1700(AWS) / 1900 / 2100;1, 2, 3, 4, 5, 7, 8, 12, 13, 17, 18, 19, 20, 25, 26, 28, 34, 38, 39, 40, 41, 66;HSPA, LTE;2022, August 22;Available. Released 2022, August 25;172 x 86 x 19.4 mm (6.77 x 3.39 x 0.76 in);400 g (14.11 oz);Dual SIM (Nano-SIM, dual stand-by);IPS LCD;6.3 inches, 97.4 cm(~65.9% screen-to-body ratio);1080 x 2340 pixels, 19.5:9 ratio (~409 ppi density);Android 12;Mediatek MT6779 Helio P90 (12 nm);Octa-core (2x2.1 GHz Cortex-A75 & 6x2.0 GHz Cortex-A55);PowerVR GM9446;microSDXC (dedicated slot);256GB 8GB RAM;;64 MP, f/1.8, (wide), PDAF8 MP, f/2.2, 130˚, (ultrawide)20 MP, f/1.8, (night vision), 4 infrared night vision lights;Dual-LED flash, HDR, panorama;1440p, 1080p;16 MP, f/2.0, (wide);1080p;Wi-Fi 802.11 a/b/g/n/ac, dual-band;5.1, A2DP, LE;GPS, GLONASS, BDS, GALILEO;Yes;FM radio;USB Type-C 2.0, OTG;Fingerprint (side-mounted), accelerometer, gyro, proximity, compass;Li-Po 12000 mAh, non-removable;Black, Orange;;IP68/IP69K dust/water resistant (up to 1.5m for 30 min)Drop-to-concrete resistance from up to 1.5mMIL-STD-810H compliant;Corning Gorilla Glass;;;;;;;;
https://www.gsmarena.com/doogee_x97-11814.php;https://fdn2.gsmarena.com/vv/bigpic/doogee-x97.jpg;Doogee X97;Released 2022, August;9.7mm thickness;Android 12;16GB storage, microSDXC;2;0.1%;14,950 hits;"6.0""";720x1440 pixels;3 GB RAM;Helio A22;4200 mAh Li-Po;GSM 850 / 900 / 1800 / 1900 - SIM 1 & SIM 2;HSDPA 800 / 850 / 900 / 1700(AWS) / 1900 / 2100;1, 2, 3, 4, 5, 7, 8, 12, 13, 17, 18, 19, 20, 25, 26, 34, 38, 39, 40, 41, 66;HSPA, LTE;2022, August;Available. Released 2022, August;162 x 76.9 x 9.7 mm (6.38 x 3.03 x 0.38 in);-;Dual SIM (Nano-SIM, dual stand-by);IPS LCD;6.0 inches, 92.9 cm(~74.6% screen-to-body ratio);720 x 1440 pixels, 18:9 ratio (~268 ppi density);Android 12;Mediatek MT6761 Helio A22 (12 nm);Quad-core 2.0 GHz Cortex-A53;PowerVR GE8320;microSDXC (dedicated slot);16GB 3GB RAM;eMMC 5.1;8 MP, f/1.8, (wide)2 MP, f/2.0, (depth);Triple-LED flash;720p;5 MP, f/2.2, (wide);720p;Wi-Fi 802.11 a/b/g/n/ac, dual-band;5.0, A2DP, LE;GPS, GLONASS, BDS, GALILEO;No;FM radio;USB Type-C 2.0, OTG;Accelerometer, proximity, compass;Li-Po 4200 mAh, non-removable;Black, Blue, Green;About 100 EUR;;;;;;;;;;
https://www.gsmarena.com/doogee_d11-11799.php;https://fdn2.gsmarena.com/vv/bigpic/doogee-d11th.jpg;Doogee D11;Released 2022, July 25;38g, 10.7mm thickness;Proprietary;No card slot;0;0.1%;9,550 hits;"1.32""";360x360 pixels; ;Realtek 8763EW;300 mAh Li-Ion;N/A;N/A;N/A;;2022, July 25;Available. Released 2022, July 25;46 x 46 x 10.7 mm (1.81 x 1.81 x 0.42 in);38 g (1.34 oz);No;IPS LCD;1.32 inches;360 x 360 pixels (~386 ppi density);Proprietary;Realtek 8763EW;;;No;;;No;;;;;No;5.2, A2DP, LE;No;Yes;No;No;Accelerometer, heart rate, SpO2;Li-Ion 300 mAh, non-removable;Silver, Yellow;About 50 EUR;50m water resistant (IP68);;;;Plastic frame, plastic back;No;No;;;
https://www.gsmarena.com/doogee_v11-11806.php;https://fdn2.gsmarena.com/vv/bigpic/doogee-v11.jpg;Doogee V11;Released 2022, July;340g, 16.1mm thickness;Android 11;128GB storage, Unspecified;4;0.1%;15,868 hits;"6.39""";720x1560 pixels;8 GB RAM;Dimensity 700;8500 mAh Li-Po;GSM 850 / 900 / 1800 / 1900 - SIM 1 & SIM 2;HSDPA 800 / 850 / 900 / 1700(AWS) / 1900 / 2100;1, 2, 3, 4, 5, 7, 8, 12, 13, 17, 18, 19, 20, 25, 26, 28, 34, 38, 39, 40, 41, 66;HSPA, LTE, 5G;2022, July 15;Available. Released 2022, July;169.3 x 81.2 x 16.1 mm (6.67 x 3.20 x 0.63 in);340 g (11.99 oz);Dual SIM (Nano-SIM, dual stand-by);IPS LCD;6.39 inches, 100.2 cm(~72.9% screen-to-body ratio);720 x 1560 pixels, 19.5:9 ratio (~269 ppi density);Android 11;Mediatek MT6833 Dimensity 700 (7 nm);Octa-core (2x2.2 GHz Cortex-A76 & 6x2.0 GHz Cortex-A55);Mali-G57 MC2;Unspecified;128GB 8GB RAM;UFS 2.2;48 MP, f/1.8, (wide), PDAF8 MP, f/2.2, 130˚, (ultrawide)2 MP, f/2.2, (depth);Dual-LED flash, HDR, panorama;1440p, 1080p;16 MP, f/2.0, (wide);1080p;Wi-Fi 802.11 a/b/g/n/ac, dual-band;5.2, A2DP, LE;GPS, GLONASS, BDS, GALILEO;Yes;FM radio;USB Type-C 2.0, OTG;Fingerprint (side-mounted), accelerometer, gyro, proximity, compass, infrared thermometer (surface temperature);Li-Po 8500 mAh, non-removable;Black, Orange, Red;About 350 EUR;IP68/IP69K dust/water resistant (up to 1.5m for 30 min)Drop-to-concrete resistance from up to 1.5mMIL-STD-810G compliant;Corning Gorilla Glass;;1, 3, 5, 7, 8, 20, 28, 38, 40, 41, 77, 78, 79;;;;;;
https://www.gsmarena.com/doogee_cs3-11798.php;https://fdn2.gsmarena.com/vv/bigpic/doogee-cs3th.jpg;Doogee CS3;Released 2022, July 09;38g, 11.3mm thickness;Proprietary;No card slot;0;N/A;6,596 hits;"1.69""";240x280 pixels; ;Realtek 8762DK;235 mAh Li-Ion;N/A;N/A;N/A;;2022, July 09;Available. Released 2022, July 09;43.9 x 35.4 x 11.3 mm (1.73 x 1.39 x 0.44 in);38 g (1.34 oz);No;IPS LCD;1.69 inches;240 x 280 pixels (~218 ppi density);Proprietary;Realtek 8762DK;;;No;;;No;;;;;No;5.1, A2DP, LE;No;No;No;No;Accelerometer, heart rate, SpO2;Li-Ion 235 mAh, non-removable;Black, Pink, Green, Purple, Blue;About 40 EUR;50m water resistant (IP68);;;;Plastic frame, plastic back;No;No;;;
https://www.gsmarena.com/doogee_s61_pro-11784.php;https://fdn2.gsmarena.com/vv/bigpic/doogee-s61-pro.jpg;Doogee S61 Pro;Released 2022, July;266g, 14.6mm thickness;Android 12;128GB storage, microSDXC;4;0.2%;16,217 hits;"6.0""";720x1440 pixels;6 GB RAM;Helio G35;5180 mAh Li-Po;GSM 850 / 900 / 1800 / 1900 - SIM 1 & SIM 2;HSDPA 850 / 900 / 1700(AWS) / 1900 / 2100;1, 2, 3, 4, 5, 7, 8, 12, 13, 17, 18, 19, 20, 25, 26, 28, 34, 38, 39, 40, 41, 66;HSPA, LTE;2022, June 23;Available. Released 2022, July;167.4 x 81.4 x 14.6 mm (6.59 x 3.20 x 0.57 in);266 g (9.38 oz);Dual SIM (Nano-SIM, dual stand-by);IPS LCD;6.0 inches, 92.9 cm(~68.2% screen-to-body ratio);720 x 1440 pixels, 18:9 ratio (~268 ppi density);Android 12;Mediatek MT6765G Helio G35 (12 nm);Octa-core (4x2.3 GHz Cortex-A53 & 4x1.8 GHz Cortex-A53);PowerVR GE8320;microSDXC (dedicated slot);128GB 6GB RAM;;48 MP, f/1.8, (wide), PDAF20 MP, f/1.8, (night vision), 4 infrared night vision lights;Quad-LED flash, HDR, panorama;1080p;16 MP, f/2.0, (wide);1080p;Wi-Fi 802.11 a/b/g/n/ac, dual-band;5.0, A2DP, LE;GPS, GLONASS, GALILEO, BDS;Yes;FM radio;USB Type-C 2.0, OTG;Fingerprint (side-mounted), accelerometer, gyro, proximity, compass;Li-Po 5180 mAh, non-removable;Transparent, Wood Grain, Carbon Fiber, AG Frost;About 190 EUR;IP68/IP69K dust/water resistant (up to 1.5m for 30 min)Drop-to-concrete resistance from up to 1.5mMIL-STD-810H compliant;Corning Gorilla Glass;;;;;;;;
https://www.gsmarena.com/doogee_s61-11785.php;https://fdn2.gsmarena.com/vv/bigpic/doogee-s61.jpg;Doogee S61;Released 2022, July;266g, 14.6mm thickness;Android 12;64GB storage, microSDXC;1;0.1%;10,619 hits;"6.0""";720x1440 pixels;6 GB RAM;Helio G35;5180 mAh Li-Po;GSM 850 / 900 / 1800 / 1900 - SIM 1 & SIM 2;HSDPA 850 / 900 / 1700(AWS) / 1900 / 2100;1, 2, 3, 4, 5, 7, 8, 12, 13, 17, 18, 19, 20, 25, 26, 28, 34, 38, 39, 40, 41, 66;HSPA, LTE;2022, June 23;Available. Released 2022, July;167.4 x 81.4 x 14.6 mm (6.59 x 3.20 x 0.57 in);266 g (9.38 oz);Dual SIM (Nano-SIM, dual stand-by);IPS LCD;6.0 inches, 92.9 cm(~68.2% screen-to-body ratio);720 x 1440 pixels, 18:9 ratio (~268 ppi density);Android 12;Mediatek MT6765G Helio G35 (12 nm);Octa-core (4x2.3 GHz Cortex-A53 & 4x1.8 GHz Cortex-A53);PowerVR GE8320;microSDXC (dedicated slot);64GB 6GB RAM;;20 MP, f/1.8, (wide), PDAF20 MP, f/1.8, (night vision), 4 infrared night vision lights;Quad-LED flash, HDR, panorama;1080p;8 MP, f/2.0, (wide);1080p;Wi-Fi 802.11 a/b/g/n/ac, dual-band;5.0, A2DP, LE;GPS, GLONASS, GALILEO, BDS;Yes;FM radio;USB Type-C 2.0, OTG;Fingerprint (side-mounted), accelerometer, gyro, proximity, compass;Li-Po 5180 mAh, non-removable;Transparent, Wood Grain, Carbon Fiber, AG Frost;About 170 EUR;IP68/IP69K dust/water resistant (up to 1.5m for 30 min)Drop-to-concrete resistance from up to 1.5mMIL-STD-810H compliant;Corning Gorilla Glass;;;;;;;;
https://www.gsmarena.com/doogee_x97_pro-11815.php;https://fdn2.gsmarena.com/vv/bigpic/doogee-x97-pro.jpg;Doogee X97 Pro;Released 2022, July;9.7mm thickness;Android 12;64GB storage, microSDXC;2;0.1%;11,179 hits;"6.0""";720x1440 pixels;4 GB RAM;Helio G25;4200 mAh Li-Po;GSM 850 / 900 / 1800 / 1900 - SIM 1 & SIM 2;HSDPA 800 / 850 / 900 / 1700(AWS) / 1900 / 2100;1, 2, 3, 4, 5, 7, 8, 12, 13, 17, 18, 19, 20, 25, 26, 34, 38, 39, 40, 41, 66;HSPA, LTE;2022, June;Available. Released 2022, July;162 x 76.9 x 9.7 mm (6.38 x 3.03 x 0.38 in);-;Dual SIM (Nano-SIM, dual stand-by);IPS LCD;6.0 inches, 92.9 cm(~74.6% screen-to-body ratio);720 x 1440 pixels, 18:9 ratio (~268 ppi density);Android 12;Mediatek MT6762G Helio G25 (12 nm);Octa-core (4x2.0 GHz Cortex-A53 & 4x1.5 GHz Cortex-A53);PowerVR GE8320;microSDXC (dedicated slot);64GB 4GB RAM;eMMC 5.1;12 MP, f/1.8, (wide), PDAF2 MP, f/1.8, (depth);Triple-LED flash;1080p;5 MP, f/2.2, (wide);720p;Wi-Fi 802.11 a/b/g/n/ac, dual-band;5.0, A2DP, LE;GPS, GLONASS, BDS, GALILEO;Yes;FM radio;USB Type-C 2.0, OTG;Accelerometer, proximity, compass;Li-Po 4200 mAh, non-removable;Black, Blue, Green;About 120 EUR;;;;;;;;;;
https://www.gsmarena.com/doogee_s98_pro-11802.php;https://fdn2.gsmarena.com/vv/bigpic/doogee-s98-pro.jpg;Doogee S98 Pro;Released 2022, June 06;320g, 15.5mm thickness;Android 12;256GB storage, microSDXC;12;0.3%;38,893 hits;"6.3""";1080x2340 pixels;8 GB RAM;Helio G96;6000 mAh Li-Po;GSM 850 / 900 / 1800 / 1900 - SIM 1 & SIM 2;HSDPA 800 / 850 / 900 / 1700(AWS) / 1900 / 2100;1, 2, 3, 4, 5, 7, 8, 12, 13, 17, 18, 19, 20, 25, 26, 28, 34, 38, 39, 40, 41, 66;HSPA, LTE;2022, May 27;Available. Released 2022, June 06;172 x 82 x 15.5 mm (6.77 x 3.23 x 0.61 in);320 g (11.29 oz);Dual SIM (Nano-SIM, dual stand-by);IPS LCD, 500 nits (peak);6.3 inches, 97.4 cm(~69.1% screen-to-body ratio);1080 x 2340 pixels, 19.5:9 ratio (~409 ppi density);Android 12;Mediatek MT6781 Helio G96 (12 nm);Octa-core (2x2.05 GHz Cortex-A76 & 6x2.0 GHz Cortex-A55);Mali-G57 MC2;microSDXC (dedicated slot);256GB 8GB RAM;UFS 2.2;48 MP, f/1.8, (wide), PDAF20 MP, f/1.8, (night vision), 2 infrared night vision lightsThermal imaging camera;Dual-LED flash, HDR, panorama;1440p, 1080p;16 MP, f/2.0, (wide);1080p;Wi-Fi 802.11 a/b/g/n/ac, dual-band;5.1, A2DP, LE;GPS, GLONASS, BDS, GALILEO;Yes;FM radio;USB Type-C 2.0, OTG;Fingerprint (side-mounted), accelerometer, gyro, proximity, compass;Li-Po 6000 mAh, non-removable;Black;;IP68/IP69K dust/water resistant (up to 1.5m for 30 min)Drop-to-concrete resistance from up to 1.5mMIL-STD-810G compliant;Corning Gorilla Glass;;;;;;;;
https://www.gsmarena.com/doogee_s98-11804.php;https://fdn2.gsmarena.com/vv/bigpic/doogee-s98.jpg;Doogee S98;Released 2022, March 28;320g, 15.5mm thickness;Android 12;256GB storage, microSDXC;2;0.1%;14,277 hits;"6.3""";1080x2340 pixels;8 GB RAM;Helio G96;6000 mAh Li-Po;GSM 850 / 900 / 1800 / 1900 - SIM 1 & SIM 2;HSDPA 800 / 850 / 900 / 1700(AWS) / 1900 / 2100;1, 2, 3, 4, 5, 7, 8, 12, 13, 17, 18, 19, 20, 25, 26, 28, 34, 38, 39, 40, 41, 66;HSPA, LTE;2022, March 18;Available. Released 2022, March 28;172 x 82 x 15.5 mm (6.77 x 3.23 x 0.61 in);320 g (11.29 oz);Dual SIM (Nano-SIM, dual stand-by);IPS LCD, 500 nits (peak);6.3 inches, 97.4 cm(~69.1% screen-to-body ratio);1080 x 2340 pixels, 19.5:9 ratio (~409 ppi density);Android 12;Mediatek MT6781 Helio G96 (12 nm);Octa-core (2x2.05 GHz Cortex-A76 & 6x2.0 GHz Cortex-A55);Mali-G57 MC2;microSDXC (dedicated slot);256GB 8GB RAM;UFS 2.2;64 MP, f/1.8, (wide), PDAF8 MP, f/2.2, 130˚ (ultrawide)20 MP, f/1.8, (night vision), 2 infrared night vision lights;Dual-LED flash, HDR, panorama;1440p, 1080p;16 MP, f/2.0, (wide);1080p;Wi-Fi 802.11 a/b/g/n/ac, dual-band;5.1, A2DP, LE;GPS, GLONASS, BDS, GALILEO;Yes;FM radio;USB Type-C 2.0, OTG;Fingerprint (side-mounted), accelerometer, gyro, proximity, compass;Li-Po 6000 mAh, non-removable;Black, Orange, Red;About 350 EUR;IP68/IP69K dust/water resistant (up to 1.5m for 30 min)Drop-to-concrete resistance from up to 1.5mMIL-STD-810G compliant;Corning Gorilla Glass;;;;;;;;
https://www.gsmarena.com/doogee_s35t-11790.php;https://fdn2.gsmarena.com/vv/bigpic/doogee-s35t.jpg;Doogee S35T;Released 2021, December;260g, 15.7mm thickness;Android 11;64GB storage, microSDXC;1;0.1%;7,774 hits;"5.0""";720x1280 pixels;3 GB RAM;Unisoc UMS312;4350 mAh Li-Po;GSM 850 / 900 / 1800 / 1900 - SIM 1 & SIM 2;HSDPA 900 / 2100;1, 3, 7, 8, 20;HSPA, LTE;2021, December 19;Available. Released 2021, December;153.4 x 82.9 x 15.7 mm (6.04 x 3.26 x 0.62 in);260 g (9.17 oz);Hybrid Dual SIM (Nano-SIM, dual stand-by);IPS LCD;5.0 inches, 68.9 cm(~54.2% screen-to-body ratio);720 x 1280 pixels, 16:9 ratio (~294 ppi density);Android 11;Unisoc UMS312 (12 nm);Quad-core 2.0 GHz;PowerVR GE8300;microSDXC (uses shared SIM slot);64GB 3GB RAM;eMMC 5.1;13 MP, f/2.2, (wide)2 MP, f/2.8, (macro)2 MP, f/2.8, (depth);LED flash;1080p;5 MP, f/2.8, (wide);Yes;Wi-Fi 802.11 a/b/g/n/ac, dual-band;5.0, A2DP, LE;GPS, GLONASS, GALILEO, BDS;No;FM radio;microUSB 2.0, OTG;Accelerometer, proximity, compass;Li-Po 4350 mAh, non-removable;Black, Orange, Red;About 130 EUR;IP68 dust/water resistant (up to 1.5m for 30 min)Drop-to-concrete resistance from up to 1.5mMIL-STD-810G compliant;Corning Gorilla Glass;;;;;;;;
https://www.gsmarena.com/doogee_v20-11807.php;https://fdn2.gsmarena.com/vv/bigpic/doogee-v20.jpg;Doogee V20;Released 2022, January;296g, 14mm thickness;Android 11;256GB storage, microSDXC;5;0.2%;23,547 hits;"6.43""";1080x2400 pixels;8 GB RAM;Dimensity 700;6000 mAh Li-Po;GSM 850 / 900 / 1800 / 1900 - SIM 1 & SIM 2;HSDPA 800 / 850 / 900 / 1700(AWS) / 1900 / 2100;1, 2, 3, 4, 5, 7, 8, 12, 13, 17, 18, 19, 20, 25, 26, 28, 34, 38, 39, 40, 41, 66;HSPA, LTE, 5G;2021, November 27;Available. Released 2022, January;170.5 x 81.2 x 14 mm (6.71 x 3.20 x 0.55 in);296 g (10.44 oz);Hybrid Dual SIM (Nano-SIM, dual stand-by);AMOLED, 500 nits (peak);6.43 inches, 99.8 cm(~72.1% screen-to-body ratio);1080 x 2400 pixels, 20:9 ratio (~409 ppi density);Android 11;Mediatek MT6833 Dimensity 700 (7 nm);Octa-core (2x2.2 GHz Cortex-A76 & 6x2.0 GHz Cortex-A55);Mali-G57 MC2;microSDXC (uses shared SIM slot);256GB 8GB RAM;UFS 2.2;64 MP, f/1.8, (wide), PDAF8 MP, f/2.2, 130˚, (ultrawide)20 MP, f/1.8, (night vision), 2 infrared night vision lights;Dual-LED flash, HDR, panorama;1440p, 1080p;16 MP, f/2.0, (wide);1080p;Wi-Fi 802.11 a/b/g/n/ac, dual-band;5.1, A2DP, LE;GPS, GLONASS, BDS, GALILEO;Yes;FM radio;USB Type-C 2.0, OTG;Fingerprint (side-mounted), accelerometer, gyro, proximity, compass;Li-Po 6000 mAh, non-removable;Black, Gray, Red;About 440 EUR;IP68/IP69K dust/water resistant (up to 1.5m for 30 min)Drop-to-concrete resistance from up to 1.5mMIL-STD-810G compliant;Corning Gorilla Glass;;1, 3, 5, 7, 8, 20, 28, 38, 40, 41, 77, 78, 79;;;;"Secondary 1.05"" display on the back";;
https://www.gsmarena.com/doogee_cr1_pro-11797.php;https://fdn2.gsmarena.com/vv/bigpic/doogee-cr1proth.jpg;Doogee CR1 Pro;Released 2021, November;47g, 11.5mm thickness;Proprietary;No card slot;0;N/A;4,641 hits;"1.28""";240x240 pixels; ;nRF52840;300 mAh Li-Po;N/A;N/A;N/A;;2021, November;Available. Released 2021, November;45 x 45 x 11.5 mm (1.77 x 1.77 x 0.45 in);47 g (1.66 oz);No;TFT LCD;1.28 inches;240 x 240 pixels (~265 ppi density);Proprietary;nRF52840;;;No;;;No;;;;;No;5.0, A2DP, LE;GPS;No;No;No;Accelerometer, heart rate, SpO2;Li-Po 300 mAh, non-removable;Grey Black;About 60 EUR;5ATM waterproof (up to 50m);;;;Plastic frame, plastic back;No;No;;;
https://www.gsmarena.com/doogee_x96-11812.php;https://fdn2.gsmarena.com/vv/bigpic/doogee-x96.jpg;Doogee X96;Released 2021, October 11;198g, 9.7mm thickness;Android 11;32GB storage, microSDXC;0;N/A;7,273 hits;"6.52""";720x1600 pixels;2 GB RAM;Unisoc SC9863A;5400 mAh Li-Po;GSM 850 / 900 / 1800 / 1900 - SIM 1 & SIM 2;HSDPA 850 / 900 / 1900 / 2100;1, 3, 5, 7, 8, 20, 40, 41;HSPA, LTE;2021, September 30;Available. Released 2021, October 11;165.2 x 76.7 x 9.7 mm (6.50 x 3.02 x 0.38 in);198 g (6.98 oz);Dual SIM (Nano-SIM, dual stand-by);IPS LCD;6.52 inches, 102.6 cm(~81.0% screen-to-body ratio);720 x 1600 pixels, 20:9 ratio (~269 ppi density);Android 11 (Go edition);Unisoc SC9863A (28nm);Octa-core (4x1.6 GHz Cortex-A55 & 4x1.2 GHz Cortex-A55);IMG8322;microSDXC (dedicated slot);32GB 2GB RAM;eMMC 5.1;8 MP, f/2.0, (wide)2 MP, f/2.8, (macro)2 MP, f/2.8, (depth)2 MP;LED flash;1080p;5 MP, f/2.2, (wide);720p;Wi-Fi 802.11 b/g/n;4.2, A2DP;GPS, GLONASS, BDS;No;FM radio;microUSB 2.0;Fingerprint (rear-mounted), accelerometer, proximity;Li-Po 5400 mAh, non-removable;Black, Blue, Green, Red;About 130 EUR;;;;;;;;;;
https://www.gsmarena.com/doogee_dg_ares-11796.php;https://fdn2.gsmarena.com/vv/bigpic/doogee-dgaresth.jpg;Doogee DG Ares;Released 2021, September 27;47g, 10.3mm thickness;Proprietary;No card slot;0;N/A;4,021 hits;"1.32""";360x360 pixels; ;Realtek 8762C;300 mAh Li-Ion;N/A;N/A;N/A;;2021, September 27;Available. Released 2021, September 27;45.9 x 45.9 x 10.3 mm (1.81 x 1.81 x 0.41 in);47 g (1.66 oz);No;IPS LCD;1.32 inches;360 x 360 pixels (~386 ppi density);Proprietary;Realtek 8762C;;;No;;;No;;;;;No;5.0, A2DP, LE;No;No;No;No;Accelerometer, heart rate;Li-Ion 300 mAh, non-removable;Green, Rose Gold, Black;About 40 EUR;3ATM waterproof (up to 30m);;;;Plastic frame, plastic back;No;No;;;
https://www.gsmarena.com/doogee_x93-11808.php;https://fdn2.gsmarena.com/vv/bigpic/doogee-x93.jpg;Doogee X93;Released 2021, August;9.8mm thickness;Android 10;16GB storage, microSDXC;0;N/A;6,750 hits;"6.1""";600x1280 pixels;2 GB RAM;MT6580;4350 mAh Li-Po;GSM 850 / 900 / 1800 / 1900 - SIM 1 & SIM 2;HSDPA 900 / 2100;;HSPA 42.2/5.76 Mbps;2021, August;Available. Released 2021, August;156 x 73.8 x 9.8 mm (6.14 x 2.91 x 0.39 in);-;Dual SIM (Nano-SIM, dual stand-by);IPS LCD;6.1 inches, 92.3 cm(~80.1% screen-to-body ratio);600 x 1280 pixels (~232 ppi density);Android 10 (Go edition);Mediatek MT6580 (28 nm);Quad-core 1.3 GHz Cortex-A7;Mali-400MP2;microSDXC (dedicated slot);16GB 2GB RAM;eMMC 5.1;8 MP, f/2.2, (wide)2 MP, f/2.2, (depth)2 MP;LED flash;1080p;5 MP, f/2.2, (wide);720p;Wi-Fi 802.11 a/b/g/n/ac, dual-band;4.2, A2DP;GPS, GLONASS, BDS;No;FM radio;microUSB 2.0, OTG;Accelerometer, proximity;Li-Po 4350 mAh, non-removable;Black, Blue, Green;About 90 EUR;;;;;;;;;;
https://www.gsmarena.com/doogee_v10-11805.php;https://fdn2.gsmarena.com/vv/bigpic/doogee-v10.jpg;Doogee V10;Released 2021, August;340g, 16.1mm thickness;Android 11;128GB storage, Unspecified;2;0.1%;10,686 hits;"6.39""";720x1560 pixels;8 GB RAM;Dimensity 700;8500 mAh Li-Po;GSM 850 / 900 / 1800 / 1900 - SIM 1 & SIM 2;HSDPA 800 / 850 / 900 / 1700(AWS) / 1900 / 2100;1, 2, 3, 4, 5, 7, 8, 12, 13, 17, 18, 19, 20, 25, 26, 28, 34, 38, 39, 40, 41, 66;HSPA, LTE, 5G;2021, August 02;Available. Released 2021, August;169.3 x 81.2 x 16.1 mm (6.67 x 3.20 x 0.63 in);340 g (11.99 oz);Dual SIM (Nano-SIM, dual stand-by);IPS LCD;6.39 inches, 100.2 cm(~72.9% screen-to-body ratio);720 x 1560 pixels, 19.5:9 ratio (~269 ppi density);Android 11;Mediatek MT6833 Dimensity 700 (7 nm);Octa-core (2x2.2 GHz Cortex-A76 & 6x2.0 GHz Cortex-A55);Mali-G57 MC2;Unspecified;128GB 8GB RAM;UFS 2.2;48 MP, f/1.8, (wide), PDAF8 MP, f/2.2, 130˚, (ultrawide)2 MP, f/2.2, (depth);Dual-LED flash, HDR, panorama;1440p, 1080p;16 MP, f/2.0, (wide);1080p;Wi-Fi 802.11 a/b/g/n/ac, dual-band;5.2, A2DP, LE;GPS, GLONASS, BDS, GALILEO;Yes;FM radio;USB Type-C 2.0, OTG;Fingerprint (side-mounted), accelerometer, gyro, proximity, compass, infrared thermometer (surface temperature);Li-Po 8500 mAh, non-removable;Black, Orange, Red;About 350 EUR;IP68/IP69K dust/water resistant (up to 1.5m for 30 min)Drop-to-concrete resistance from up to 1.5mMIL-STD-810G compliant;Corning Gorilla Glass;;1, 3, 5, 7, 8, 20, 28, 38, 40, 41, 77, 78, 79;;;;;;
https://www.gsmarena.com/doogee_s35-11791.php;https://fdn2.gsmarena.com/vv/bigpic/doogee-s35.jpg;Doogee S35;Released 2021, August;260g, 15.7mm thickness;Android 11;64GB storage, microSDXC;0;N/A;7,083 hits;"5.0""";720x1280 pixels;3 GB RAM;Helio A20;4350 mAh Li-Po;GSM 850 / 900 / 1800 / 1900 - SIM 1 & SIM 2;HSDPA 900 / 2100;1, 3, 7, 8, 20;HSPA, LTE;2021, July 27;Available. Released 2021, August;153.4 x 82.9 x 15.7 mm (6.04 x 3.26 x 0.62 in);260 g (9.17 oz);Hybrid Dual SIM (Nano-SIM, dual stand-by);IPS LCD;5.0 inches, 68.9 cm(~54.2% screen-to-body ratio);720 x 1280 pixels, 16:9 ratio (~294 ppi density);Android 11;Mediatek MT6761D Helio A20 (12 nm);Quad-core 1.8 GHz Cortex-A53;PowerVR GE8320;microSDXC (uses shared SIM slot);16GB 3GB RAM;eMMC 5.1;13 MP, f/2.2, (wide), AF2 MP, f/2.8, (macro)2 MP, f/2.8, (depth);LED flash;1080p;5 MP, f/2.8, (wide);Yes;Wi-Fi 802.11 a/b/g/n;5.0, A2DP, LE;GPS, GLONASS, BDS;No;FM radio;microUSB 2.0, OTG;Accelerometer, proximity;Li-Po 4350 mAh, non-removable;Black, Orange, Red;About 120 EUR;IP68 dust/water resistant (up to 1.5m for 30 min)Drop-to-concrete resistance from up to 1.5m;;;;;;;;;
https://www.gsmarena.com/doogee_n40_pro-11821.php;https://fdn2.gsmarena.com/vv/bigpic/doogee-n40-pro.jpg;Doogee N40 Pro;Released 2021, July 26;210g, 9.9mm thickness;Android 11;128GB storage, microSDXC;0;0.1%;9,196 hits;"6.52""";720x1600 pixels;6 GB RAM;Helio P60;6380 mAh Li-Po;GSM 850 / 900 / 1800 / 1900 - SIM 1 & SIM 2;HSDPA 900 / 2100;1, 3, 7, 8, 20, 40;HSPA, LTE;2021, July 06;Available. Released 2021, July 26;165.2 x 75.7 x 9.9 mm (6.50 x 2.98 x 0.39 in);210 g (7.41 oz);Hybrid Dual SIM (Nano-SIM, dual stand-by);IPS LCD;6.52 inches, 102.6 cm(~82.1% screen-to-body ratio);720 x 1600 pixels, 20:9 ratio (~269 ppi density);Android 11;Mediatek MT6771 Helio P60 (12 nm);Octa-core (4x2.0 GHz Cortex-A73 & 4x2.0 GHz Cortex-A53);Mali-G72 MP3;microSDXC (uses shared SIM slot);128GB 6GB RAM;UFS 2.1;20 MP, f/2.2, (wide), PDAF8 MP, f/2.2, 120˚ (ultrawide)8 MP, f/2.2, (macro)2 MP, f/2.2, (depth);LED flash;1080p;16 MP, f/2.0, (wide);720p;Wi-Fi 802.11 a/b/g/n/ac, dual-band;4.2, A2DP;GPS, GLONASS, BDS;No;FM radio;USB Type-C 2.0, OTG;Fingerprint (side-mounted), accelerometer, gyro, proximity, compass;Li-Po 6380 mAh, non-removable;Black, Blue, Brown, Green;About 190 EUR;;;;;;;;;;
https://www.gsmarena.com/doogee_s86_pro-11778.php;https://fdn2.gsmarena.com/vv/bigpic/doogee-s86-pro.jpg;Doogee S86 Pro;Released 2021, June 15;323g, 16.8mm thickness;Android 10;128GB storage, microSDXC;2;0.1%;9,483 hits;"6.1""";720x1560 pixels;8 GB RAM;Helio P60;8500 mAh Li-Po;GSM 850 / 900 / 1800 / 1900 - SIM 1 & SIM 2;HSDPA 850 / 900 / 1700(AWS) / 1900 / 2100;1, 2, 3, 4, 5, 7, 8, 12, 13, 17, 19, 20, 25, 26, 28, 66;HSPA, LTE;2021, June 04;Available. Released 2021, June 15;164.6 x 81.2 x 16.8 mm (6.48 x 3.20 x 0.66 in);323 g (11.39 oz);Hybrid Dual SIM (Nano-SIM, dual stand-by);IPS LCD;6.1 inches, 91.3 cm(~68.3% screen-to-body ratio);720 x 1560 pixels, 19.5:9 ratio (~282 ppi density);Android 10;Mediatek MT6771 Helio P60 (12 nm);Octa-core (4x2.0 GHz Cortex-A73 & 4x2.0 GHz Cortex-A53);Mali-G72 MP3;microSDXC (uses shared SIM slot);128GB 8GB RAM;UFS 2.1;16 MP, f/2.0, (wide), PDAF8 MP, f/2.2, 130˚, (ultrawide)2 MP, f/2.2, (macro);Quad-LED flash, HDR, panorama;1080p;8 MP, f/2.2, (wide);1080p;Wi-Fi 802.11 a/b/g/n;5.0, A2DP, LE;GPS, GLONASS, BDS, GALILEO;Yes;FM radio;USB Type-C 2.0, OTG;Fingerprint (side-mounted), accelerometer, gyro, proximity, compass, infrared thermometer (surface temperature);Li-Po 8500 mAh, non-removable;Black, Orange, Red;About 230 EUR;IP68/IP69K dust/water resistant (up to 1.5m for 30 min)Drop-to-concrete resistance from up to 1.5mMIL-STD-810G compliant;Corning Gorilla Glass;;;;;;;;
https://www.gsmarena.com/doogee_x96_pro-11813.php;https://fdn2.gsmarena.com/vv/bigpic/doogee-x96-pro.jpg;Doogee X96 Pro;Released 2021, May;198g, 9.7mm thickness;Android 11;64GB storage, microSDXC;0;N/A;9,127 hits;"6.52""";720x1600 pixels;4 GB RAM;Unisoc SC9863A;5400 mAh Li-Po;GSM 850 / 900 / 1800 / 1900 - SIM 1 & SIM 2;HSDPA 850 / 900 / 1900 / 2100;1, 3, 5, 7, 8, 20, 40, 41;HSPA, LTE;2021, May;Available. Released 2021, May;165.2 x 76.7 x 9.7 mm (6.50 x 3.02 x 0.38 in);198 g (6.98 oz);Dual SIM (Nano-SIM, dual stand-by);IPS LCD;6.52 inches, 102.6 cm(~81.0% screen-to-body ratio);720 x 1600 pixels, 20:9 ratio (~269 ppi density);Android 11;Unisoc SC9863A (28nm);Octa-core (4x1.6 GHz Cortex-A55 & 4x1.2 GHz Cortex-A55);IMG8322;microSDXC (dedicated slot);64GB 4GB RAM;eMMC 5.1;13 MP, f/2.2, (wide), PDAF2 MP, f/2.8, (macro)2 MP, f/2.2, (depth)2 MP;LED flash;1080p;8 MP, f/2.0, (wide);720p;Wi-Fi 802.11 b/g/n;4.2, A2DP;GPS, GLONASS, BDS;No;FM radio;microUSB 2.0, OTG;Fingerprint (rear-mounted), accelerometer, proximity, compass;Li-Po 5400 mAh, non-removable;Black, Blue, Green, Red;About 140 EUR;;;;;;;;;;
https://www.gsmarena.com/doogee_cs2-11795.php;https://fdn2.gsmarena.com/vv/bigpic/doogee-cs2th.jpg;Doogee CS2;Released 2021, May;35g, 10.5mm thickness;Proprietary;No card slot;0;N/A;3,561 hits;"1.69""";240x240 pixels; ;Realtek 8762C;300 mAh Li-Ion;N/A;N/A;N/A;;2021, May;Available. Released 2021, May;43.8 x 36.9 x 10.5 mm (1.72 x 1.45 x 0.41 in);35 g (1.23 oz);No;IPS LCD;1.69 inches;240 x 240 pixels (~201 ppi density);Proprietary;Realtek 8762C;;;No;;;No;;;;;No;5.0, A2DP, LE;No;No;No;No;Accelerometer, heart rate;Li-Ion 300 mAh, non-removable;Black, Rose Gold, Silver;About 40 EUR;50m water resistant (IP68);;;;Plastic frame, plastic back;No;No;;;
https://www.gsmarena.com/doogee_s97_pro-11801.php;https://fdn2.gsmarena.com/vv/bigpic/doogee-s97-pro-.jpg;Doogee S97 Pro;Released 2021, April;16.2mm thickness;Android 11;128GB storage, microSDXC;3;0.1%;14,929 hits;"6.39""";720x1560 pixels;8 GB RAM;Helio G95;8500 mAh Li-Po;GSM 850 / 900 / 1800 / 1900 - SIM 1 & SIM 2;HSDPA 800 / 850 / 900 / 1700(AWS) / 1900 / 2100;1, 2, 3, 4, 5, 7, 8, 12, 13, 17, 18, 19, 20, 25, 26, 28, 38, 40, 66;HSPA, LTE;2021, April;Available. Released 2021, April;170.2 x 83.6 x 16.2 mm (6.70 x 3.29 x 0.64 in);-;Hybrid Dual SIM (Nano-SIM, dual stand-by);IPS LCD;6.39 inches, 100.2 cm(~70.4% screen-to-body ratio);720 x 1560 pixels, 19.5:9 ratio (~269 ppi density);Android 11;Mediatek Helio G95 (12 nm);Octa-core (2x2.0 GHz Cortex-A76 & 6x2.0 GHz Cortex-A55);Mali-G76 MC4;microSDXC (uses shared SIM slot);128GB 8GB RAM;UFS;48 MP, f/1.8, (wide), PDAF8 MP, f/2.2, 130˚, (ultrawide)2 MP, f/2.8, (macro)2 MP, f/2.8, (depth);Quad-LED flash, HDR, panorama;1080p;16 MP, f/2.0, (wide);1080p;Wi-Fi 802.11 a/b/g/n/ac, dual-band;5.0, A2DP, LE;GPS, GLONASS, BDS, GALILEO;Yes;FM radio;USB Type-C 2.0, OTG;Fingerprint (side-mounted), accelerometer, gyro, proximity, compass, laser rangefinder;Li-Po 8500 mAh, non-removable;Black, Orange, Red;About 300 EUR;IP68/IP69K dust/water resistant (up to 1.5m for 30 min)Drop-to-concrete resistance from up to 1.5mMIL-STD-810G compliant;Corning Gorilla Glass;;;;;;;;
https://www.gsmarena.com/doogee_cr1-11793.php;https://fdn2.gsmarena.com/vv/bigpic/doogee-cr1thumb.jpg;Doogee CR1;Released 2021, March 29;42g, 10.3mm thickness;Proprietary;No card slot;0;N/A;2,844 hits;"1.28""";240x240 pixels; ;Realtek 8762C;300 mAh Li-Ion;N/A;N/A;N/A;;2021, March 29;Available. Released 2021, March 29;46.2 x 46.2 x 10.3 mm (1.82 x 1.82 x 0.41 in);42 g (1.48 oz);No;IPS LCD;1.28 inches;240 x 240 pixels (~265 ppi density);Proprietary;Realtek 8762C;;;No;;;No;;;;;No;5.0, A2DP, LE;No;No;No;No;Accelerometer, heart rate;Li-Ion 300 mAh, non-removable;Basalt Grey, Charm Red, Rose Gold, Cypress Green, Charm Blue, Obsidian Black;About 40 EUR;50m water resistant (IP68);;;;Plastic frame, plastic back;No;No;;;
https://www.gsmarena.com/doogee_s59_pro-11786.php;https://fdn2.gsmarena.com/vv/bigpic/doogee-s59-pro.jpg;Doogee S59 Pro;Released 2021, April;340g, 18.3mm thickness;Android 10;128GB storage, microSDXC;1;N/A;8,074 hits;"5.71""";720x1520 pixels;4 GB RAM;Helio P22;10050 mAh Li-Po;GSM 850 / 900 / 1800 / 1900 - SIM 1 & SIM 2;HSDPA 850 / 900 / 1700(AWS) / 1900 / 2100;1, 2, 3, 4, 5, 7, 8, 12, 17, 19, 20, 28, 34, 38, 39, 40, 41;HSPA, LTE;2021, March 22;Available. Released 2021, April;161 x 80.2 x 18.3 mm (6.34 x 3.16 x 0.72 in);340 g (11.99 oz);Hybrid Dual SIM (Nano-SIM, dual stand-by);IPS LCD;5.71 inches, 81.4 cm(~63.0% screen-to-body ratio);720 x 1520 pixels, 19:9 ratio (~295 ppi density);Android 10;Mediatek MT6762 Helio P22 (12 nm);Octa-core 2.0 GHz Cortex-A53;PowerVR GE8320;microSDXC (uses shared SIM slot);128GB 4GB RAM;;16 MP, f/2.0, (wide), PDAF8 MP, f/2.2, 130˚ (wide), PDAF8 MP, f/2.2, 130˚ (macro), PDAF2 MP, f/2.4, (depth);Quad-LED flash, HDR, panorama;1080p;16 MP, f/2.0, (wide);1080p;Wi-Fi 802.11 a/b/g/n/ac, dual-band;5.0, A2DP, LE;GPS, GLONASS, GALILEO, BDS;Yes;FM radio;USB Type-C 2.0, OTG;Fingerprint (side-mounted), accelerometer, gyro, proximity, compass;Li-Po 10050 mAh, non-removable;Black, Orange, Green;About 210 EUR;IP68/IP69K dust/water resistant (up to 1.5m for 30 min)Drop-to-concrete resistance from up to 1.5mMIL-STD-810G compliant;Corning Gorilla Glass;;;;;;;;
https://www.gsmarena.com/doogee_s86-11779.php;https://fdn2.gsmarena.com/vv/bigpic/doogee-s86.jpg;Doogee S86;Released 2021, March;323g, 16.8mm thickness;Android 10;128GB storage, microSDXC;1;N/A;6,627 hits;"6.1""";720x1560 pixels;6 GB RAM;Helio P60;8500 mAh Li-Po;GSM 850 / 900 / 1800 / 1900 - SIM 1 & SIM 2;HSDPA 850 / 900 / 1700(AWS) / 1900 / 2100;1, 2, 3, 4, 5, 7, 8, 12, 13, 17, 19, 20, 25, 26, 28, 66;HSPA, LTE;2021, February 26;Available. Released 2021, March;164.6 x 81.2 x 16.8 mm (6.48 x 3.20 x 0.66 in);323 g (11.39 oz);Hybrid Dual SIM (Nano-SIM, dual stand-by);IPS LCD;6.1 inches, 91.3 cm(~68.3% screen-to-body ratio);720 x 1560 pixels, 19.5:9 ratio (~282 ppi density);Android 10;Mediatek MT6771 Helio P60 (12 nm);Octa-core (4x2.0 GHz Cortex-A73 & 4x2.0 GHz Cortex-A53);Mali-G72 MP3;microSDXC (uses shared SIM slot);128GB 6GB RAM;UFS 2.1;16 MP, f/2.0, (wide), PDAF8 MP, f/2.2, 130˚, (ultrawide)2 MP, f/2.2, (macro)2 MP, f/2.4, (depth);Quad-LED flash, HDR, panorama;1080p;8 MP, f/2.2, (wide);1080p;Wi-Fi 802.11 a/b/g/n;5.0, A2DP, LE;GPS, GLONASS, BDS;Yes;FM radio;USB Type-C 2.0, OTG;Fingerprint (side-mounted), accelerometer, gyro, proximity, compass;Li-Po 8500 mAh, non-removable;Black, Orange, Red;About 210 EUR;IP68/IP69K dust/water resistant (up to 1.5m for 30 min)Drop-to-concrete resistance from up to 1.5mMIL-STD-810G compliant;Corning Gorilla Glass;;;;;;;;
https://www.gsmarena.com/doogee_cs1-11794.php;https://fdn2.gsmarena.com/vv/bigpic/doogee-cs1th.jpg;Doogee CS1;Released 2021, February;45g, 8.9mm thickness;Proprietary;No card slot;0;N/A;2,479 hits;"1.4""";240x240 pixels; ;nRF52832;200 mAh Li-Ion;N/A;N/A;N/A;;2021, February;Available. Released 2021, February;41.5 x 35.9 x 8.9 mm (1.63 x 1.41 x 0.35 in);45 g (1.59 oz);No;IPS LCD;1.4 inches;240 x 240 pixels (~242 ppi density);Proprietary;nRF52832;;;No;;;No;;;;;No;4.0, A2DP, LE;No;No;No;No;Accelerometer, heart rate;Li-Ion 200 mAh, non-removable;Graphite Black, Space Gray;About 30 EUR;50m water resistant (IP68)Metal bezel;;;;Plastic frame, plastic back;No;No;;;
https://www.gsmarena.com/doogee_s88_plus-11776.php;https://fdn2.gsmarena.com/vv/bigpic/doogee-s88-plus.jpg;Doogee S88 Plus;Released 2021, February;372g, 18.7mm thickness;Android 10;128GB storage, microSDXC;2;0.1%;9,138 hits;"6.3""";1080x2340 pixels;8 GB RAM;Helio P70;10000 mAh Li-Po;GSM 850 / 900 / 1800 / 1900 - SIM 1 & SIM 2;HSDPA 850 / 900 / 1700(AWS) / 1900 / 2100;1, 2, 3, 4, 5, 7, 8, 12, 13, 17, 18, 19, 20, 25, 26, 28, 40, 66;HSPA, LTE;2021, January 26;Available. Released 2021, February;171.6 x 85.5 x 18.7 mm (6.76 x 3.37 x 0.74 in);372 g (13.12 oz);Hybrid Dual SIM (Nano-SIM, dual stand-by);IPS LCD;6.3 inches, 97.4 cm(~66.4% screen-to-body ratio);1080 x 2340 pixels, 19.5:9 ratio (~409 ppi density);Android 10;Mediatek MT6771 Helio P70 (12nm);Octa-core (4x2.1 GHz Cortex-A73 & 4x2.0 GHz Cortex-A53);Mali-G72 MP3;microSDXC (uses shared SIM slot);128GB 8GB RAM;;48 MP, f/1.8, (wide), PDAF8 MP, (telephoto)8 MP, f/2.4, 130˚, (ultrawide);LED flash, HDR, panorama;1080p;16 MP, f/2.0, (wide);1080p;Wi-Fi 802.11 b/g/n;4.2, A2DP;GPS, GLONASS, BDS, GALILEO;Yes;FM radio;USB Type-C 2.0, OTG;Fingerprint (side-mounted), accelerometer, gyro, proximity, compass;Li-Po 10000 mAh, non-removable;Black, Orange, Green;About 280 EUR;IP68/IP69K dust/water resistant (up to 30m for 90 min)Drop-to-concrete resistance from up to 1.5mMIL-STD-810G compliant;Corning Gorilla Glass;;;;;;;;
https://www.gsmarena.com/doogee_x95_pro-11811.php;https://fdn2.gsmarena.com/vv/bigpic/doogee-x95-pro.jpg;Doogee X95 Pro;Released 2021, January;8.9mm thickness;Android 10;32GB storage, microSDXC;0;N/A;4,629 hits;"6.52""";540x1200 pixels;4 GB RAM;MT6761V;4350 mAh Li-Po;GSM 850 / 900 / 1800 / 1900 - SIM 1 & SIM 2;HSDPA 900 / 2100;1, 3, 7, 8, 20;HSPA, LTE;2021, January 15;Available. Released 2021, January;167 x 77.4 x 8.9 mm (6.57 x 3.05 x 0.35 in);-;Hybrid Dual SIM (Nano-SIM, dual stand-by);IPS LCD, 600 nits;6.52 inches, 102.6 cm(~79.4% screen-to-body ratio);540 x 1200 pixels, 20:9 ratio (~202 ppi density);Android 10;Mediatek MT6761V/WE Helio A22 (12 nm);Quad-core 1.8 GHz Cortex-A53;PowerVR GE8300;microSDXC (uses shared SIM slot);32GB 4GB RAM;eMMC 5.1;13 MP, (wide)2 MP, (depth)2 MP, (telephoto);LED flash;1080p;5 MP, f/2.2, (wide);720p;Wi-Fi 802.11 b/g/n;5.2, A2DP, LE;GPS, GLONASS, BDS;No;FM radio;microUSB 2.0, OTG;Accelerometer, proximity;Li-Po 4350 mAh, non-removable;Black, Blue, Green;About 120 EUR;;;;;;;;;;
https://www.gsmarena.com/doogee_s96_pro-11792.php;https://fdn2.gsmarena.com/vv/bigpic/doogee-s96-pro.jpg;Doogee S96 Pro;Released 2020, November;310g, 15.5mm thickness;Android 10;128GB storage, microSDXC;2;0.1%;11,866 hits;"6.22""";720x1520 pixels;8 GB RAM;Helio G90;6350 mAh Li-Po;GSM 850 / 900 / 1800 / 1900 - SIM 1 & SIM 2;HSDPA 800 / 850 / 900 / 1700(AWS) / 1900 / 2100;1, 2, 3, 4, 5, 7, 8, 12, 13, 17, 18, 19, 20, 25, 26, 28, 38, 40, 66;HSPA, LTE;2020, October 26;Available. Released 2020, November;167 x 81.4 x 15.5 mm (6.57 x 3.20 x 0.61 in);310 g (10.93 oz);Dual SIM (Nano-SIM, dual stand-by);IPS LCD;6.22 inches, 96.6 cm(~71.0% screen-to-body ratio);720 x 1520 pixels, 19:9 ratio (~270 ppi density);Android 10;Mediatek MT6785 Helio G90 (12 nm);Octa-core (2x2.0 GHz Cortex-A76 & 6x2.0 GHz Cortex-A55);Mali-G76 MC4;microSDXC (dedicated slot);128GB 8GB RAM;UFS;48 MP, f/1.8, (wide), PDAF8 MP, f/2.2, 130˚, (ultrawide)20 MP, f/2.8, (night vision), 4 infrared night vision lights2 MP, f/2.4, (macro);Quad-LED flash, HDR, panorama;1080p;16 MP, f/2.0, (wide);1080p;Wi-Fi 802.11 a/b/g/n/ac, dual-band;5.0, A2DP, LE;GPS, GLONASS, BDS, GALILEO;Yes;FM radio;USB Type-C 2.0, OTG;Fingerprint (side-mounted), accelerometer, gyro, proximity, compass;Li-Po 6350 mAh, non-removable;Black, Orange, Green;About 280 EUR;IP68/IP69K dust/water resistant (up to 1.5m for 30 min)Drop-to-concrete resistance from up to 1.5mMIL-STD-810G compliant;Corning Gorilla Glass;;;;;;;;
https://www.gsmarena.com/doogee_n30-11820.php;https://fdn2.gsmarena.com/vv/bigpic/doogee-n30.jpg;Doogee N30;Released 2020, October;190g, 8.9mm thickness;Android 10;128GB storage, microSDXC;0;N/A;5,782 hits;"6.55""";720x1600 pixels;4 GB RAM;MT6762V;4500 mAh Li-Po;GSM 850 / 900 / 1800 / 1900 - SIM 1 & SIM 2;HSDPA 850 / 900 / 1700(AWS) / 1900 / 2100;1, 2, 3, 4, 5, 7, 8, 12, 17, 19, 20, 28, 34, 38, 39, 40, 41;HSPA, LTE;2020, September 18;Available. Released 2020, October;167 x 77.4 x 8.9 mm (6.57 x 3.05 x 0.35 in);190 g (6.70 oz);Dual SIM (Nano-SIM, dual stand-by);IPS LCD;6.55 inches, 103.6 cm(~80.1% screen-to-body ratio);720 x 1600 pixels, 20:9 ratio (~268 ppi density);Android 10;Mediatek MT6762V/WD Helio A25 (12 nm);Octa-core (4x1.8 GHz Cortex-A53 & 4x1.5 GHz Cortex-A53);PowerVR GE8320;microSDXC (dedicated slot);128GB 4GB RAM;;16 MP, f/2.0, (wide), PDAF8 MP, f/2.4, 130˚ (ultrawide)2 MP, f/2.2, (macro)2 MP, f/2.8, (depth);LED flash;1080p;8 MP, f/2.0, (wide);Yes;Wi-Fi 802.11 a/b/g/n, dual-band;5.0, A2DP, LE;GPS, GLONASS, BDS, GALILEO;No;FM radio;USB Type-C 2.0, OTG;Fingerprint (rear-mounted), accelerometer, proximity;Li-Po 4500 mAh, non-removable;Black, Blue, White, Green;About 150 EUR;;;;;;;;;;
https://www.gsmarena.com/doogee_s58_pro-11788.php;https://fdn2.gsmarena.com/vv/bigpic/doogee-s58-pro.jpg;Doogee S58 Pro;Released 2020, August;284g, 15.9mm thickness;Android 10;64GB storage, microSDXC;0;N/A;5,977 hits;"5.71""";720x1520 pixels;6 GB RAM;Helio P22;5180 mAh Li-Po;GSM 850 / 900 / 1800 / 1900 - SIM 1 & SIM 2;HSDPA 850 / 900 / 1900 / 2100;1, 3, 7, 8, 20;HSPA, LTE;2020, August 07;Available. Released 2020, August;162.8 x 81 x 15.9 mm (6.41 x 3.19 x 0.63 in);284 g (10.02 oz);Hybrid Dual SIM (Nano-SIM, dual stand-by);IPS LCD;5.71 inches, 81.4 cm(~61.7% screen-to-body ratio);720 x 1520 pixels, 19:9 ratio (~295 ppi density);Android 10;Mediatek MT6762V Helio P22 (12 nm);Octa-core 2.0 GHz Cortex-A53;PowerVR GE8320;microSDXC (uses shared SIM slot);64GB 6GB RAM;;16 MP, f/2.0, (wide), PDAF2 MP, f/2.4, (macro)2 MP, f/2.4, (depth);LED flash, HDR, panorama;1080p;16 MP, f/2.0, (wide);1080p;Wi-Fi 802.11 a/b/g/n;5.0, A2DP, LE;GPS, GLONASS, GALILEO, BDS;Yes;FM radio;USB Type-C 2.0, OTG;Fingerprint (rear-mounted), accelerometer, proximity, compass;Li-Po 5180 mAh, non-removable;Black, Orange, Green;About 170 EUR;IP68 dust/water resistant (up to 1.5m for 30 min)Drop-to-concrete resistance from up to 1.5mMIL-STD-810G compliant;Corning Gorilla Glass;;;;;;;;
https://www.gsmarena.com/doogee_n20_pro-11816.php;https://fdn2.gsmarena.com/vv/bigpic/doogee-n20-pro.jpg;Doogee N20 Pro;Released 2020, August;175g, 8.8mm thickness;Android 10;128GB storage, microSDXC;0;N/A;5,064 hits;"6.3""";1080x2280 pixels;6 GB RAM;MT6771V;4400 mAh Li-Po;GSM 850 / 900 / 1800 / 1900 - SIM 1 & SIM 2;HSDPA 850 / 900 / 2100;1, 3, 5, 7, 8, 19, 20;HSPA, LTE;2020, August 04;Available. Released 2020, August;159 x 77.1 x 8.8 mm (6.26 x 3.04 x 0.35 in);175 g (6.17 oz);Hybrid Dual SIM (Nano-SIM, dual stand-by);IPS LCD;6.3 inches, 99.1 cm(~80.8% screen-to-body ratio);1080 x 2280 pixels, 19:9 ratio (~400 ppi density);Android 10;Mediatek MT6771V/CA Helio P60 (12 nm);Octa-core (4x2.0 GHz Cortex-A73 & 4x2.0 GHz Cortex-A53);Mali-G72 MP3;microSDXC (uses shared SIM slot);128GB 6GB RAM;eMMC 5.1;16 MP, f/2.0, (wide), PDAF8 MP, f/2.4, 130˚ (ultrawide)2 MP, f/2.6, (macro)2 MP, f/2.8, (depth);LED flash;1080p;16 MP, f/2.0, (wide);1080p;Wi-Fi 802.11 a/b/g/n/ac, dual-band;5.0, A2DP, LE;GPS, GLONASS, BDS, GALILEO;No;FM radio;microUSB 2.0;Fingerprint (rear-mounted), accelerometer, proximity;Li-Po 4400 mAh, non-removable;Gray, Purple, Forest;About 170 EUR;;;;;;;;;;
https://www.gsmarena.com/doogee_s40_pro-11789.php;https://fdn2.gsmarena.com/vv/bigpic/doogee-s40-pro.jpg;Doogee S40 Pro;Released 2020, July;238g, 14.1mm thickness;Android 10;64GB storage, microSDXC;1;0.1%;6,555 hits;"5.45""";720x1440 pixels;4 GB RAM;Helio A25;4650 mAh Li-Po;GSM 850 / 900 / 1800 / 1900 - SIM 1 & SIM 2;HSDPA 900 / 2100;1, 3, 7, 8, 20;HSPA, LTE;2020, July 17;Available. Released 2020, July;158.2 x 79.4 x 14.1 mm (6.23 x 3.13 x 0.56 in);238 g (8.40 oz);Hybrid Dual SIM (Nano-SIM, dual stand-by);IPS LCD;5.45 inches, 76.7 cm(~61.0% screen-to-body ratio);720 x 1440 pixels, 18:9 ratio (~295 ppi density);Android 10;Mediatek MT6762 Helio A25 (12 nm);Octa-core (4x1.8 GHz Cortex-A53 & 4x1.5 GHz Cortex-A53);PowerVR GE8320;microSDXC (uses shared SIM slot);64GB 4GB RAM;eMMC 5.1;13 MP, f/2.8, (wide)2 MP, f/2.8, (depth);LED flash;1080p;5 MP, f/2.8, (wide);Yes;Wi-Fi 802.11 a/b/g/n;5.0, A2DP, LE;GPS, GLONASS, GALILEO, BDS;Yes;FM radio;microUSB 2.0, OTG;Fingerprint (rear-mounted), accelerometer, proximity, compass;Li-Po 4650 mAh, non-removable;Black, Orange, Green;About 150 EUR;IP68 dust/water resistant (up to 1.5m for 30 min)Drop-to-concrete resistance from up to 1.5mMIL-STD-810G compliant;Corning Gorilla Glass;;;;;;;;
https://www.gsmarena.com/doogee_s59-11787.php;https://fdn2.gsmarena.com/vv/bigpic/doogee-s59.jpg;Doogee S59;Released 2020, Q2;340g, 18.3mm thickness;Android 10;64GB storage, microSDXC;1;N/A;5,896 hits;"5.71""";720x1520 pixels;4 GB RAM;Helio A25;10050 mAh Li-Po;GSM 850 / 900 / 1800 / 1900 - SIM 1 & SIM 2;HSDPA 850 / 900 / 1700(AWS) / 1900 / 2100;1, 3, 7, 8, 20;HSPA, LTE;2020, Q2;Available. Released 2020, Q2;161 x 80.2 x 18.3 mm (6.34 x 3.16 x 0.72 in);340 g (11.99 oz);Hybrid Dual SIM (Nano-SIM, dual stand-by);IPS LCD;5.71 inches, 81.4 cm(~63.0% screen-to-body ratio);720 x 1520 pixels, 19:9 ratio (~295 ppi density);Android 10;Mediatek MT6762 Helio A25 (12 nm);Octa-core (4x1.8 GHz Cortex-A53 & 4x1.5 GHz Cortex-A53);PowerVR GE8320;microSDXC (uses shared SIM slot);64GB 4GB RAM;eMMC 5.1;16 MP, f/2.0, (wide), PDAF8 MP, f/2.2, 130˚ (wide), PDAF8 MP, f/2.2, 130˚ (macro), PDAF2 MP, f/2.4, (depth);Quad-LED flash, HDR, panorama;1080p;16 MP, f/2.0, (wide);1080p;Wi-Fi 802.11 a/b/g/n/ac, dual-band;5.0, A2DP, LE;GPS, GLONASS, GALILEO, BDS;Yes;FM radio;USB Type-C 2.0, OTG;Fingerprint (side-mounted), accelerometer, gyro, proximity, compass;Li-Po 10050 mAh, non-removable;Black, Orange, Green;About 180 EUR;IP68/IP69K dust/water resistant (up to 30m for 90 min)Drop-to-concrete resistance from up to 1.5mMIL-STD-810G compliant;Corning Gorilla Glass;;;;;;;;
https://www.gsmarena.com/doogee_s88_pro-10754.php;https://fdn2.gsmarena.com/vv/bigpic/doogee-s88-pro.jpg;Doogee S88 Pro;Released 2020, June 06;372g, 18.7mm thickness;Android 10;128GB storage, microSDXC;39;0.3%;212,162 hits;"6.3""";1080x2340 pixels;6 GB RAM;Helio P70;10000 mAh Li-Po;GSM 850 / 900 / 1800 / 1900 - SIM 1 & SIM 2;HSDPA 850 / 900 / 1700(AWS) / 1900 / 2100;1, 3, 7, 8, 20;HSPA, LTE;2020, June 06;Available. Released 2020, June 06;171.6 x 85.5 x 18.7 mm (6.76 x 3.37 x 0.74 in);372 g (13.12 oz);Hybrid Dual SIM (Nano-SIM, dual stand-by);IPS LCD;6.3 inches, 97.4 cm(~66.4% screen-to-body ratio);1080 x 2340 pixels, 19.5:9 ratio (~409 ppi density);Android 10;Mediatek MT6771T Helio P70 (12nm);Octa-core (4x2.1 GHz Cortex-A73 & 4x2.0 GHz Cortex-A53);Mali-G72 MP3;microSDXC (uses shared SIM slot);128GB 6GB RAM;;"21 MP, f/2.2, (wide), 1/2.4"", 1.12µm, PDAF8 MP, f/2.2, 130˚, (ultrawide), 1/4.0"", 1.12µm8 MP, f/2.2, (depth)";Dual-LED dual-tone flash, HDR, panorama;1080p@30fps;16 MP, f/2.2, 26mm (wide);1080p@30fps;Wi-Fi 802.11 b/g/n;4.2, A2DP;GPS, GLONASS, BDS, GALILEO;Yes;FM radio;USB Type-C 2.0, OTG;Fingerprint (side-mounted), accelerometer, gyro, proximity, compass;Li-Po 10000 mAh, non-removable;Fire Orange, Army Green, Mineral Black;About 130 EUR;IP68/IP69K dust/water resistant (up to 1.5m for 30 min)Drop-to-concrete resistance from up to 1.5mMIL-STD-810G compliant;Corning Gorilla Glass;;;Glass front (Gorilla Glass), aluminum back with rubber, aluminum frame;;;;AnTuTu: 168125 (v8)GeekBench: 1447 (v5.1)GFXBench: 7.9fps (ES 3.1 onscreen);
https://www.gsmarena.com/doogee_x95-11810.php;https://fdn2.gsmarena.com/vv/bigpic/doogee-x95.jpg;Doogee X95;Released 2020, May;8.9mm thickness;Android 10;16GB storage, microSDXC;0;0.1%;8,554 hits;"6.52""";540x1200 pixels;3 GB RAM;Helio A22;4350 mAh Li-Po;GSM 850 / 900 / 1800 / 1900 - SIM 1 & SIM 2;HSDPA 900 / 2100;1, 3, 7, 8, 20;HSPA, LTE;2020, April 23;Available. Released 2020, May;167 x 77.4 x 8.9 mm (6.57 x 3.05 x 0.35 in);-;Hybrid Dual SIM (Nano-SIM, dual stand-by);IPS LCD, 450 nits;6.52 inches, 102.6 cm(~79.4% screen-to-body ratio);540 x 1200 pixels, 20:9 ratio (~202 ppi density);Android 10;Mediatek MT6761V Helio A22 (12 nm);Quad-core 1.8 GHz Cortex-A53;PowerVR GE8300;microSDXC (uses shared SIM slot);16GB 3GB RAM;eMMC 5.1;13 MP, (wide)2 MP, (depth)2 MP, (telephoto);LED flash;1080p;5 MP, f/2.2, (wide);720p;Wi-Fi 802.11 b/g/n;5.2, A2DP, LE;GPS, GLONASS, BDS;No;FM radio;microUSB 2.0, OTG;Accelerometer, proximity;Li-Po 4350 mAh, non-removable;Black, Blue, Green;About 110 EUR;;;;;;;;;;
