Link;Image;Name;Release date;Weight;OS;Storage;Fans;Popularity;Hits;Screen_size;Screen_resolution;RAM;SOC;Battery;net2g;net3g;net4g;net5g;speed;year;status;dimensions;weight;build;sim;bodyother;displaytype;displaysize;displayresolution;displayprotection;displayother;os;chipset;cpu;gpu;memoryslot;internalmemory;memoryother;cam1modules;cam1features;cam1video;cam2modules;cam2features;cam2video;wlan;bluetooth;gps;nfc;radio;usb;sensors;featuresother;batdescription1;colors;models;price;tbench;batlife;gprstext;edge;batstandby1;battalktime1;batmusicplayback1;sar-us;sar-eu
https://www.gsmarena.com/google_pixel_7_pro-11908.php;https://fdn2.gsmarena.com/vv/bigpic/google-pixel7-pro-new.jpg;Google Pixel 7 Pro;Released 2022, October 13;212g, 8.9mm thickness;Android 13;128GB/256GB/512GB storage, no card slot;491;25%;2,303,282 hits;"6.7""";1440x3120 pixels;8/12 GB RAM;Google Tensor G2;5000 mAh Li-Ion;GSM 850 / 900 / 1800 / 1900;HSDPA 800 / 850 / 900 / 1700(AWS) / 1900 / 2100;1, 2, 3, 4, 5, 7, 8, 12, 13, 14, 17, 18, 19, 20, 25, 26, 28, 29, 30, 38, 39, 40, 41, 42, 46, 48, 66, 71 - GE2AE;1, 2, 3, 5, 7, 8, 12, 14, 20, 25, 28, 30, 38, 40, 41, 48, 66, 71, 77, 78, 257, 258, 260, 261 SA/NSA/Sub6/mmWave - GE2AE;HSPA, LTE-A (CA), 5G;2022, October 06;Available. Released 2022, October 13;162.9 x 76.6 x 8.9 mm (6.41 x 3.02 x 0.35 in);212 g (7.48 oz);Glass front (Gorilla Glass Victus), glass back (Gorilla Glass Victus), aluminum frame;Nano-SIM and eSIM;IP68 dust/water resistant (up to 1.5m for 30 min);LTPO AMOLED, 120Hz, HDR10+, 1000 nits (HBM), 1500 nits (peak);6.7 inches, 110.6 cm(~88.7% screen-to-body ratio);1440 x 3120 pixels, 19.5:9 ratio (~512 ppi density);Corning Gorilla Glass Victus;Always-on display;Android 13;Google Tensor G2 (5 nm);Octa-core (2x2.85 GHz Cortex-X1 & 2x2.35 GHz Cortex-A78 & 4x1.80 GHz Cortex-A55);Mali-G710 MP7;No;128GB 8GB RAM, 256GB 8GB RAM, 128GB 12GB RAM, 256GB 12GB RAM, 512GB 12GB RAM;UFS 3.1;"50 MP, f/1.9, 25mm (wide), 1/1.31"", 1.2µm, multi-directional PDAF, Laser AF, OIS48 MP, f/3.5, 120mm (telephoto), 1/2.55"", 0.7µm, multi-directional PDAF, OIS, 5x optical zoom12 MP, f/2.2, 126˚ (ultrawide), 1/2.9"", 1.25µm, AF";Dual-LED flash, Pixel Shift, Auto-HDR, panorama;"4K@30/60fps, 1080p@30/60/120/240fps; gyro-EIS, OIS, 10-bit HDR";"10.8 MP, f/2.2, 21mm (ultrawide), 1/3.1"", 1.22µm";Auto-HDR, panorama;4K@30/60fps, 1080p@30/60fps;Wi-Fi 802.11 a/b/g/n/ac/6e, tri-band, Wi-Fi Direct;5.2, A2DP, LE, aptX HD;GPS (L1+L5), GLONASS (G1), BDS (B1I+B1c+B2a), GALILEO (E1+E5a), QZSS (L1+L5);Yes;No;USB Type-C 3.2;Fingerprint (under display, optical), accelerometer, gyro, proximity, compass, barometer;Ultra Wideband (UWB) support;Li-Ion 5000 mAh, non-removable;Obsidian, Snow, Hazel;GP4BC, GE2AE;;AnTuTu: 796369 (v9)GeekBench: 3187 (v5.1)GFXBench: 34fps (ES 3.1 onscreen);;;;;;;;
https://www.gsmarena.com/google_pixel_7-11903.php;https://fdn2.gsmarena.com/vv/bigpic/google-pixel7-new.jpg;Google Pixel 7;Released 2022, October 13;197g, 8.7mm thickness;Android 13;128GB/256GB storage, no card slot;284;20%;1,531,306 hits;"6.3""";1080x2400 pixels;8 GB RAM;Google Tensor G2;4355 mAh Li-Ion;GSM 850 / 900 / 1800 / 1900;HSDPA 800 / 850 / 900 / 1700(AWS) / 1900 / 2100;1, 2, 3, 4, 5, 7, 8, 12, 13, 14, 17, 18, 19, 20, 25, 26, 28, 29, 30, 38, 40, 41, 42, 46, 48, 66, 71 - GQML3;1, 2, 3, 4, 5, 7, 8, 12, 13, 14, 17, 18, 19, 20, 25, 26, 28, 29, 30, 38, 40, 41, 46, 48, 66, 71, 260, 261 SA/NSA/Sub6/mmWave - GQML3;HSPA, LTE-A (CA), 5G;2022, October 06;Available. Released 2022, October 13;155.6 x 73.2 x 8.7 mm (6.13 x 2.88 x 0.34 in);197 g (6.95 oz);Glass front (Gorilla Glass Victus), glass back (Gorilla Glass Victus), aluminum frame;Nano-SIM and eSIM;IP68 dust/water resistant (up to 1.5m for 30 min);AMOLED, 90Hz, HDR10+, 1000 nits (HBM), 1400 nits (peak);6.3 inches, 96.7 cm(~84.9% screen-to-body ratio);1080 x 2400 pixels, 20:9 ratio (~416 ppi density);Corning Gorilla Glass Victus;Always-on display;Android 13;Google Tensor G2 (5 nm);Octa-core (2x2.85 GHz Cortex-X1 & 2x2.35 GHz Cortex-A78 & 4x1.80 GHz Cortex-A55);Mali-G710 MP7;No;128GB 8GB RAM, 256GB 8GB RAM;UFS 3.1;"50 MP, f/1.9, 25mm (wide), 1/1.31"", 1.2µm, multi-directional PDAF, Laser AF, OIS12 MP, f/2.2, 114˚ (ultrawide), 1/2.9"", 1.25µm";Dual-LED flash, Pixel Shift, Auto-HDR, panorama;"4K@30/60fps, 1080p@30/60/120/240fps; gyro-EIS, OIS, 10-bit HDR";"10.8 MP, f/2.2, 21mm (ultrawide), 1/3.1"", 1.22µm";Auto-HDR, panorama;4K@30/60fps, 1080p@30/60fps;Wi-Fi 802.11 a/b/g/n/ac/6e, tri-band, Wi-Fi Direct;5.2, A2DP, LE, aptX HD;GPS (L1+L5), GLONASS (G1), BDS (B1I+B1c+B2a), GALILEO (E1+E5a), QZSS (L1+L5);Yes;No;USB Type-C 3.2;Fingerprint (under display, optical), accelerometer, gyro, proximity, compass, barometer;;Li-Ion 4355 mAh, non-removable;Obsidian, Lemongrass, Snow;GVU6C, GQML3;;AnTuTu: 813114 (v9)GeekBench: 3288 (v5.1)GFXBench: 59fps (ES 3.1 onscreen);;;;;;;;
https://www.gsmarena.com/google_pixel_watch-11546.php;https://fdn2.gsmarena.com/vv/bigpic/google-pixel-watch-.jpg;Google Pixel Watch;Released 2022, October 13;36g, 12.3mm thickness;Android Wear OS 3.5;32GB storage, no card slot;81;2.1%;271,717 hits;"1.2""";450x450 pixels;2 GB RAM;Exynos 9110;294 mAh Li-Ion;GSM 850 / 900 / 1800 / 1900;HSDPA 850 / 900 / 1700(AWS) / 1900 / 2100;2, 4, 5, 12, 13, 17, 25, 26, 66, 71 - GWT9R;;HSPA, LTE;2022, October 06;Available. Released 2022, October 13;41 x 41 x 12.3 mm (1.61 x 1.61 x 0.48 in);36 g (1.27 oz);Glass front (Gorilla Glass 5), stainless steel frame;eSIM;50m/5ATM water resistant (IP68)ECG certified;AMOLED, 1000 nits (peak);1.2 inches;450 x 450 pixels (~320 ppi density);Corning Gorilla Glass 5;Always-on display;Android Wear OS 3.5;Exynos 9110 (10 nm);Dual-core 1.15 GHz Cortex-A53;Mali-T720;No;32GB 2GB RAM;eMMC;No;;;;;;Wi-Fi 802.11 b/g/n;5.0, A2DP, LE;GPS, GLONASS, GALILEO, BDS;Yes;No;No;Accelerometer, gyro, heart rate, altimeter, compass, SpO2;;Li-Ion 294 mAh, non-removable;Matte Black, Polished Silver, Champagne Gold;GQF4C, GBZ4S, GWT9R;;;;;;;;;;
https://www.gsmarena.com/google_pixel_6a-11229.php;https://fdn2.gsmarena.com/vv/bigpic/google-pixel-6a.jpg;Google Pixel 6a;Released 2022, July 21;178g, 8.9mm thickness;Android 12, up to Android 13;128GB storage, no card slot;414;22%;3,169,018 hits;"6.1""";1080x2400 pixels;6 GB RAM;Google Tensor;4410 mAh Li-Po;GSM 850 / 900 / 1800 / 1900;HSDPA 800 / 850 / 900 / 1700(AWS) / 1900 / 2100;1, 2, 3, 4, 5, 7, 8, 12, 13, 14, 17, 18, 19, 20, 25, 26, 28, 29, 30, 38, 39, 40, 41, 42, 48, 66, 71 - GX7AS, GB62Z (USA/Canada);1, 2, 3, 5, 7, 8, 12, 20, 25, 28, 30, 38, 40, 41, 48, 66, 71, 77, 78 SA/NSA/Sub6 - GX7AS (USA/Canada);HSPA, LTE-A (CA), 5G;2022, May 11;Available. Released 2022, July 21;152.2 x 71.8 x 8.9 mm (5.99 x 2.83 x 0.35 in);178 g (6.28 oz);Glass front (Gorilla Glass 3), aluminum frame, plastic back;Nano-SIM and eSIM;IP67 dust/water resistant (up to 1m for 30 min);OLED, HDR;6.1 inches, 90.7 cm(~83.0% screen-to-body ratio);1080 x 2400 pixels, 20:9 ratio (~429 ppi density);Corning Gorilla Glass 3;Always-on display;Android 12, upgradable to Android 13;Google Tensor (5 nm);Octa-core (2x2.80 GHz Cortex-X1 & 2x2.25 GHz Cortex-A76 & 4x1.80 GHz Cortex-A55);Mali-G78 MP20;No;128GB 6GB RAM;UFS 3.1;"12.2 MP, f/1.7, 27mm, (wide), 1/2.55"", 1.4µm, dual pixel PDAF, OIS12 MP, f/2.2, 17mm, 114˚ (ultrawide), 1.25µm";Dual-LED flash, Pixel Shift, Auto-HDR, panorama;"4K@30/60fps, 1080p@30/60/120/240fps; gyro-EIS, OIS";8 MP, f/2.0, 24mm (wide), 1.12µm;Auto-HDR, panorama;1080p@30fps;Wi-Fi 802.11 a/b/g/n/ac/6e, dual-band, Wi-Fi Direct;5.2, A2DP, LE;GPS, GLONASS, GALILEO, QZSS;Yes;No;USB Type-C 3.1;Fingerprint (under display, optical), accelerometer, gyro, proximity, compass, barometer;;Li-Po 4410 mAh, non-removable;Chalk, Charcoal, Sage;GX7AS, GB62Z, G1AZG;;;;;;;;;;
https://www.gsmarena.com/google_pixel_6_pro-10918.php;https://fdn2.gsmarena.com/vv/bigpic/google-pixel-6-pro.jpg;Google Pixel 6 Pro;Released 2021, October 28;210g, 8.9mm thickness;Android 12, up to Android 13;128GB/256GB/512GB storage, no card slot;947;12%;4,802,396 hits;"6.7""";1440x3120 pixels;12 GB RAM;Google Tensor;5003 mAh Li-Ion;GSM 850 / 900 / 1800 / 1900;HSDPA 800 / 850 / 900 / 1700(AWS) / 1900 / 2100;1, 2, 3, 4, 5, 7, 8, 12, 13, 14, 17, 18, 19, 20, 25, 26, 28, 29, 30, 32, 38, 39, 40, 41, 42, 46, 48, 66, 71 - GLUOG, G8VOU;1, 2, 3, 5, 7, 8, 12, 14, 20, 25, 28, 30, 38, 40, 41, 48, 66, 71, 77, 78, 257, 258, 260, 261 SA/NSA/Sub6/mmWave - G8VOU;HSPA, LTE-A (CA), 5G;2021, October 19;Available. Released 2021, October 28;163.9 x 75.9 x 8.9 mm (6.45 x 2.99 x 0.35 in);210 g (7.41 oz);Glass front (Gorilla Glass Victus), glass back (Gorilla Glass Victus), aluminum frame;Nano-SIM and eSIM;IP68 dust/water resistant (up to 1.5m for 30 min);LTPO AMOLED, 120Hz, HDR10+;6.7 inches, 110.6 cm(~88.9% screen-to-body ratio);1440 x 3120 pixels, 19.5:9 ratio (~512 ppi density);Corning Gorilla Glass Victus;Always-on display;Android 12, upgradable to Android 13;Google Tensor (5 nm);Octa-core (2x2.80 GHz Cortex-X1 & 2x2.25 GHz Cortex-A76 & 4x1.80 GHz Cortex-A55);Mali-G78 MP20;No;128GB 12GB RAM, 256GB 12GB RAM, 512GB 12GB RAM;UFS 3.1;"50 MP, f/1.9, 25mm (wide), 1/1.31"", 1.2µm, Dual Pixel PDAF, Laser AF, OIS48 MP, f/3.5, 104mm (telephoto), 1/2"", 0.8µm, PDAF, OIS, 4x optical zoom12 MP, f/2.2, 17mm, 114˚ (ultrawide), 1.25µm";Dual-LED flash, Pixel Shift, Auto-HDR, panorama;"4K@30/60fps, 1080p@30/60/120/240fps; gyro-EIS, OIS";11.1 MP, f/2.2, 20mm (ultrawide), 1.22µm;Auto-HDR, panorama;4K@30fps, 1080p@30/60fps;Wi-Fi 802.11 a/b/g/n/ac/6e, dual-band, Wi-Fi Direct;5.2, A2DP, LE, aptX HD;GPS (L1+L5), GLONASS (G1), BDS (B1I+B1c+B2a), GALILEO (E1+E5a), QZSS (L1+L5);Yes;No;USB Type-C 3.1;Fingerprint (under display, optical), accelerometer, gyro, proximity, compass, barometer;Ultra Wideband (UWB) support;Li-Ion 5003 mAh, non-removable;Cloudy White, Sorta Sunny, Stormy Black;GLUOG, G8VOU;;AnTuTu:  585485 (v8),  719815 (v9)GeekBench: 2831 (v5.1)GFXBench: 39 fps (ES 3.1 onscreen);;;;;;;;
https://www.gsmarena.com/google_pixel_6-11037.php;https://fdn2.gsmarena.com/vv/bigpic/google-pixel-6.jpg;Google Pixel 6;Released 2021, October 28;207g, 8.9mm thickness;Android 12, up to Android 13;128GB/256GB storage, no card slot;510;14%;4,058,295 hits;"6.4""";1080x2400 pixels;8 GB RAM;Google Tensor;4614 mAh Li-Ion;GSM 850 / 900 / 1800 / 1900;HSDPA 800 / 850 / 900 / 1700(AWS) / 1900 / 2100;1, 2, 3, 4, 5, 7, 8, 12, 13, 14, 17, 18, 19, 20, 25, 26, 28, 29, 30, 32, 38, 39, 40, 41, 42, 46, 48, 66, 71 - GB7N6, G9S9B16;1, 2, 3, 5, 7, 8, 12, 14, 20, 25, 28, 30, 38, 40, 41, 48, 66, 71, 77, 78, 257, 258, 260, 261 SA/NSA/Sub6/mmWave - G9S9B;HSPA, LTE-A (CA), 5G;2021, October 19;Available. Released 2021, October 28;158.6 x 74.8 x 8.9 mm (6.24 x 2.94 x 0.35 in);207 g (7.30 oz);Glass front (Gorilla Glass Victus), glass back (Gorilla Glass 6), aluminum frame;Nano-SIM and eSIM;IP68 dust/water resistant (up to 1.5m for 30 min);AMOLED, 90Hz, HDR10+;6.4 inches, 98.9 cm(~83.4% screen-to-body ratio);1080 x 2400 pixels, 20:9 ratio (~411 ppi density);Corning Gorilla Glass Victus;Always-on display;Android 12, upgradable to Android 13;Google Tensor (5 nm);Octa-core (2x2.80 GHz Cortex-X1 & 2x2.25 GHz Cortex-A76 & 4x1.80 GHz Cortex-A55);Mali-G78 MP20;No;128GB 8GB RAM, 256GB 8GB RAM;UFS 3.1;"50 MP, f/1.9, 25mm (wide), 1/1.31"", 1.2µm, Dual Pixel PDAF, Laser AF, OIS12 MP, f/2.2, 17mm, 114˚ (ultrawide), 1.25µm";Dual-LED flash, Pixel Shift, Auto-HDR, panorama;"4K@30/60fps, 1080p@30/60/120/240fps; gyro-EIS, OIS";8 MP, f/2.0, 24mm (wide), 1.12µm;Auto-HDR, panorama;1080p@30fps;Wi-Fi 802.11 a/b/g/n/ac/6e, dual-band, Wi-Fi Direct;5.2, A2DP, LE, aptX HD;GPS (L1+L5), GLONASS (G1), BDS (B1I+B1c+B2a), GALILEO (E1+E5a), QZSS (L1+L5);Yes;No;USB Type-C 3.1;Fingerprint (under display, optical), accelerometer, gyro, proximity, compass, barometer;;Li-Ion 4614 mAh, non-removable;Sorta Seafoam, Kinda Coral, Stormy Black;GB7N6, G9S9B16;;AnTuTu: 676831 (v9)GeekBench: 2899 (v5.1)GFXBench: 57fps (ES 3.1 onscreen);;;;;;;;
https://www.gsmarena.com/google_pixel_5a_5g-11059.php;https://fdn2.gsmarena.com/vv/bigpic/google-pixel-5a-5g.jpg;Google Pixel 5a 5G;Released 2021, August 26;183g, 7.6mm thickness;Android 11, up to Android 13;128GB storage, no card slot;274;5.8%;1,971,362 hits;"6.34""";1080x2400 pixels;6 GB RAM;Snapdragon 765G 5G;4680 mAh Li-Po;GSM 850 / 900 / 1800 / 1900;HSDPA 850 / 900 / 1700(AWS) / 1900 / 2100;1, 2, 3, 4, 5, 7, 8, 12, 13, 14, 17, 18, 19, 20, 25, 26, 28, 29, 30, 32, 38, 39, 40, 41, 42, 46, 48, 66, 71;1, 2, 5, 12, 25, 28, 41, 66, 71, 77, 78 SA/NSA/Sub6;HSPA, LTE-A (CA), 5G;2021, August 17;Available. Released 2021, August 26;154.9 x 73.7 x 7.6 mm (6.10 x 2.90 x 0.30 in);183 g (6.46 oz);Glass front (Gorilla Glass 3), aluminum frame, aluminum back;Nano-SIM and eSIM;IP67 dust/water resistant (up to 1m for 30 min);OLED, HDR;6.34 inches, 97.0 cm(~85.0% screen-to-body ratio);1080 x 2400 pixels, 20:9 ratio (~415 ppi density);Corning Gorilla Glass 3;Always-on display;Android 11, upgradable to Android 13;Qualcomm SM7250 Snapdragon 765G 5G (7 nm);Octa-core (1x2.4 GHz Kryo 475 Prime & 1x2.2 GHz Kryo 475 Gold & 6x1.8 GHz Kryo 475 Silver);Adreno 620;No;128GB 6GB RAM;;"12.2 MP, f/1.7, 27mm, (wide), 1/2.55"", 1.4µm, dual pixel PDAF, OIS16 MP, f/2.2, 119˚ (ultrawide), 1.0µm";LED flash, Pixel Shift, Auto-HDR, panorama;"4K@30/60fps, 1080p@30/60/120/240fps; gyro-EIS";8 MP, f/2.0, 24mm (wide), 1.12µm;Auto-HDR;1080p@30fps;Wi-Fi 802.11 a/b/g/n/ac, dual-band, Wi-Fi Direct;5.0, A2DP, LE, aptX HD;GPS, GLONASS, GALILEO, QZSS, BDS;Yes;No;USB Type-C 3.1;Fingerprint (rear-mounted), accelerometer, gyro, proximity, compass, barometer;;Li-Po 4680 mAh, non-removable;Mostly Black;;;AnTuTu: 291303 (v8)GeekBench: 1337 (v5.1)GFXBench: 19fps (ES 3.1 onscreen);;;;;;;;
https://www.gsmarena.com/google_pixel_5-10386.php;https://fdn2.gsmarena.com/vv/bigpic/google-pixel-5-5g.jpg;Google Pixel 5;Released 2020, October 15;151g, 8mm thickness;Android 11, up to Android 13;128GB storage, no card slot;689;9.6%;5,395,642 hits;"6.0""";1080x2340 pixels;8 GB RAM;Snapdragon 765G 5G;4080 mAh Li-Po;GSM 850 / 900 / 1800 / 1900;HSDPA 850 / 900 / 1700(AWS) / 1900 / 2100;1, 2, 3, 4, 5, 7, 8, 12, 13, 14, 17, 18, 19, 20, 25, 26, 28, 29, 30, 32, 38, 39, 40, 41, 42, 46, 48, 66, 71;1, 2, 3, 5, 7, 8, 12, 28, 41, 66, 71, 77, 78, 258, 260, 261 Sub6/mmWave - GD1YQ;HSPA, LTE-A (CA), 5G;2020, September 30;Available. Released 2020, October 15;144.7 x 70.4 x 8 mm (5.70 x 2.77 x 0.31 in);151 g (5.33 oz);Glass front (Gorilla Glass 6), aluminum back, aluminum frame;Nano-SIM and eSIM;IP68 dust/water resistant (up to 1.5m for 30 min);OLED, 90Hz, HDR10+;6.0 inches, 87.6 cm(~85.9% screen-to-body ratio);1080 x 2340 pixels, 19.5:9 ratio (~432 ppi density);Corning Gorilla Glass 6;Always-on display;Android 11, upgradable to Android 13;Qualcomm SM7250 Snapdragon 765G 5G (7 nm);Octa-core (1x2.4 GHz Kryo 475 Prime & 1x2.2 GHz Kryo 475 Gold & 6x1.8 GHz Kryo 475 Silver);Adreno 620;No;128GB 8GB RAM;UFS 2.1;"12.2 MP, f/1.7, 27mm (wide), 1/2.55"", 1.4µm, dual pixel PDAF, OIS16 MP, f/2.2, 117˚ (ultrawide), 1.0µm";LED flash, Pixel Shift, Auto-HDR, panorama;"4K@30/60fps, 1080p@30/60/120/240fps; gyro-EIS";"8 MP, f/2.0, 24mm (wide), 1/4.0"", 1.12µm";Auto-HDR;1080p@30fps;Wi-Fi 802.11 a/b/g/n/ac, dual-band, Wi-Fi Direct;5.0, A2DP, LE, aptX HD;GPS, GLONASS, GALILEO, QZSS, BDS;Yes;No;USB Type-C 3.1;Fingerprint (rear-mounted), accelerometer, gyro, proximity, compass, barometer;;Li-Po 4080 mAh, non-removable;Just Black, Sorta Sage;GD1YQ, GTT9Q;;;;;;;;;;
https://www.gsmarena.com/google_pixel_4a_5g-10385.php;https://fdn2.gsmarena.com/vv/bigpic/google-pixel-4a-5g.jpg;Google Pixel 4a 5G;Released 2020, November 05;"168g (5G Sub-6); 171g ( 5G Sub-6 and mmWave), 8.2mm thickness";Android 11, up to Android 13;128GB storage, no card slot;248;4.0%;2,106,537 hits;"6.2""";1080x2340 pixels;6 GB RAM;Snapdragon 765G 5G;3885 mAh Li-Po;GSM 850 / 900 / 1800 / 1900;HSDPA 850 / 900 / 1700(AWS) / 1900 / 2100;1, 2, 3, 4, 5, 7, 8, 12, 13, 14, 17, 18, 19, 20, 25, 26, 28, 29, 30, 32, 38, 39, 40, 41, 42, 46, 48, 66, 71;1, 2, 3, 5, 7, 8, 12, 28, 41, 66, 71, 77, 78 Sub6, mmWave (market dependant);HSPA, LTE-A (CA), 5G;2020, September 30;Available. Released 2020, November 05;153.9 x 74 x 8.2 mm (Sub-6) or 8.5 mm (Sub-6 and mmWave);"168 g (5G Sub-6); 171 g ( 5G Sub-6 and mmWave) (5.93 oz)";Glass front (Gorilla Glass 3), plastic back, plastic frame;Nano-SIM and eSIM;;OLED, HDR;6.2 inches, 95.7 cm(~84.1% screen-to-body ratio);1080 x 2340 pixels, 19.5:9 ratio (~413 ppi density);Corning Gorilla Glass 3;Always-on display;Android 11, upgradable to Android 13;Qualcomm SM7250 Snapdragon 765G 5G (7 nm);Octa-core (1x2.4 GHz Kryo 475 Prime & 1x2.2 GHz Kryo 475 Gold & 6x1.8 GHz Kryo 475 Silver);Adreno 620;No;128GB 6GB RAM;UFS 2.1;"12.2 MP, f/1.7, 27mm (wide), 1/2.55"", 1.4µm, dual pixel PDAF, OIS16 MP, f/2.2, 107˚ (ultrawide), 1.0µm";LED flash, Pixel Shift, Auto-HDR, panorama;"4K@30/60fps, 1080p@30/60/120/240fps; gyro-EIS";"8 MP, f/2.0, 24mm (wide), 1/4.0"", 1.12µm";Auto-HDR;1080p@30fps;Wi-Fi 802.11 a/b/g/n/ac, dual-band, Wi-Fi Direct;5.0, A2DP, LE, aptX HD;GPS, GLONASS, GALILEO, QZSS, BDS;Yes;No;USB Type-C 3.1;Fingerprint (rear-mounted), accelerometer, gyro, proximity, compass, barometer;;Li-Po 3885 mAh, non-removable;Just Black, Clearly White;GD1YQ, G025I;;;;;;;;;;
https://www.gsmarena.com/google_pixel_4a-10123.php;https://fdn2.gsmarena.com/vv/bigpic/google-pixel-4a.jpg;Google Pixel 4a;Released 2020, August 20;143g, 8.2mm thickness;Android 10, up to Android 13;128GB storage, no card slot;649;5.8%;4,781,740 hits;"5.81""";1080x2340 pixels;6 GB RAM;Snapdragon 730G;3140 mAh Li-Po;GSM 850 / 900 / 1800 / 1900;HSDPA 850 / 900 / 1700(AWS) / 1900 / 2100;1, 2, 3, 4, 5, 7, 8, 12, 13, 14, 17, 18, 20, 25, 26, 28, 29, 30, 38, 39, 40, 41, 66, 71;;HSPA 42.2/5.76 Mbps, LTE-A (3CA) Cat12 600/75 Mbps;2020, August 03;Available. Released 2020, August 20;144 x 69.4 x 8.2 mm (5.67 x 2.73 x 0.32 in);143 g (5.04 oz);Glass front (Gorilla Glass 3), plastic back, plastic frame;Nano-SIM and eSIM;;OLED, HDR;5.81 inches, 83.2 cm(~83.3% screen-to-body ratio);1080 x 2340 pixels, 19.5:9 ratio (~443 ppi density);Corning Gorilla Glass 3;Always-on display;Android 10, upgradable to Android 13;Qualcomm SDM730 Snapdragon 730G (8 nm);Octa-core (2x2.2 GHz Kryo 470 Gold & 6x1.8 GHz Kryo 470 Silver);Adreno 618;No;128GB 6GB RAM;UFS 2.1;"12.2 MP, f/1.7, 27mm (wide), 1/2.55"", 1.4µm, dual pixel PDAF, OIS";LED flash, Pixel Shift, Auto-HDR, panorama;"4K@30fps, 1080p@30/60/120fps; gyro-EIS";8 MP, f/2.0, 24mm (wide), 1.12µm;Auto-HDR;1080p@30fps;Wi-Fi 802.11 a/b/g/n/ac, dual-band, Wi-Fi Direct, DLNA;5.0, A2DP, LE, aptX HD;GPS, GLONASS, GALILEO, QZSS, BDS;Yes;No;USB Type-C 3.1;Fingerprint (rear-mounted), accelerometer, gyro, proximity, compass, barometer;;Li-Po 3140 mAh, non-removable;Just Black, Barely Blue;G025J, GA02099;;AnTuTu: 268714 (v8)GeekBench: 6426 (v4.4), 1626 (v5.1)GFXBench: 17fps (ES 3.1 onscreen);;;;;;;;
https://www.gsmarena.com/google_pixel_4_xl-9895.php;https://fdn2.gsmarena.com/vv/bigpic/google-pixel-4-r1.jpg;Google Pixel 4 XL;Released 2019, October 22;193g, 8.2mm thickness;Android 10, up to Android 13;64GB/128GB storage, no card slot;440;4.7%;3,806,090 hits;"6.3""";1440x3040 pixels;6 GB RAM;Snapdragon 855;3700 mAh Li-Po;GSM 850 / 900 / 1800 / 1900;HSDPA 850 / 900 / 1700(AWS) / 1900 / 2100;1, 2, 3, 4, 5, 7, 8, 12, 13, 17, 20, 25, 26, 28, 32, 38, 39, 40, 41, 66, 71 - Global;;HSPA 42.2/5.76 Mbps, LTE-A (5CA) Cat18 1200/150 Mbps;2019, October 15;Available. Released 2019, October 22;160.4 x 75.1 x 8.2 mm (6.31 x 2.96 x 0.32 in);193 g (6.81 oz);Glass front (Gorilla Glass 5), glass back (Gorilla Glass 5), aluminum frame;Nano-SIM and eSIM;IP68 dust/water resistant (up to 1.5m for 30 min);P-OLED, 90Hz, HDR;6.3 inches, 98.0 cm(~81.3% screen-to-body ratio);1440 x 3040 pixels, 19:9 ratio (~537 ppi density);Corning Gorilla Glass 5;Always-on display;Android 10, upgradable to Android 13;Qualcomm SM8150 Snapdragon 855 (7 nm);Octa-core (1x2.84 GHz Kryo 485 & 3x2.42 GHz Kryo 485 & 4x1.78 GHz Kryo 485);Adreno 640;No;64GB 6GB RAM, 128GB 6GB RAM;UFS 2.1;"12.2 MP, f/1.7, 27mm (wide), 1/2.55"", 1.4µm, dual pixel PDAF, OIS16 MP, f/2.4, 50mm (telephoto), 1/3.6"", 1.0µm, PDAF, OIS, 2x optical zoom";Dual-LED flash, Pixel Shift, Auto-HDR, panorama;4K@30fps, 1080p@30/60/120fps, 1080p@30fps (gyro-EIS);8 MP, f/2.0, 22mm (wide), 1.22µm, no AFTOF 3D, (depth/biometrics sensor);Auto-HDR;1080p@30fps;Wi-Fi 802.11 a/b/g/n/ac, dual-band, Wi-Fi Direct, DLNA;5.0, A2DP, LE, aptX HD;GPS, GLONASS, BDS, GALILEO;Yes;No;USB Type-C 3.1;Face ID, accelerometer, gyro, proximity, compass, barometer;;Li-Po 3700 mAh, non-removable;Clearly White, Just Black, Oh So Orange;G020P, G020, GA01181-US, GA01182-US, GA01180-US;;AnTuTu: 323305 (v7), 403267 (v8)GeekBench: 10171 (v4.4), 2267 (v5.1)GFXBench: 21fps (ES 3.1 onscreen);;;;;;;;
https://www.gsmarena.com/google_pixel_4-9896.php;https://fdn2.gsmarena.com/vv/bigpic/google-pixel-4-r1.jpg;Google Pixel 4;Released 2019, October 22;162g, 8.2mm thickness;Android 10, up to Android 13;64GB/128GB storage, no card slot;289;5.5%;3,663,247 hits;"5.7""";1080x2280 pixels;6 GB RAM;Snapdragon 855;2800 mAh Li-Po;GSM 850 / 900 / 1800 / 1900;HSDPA 850 / 900 / 1700(AWS) / 1900 / 2100;1, 2, 3, 4, 5, 7, 8, 12, 13, 17, 20, 25, 26, 28, 32, 38, 39, 40, 41, 66, 71 - Global;;HSPA 42.2/5.76 Mbps, LTE-A (5CA) Cat18 1200/150 Mbps;2019, October 15;Available. Released 2019, October 22;147.1 x 68.8 x 8.2 mm (5.79 x 2.71 x 0.32 in);162 g (5.71 oz);Glass front (Gorilla Glass 5), glass back (Gorilla Glass 5), aluminum frame;Nano-SIM and eSIM;IP68 dust/water resistant (up to 1.5m for 30 min);P-OLED, 90Hz, HDR;5.7 inches, 80.7 cm(~79.8% screen-to-body ratio);1080 x 2280 pixels, 19:9 ratio (~444 ppi density);Corning Gorilla Glass 5;Always-on display;Android 10, upgradable to Android 13;Qualcomm SM8150 Snapdragon 855 (7 nm);Octa-core (1x2.84 GHz Kryo 485 & 3x2.42 GHz Kryo 485 & 4x1.78 GHz Kryo 485);Adreno 640;No;64GB 6GB RAM, 128GB 6GB RAM;UFS 2.1;"12.2 MP, f/1.7, 27mm (wide), 1/2.55"", 1.4µm, dual pixel PDAF, OIS16 MP, f/2.4, 50mm (telephoto), 1/3.6"", 1.0µm, PDAF, OIS, 2x optical zoom";Dual-LED flash, Pixel Shift, Auto-HDR, panorama;4K@30fps, 1080p@30/60/120fps, 1080p@30fps (gyro-EIS);8 MP, f/2.0, 22mm (wide), 1.22µm, no AFTOF 3D, (depth/biometrics sensor);Auto-HDR;1080p@30fps;Wi-Fi 802.11 a/b/g/n/ac, dual-band, Wi-Fi Direct, DLNA;5.0, A2DP, LE, aptX HD;GPS, GLONASS, BDS, GALILEO;Yes;No;USB Type-C 3.1;Face ID, accelerometer, gyro, proximity, compass, barometer;;Li-Po 2800 mAh, non-removable;Clearly White, Just Black, Oh So Orange;G020M, G020I, GA01188-US, GA01187-US, GA01189-US, GA01191-US, GA01189-US;;AnTuTu: 395351 (v8)GeekBench: 2542 (v5.1)GFXBench: 31fps (ES 3.1 onscreen);;;;;;;;
https://www.gsmarena.com/google_pixel_3a_xl-9690.php;https://fdn2.gsmarena.com/vv/bigpic/google-pixel-3a-xl-.jpg;Google Pixel 3a XL;Released 2019, May 15;167g, 8.2mm thickness;Android 9.0, up to Android 12;64GB storage, no card slot;207;1.5%;2,084,862 hits;"6.0""";1080x2160 pixels;4 GB RAM;Snapdragon 670;3700 mAh Li-Po;GSM 850 / 900 / 1800 / 1900;HSDPA 850 / 900 / 1700(AWS) / 1900 / 2100;1, 2, 3, 4, 5, 7, 8, 12, 13, 14, 17, 20, 25, 26, 28, 29, 30, 38, 40, 41, 66, 71;;HSPA 42.2/5.76 Mbps, LTE-A (3CA) Cat11 600/75 Mbps;2019, May 07;Available. Released 2019, May 15;160.1 x 76.1 x 8.2 mm (6.30 x 3.00 x 0.32 in);167 g (5.89 oz);Glass front (Asahi Dragontrail), plastic back, plastic frame;Nano-SIM and eSIM;;OLED;6.0 inches, 92.9 cm(~76.3% screen-to-body ratio);1080 x 2160 pixels, 18:9 ratio (~402 ppi density);Asahi Dragontrail Glass;Always-on display;Android 9.0 (Pie), upgradable to Android 12;Qualcomm SDM670 Snapdragon 670 (10 nm);Octa-core (2x2.0 GHz 360 Gold & 6x1.7 GHz Kryo 360 Silver);Adreno 615;No;64GB 4GB RAM;eMMC 5.1;"12.2 MP, f/1.8, 28mm (wide), 1/2.55"", 1.4µm, dual pixel PDAF, OIS";Dual-LED flash, Pixel Shift, HDR, panorama;4K@30fps, 1080p@30/60/120fps;"8 MP, f/2.0, 24mm (wide), 1/4"", 1.12µm";HDR;1080p@30fps;Wi-Fi 802.11 a/b/g/n/ac, dual-band, Wi-Fi Direct;5.0, A2DP, LE, aptX HD;GPS, GLONASS, GALILEO;Yes;No;USB Type-C 2.0;Fingerprint (rear-mounted), accelerometer, gyro, proximity, compass, barometer;;Li-Po 3700 mAh, non-removable;Just Black, Clearly White, Purple-ish;G020C, G020G, G020F;;AnTuTu: 159110 (v7), 176612 (v8)GeekBench: 5176 (v4.4), 1307 (v5.1)GFXBench: 11fps (ES 3.1 onscreen);;;;;;;;
https://www.gsmarena.com/google_pixel_3a-9408.php;https://fdn2.gsmarena.com/vv/bigpic/google-pixel-3a.jpg;Google Pixel 3a;Released 2019, May 15;147g, 8.2mm thickness;Android 9.0, up to Android 12;64GB storage, no card slot;296;5.6%;3,581,676 hits;"5.6""";1080x2220 pixels;4 GB RAM;Snapdragon 670;3000 mAh Li-Po;GSM 850 / 900 / 1800 / 1900;HSDPA 850 / 900 / 1700(AWS) / 1900 / 2100;1, 2, 3, 4, 5, 7, 8, 12, 13, 17, 20, 25, 26, 28, 32, 38, 40, 41, 66, 71;;HSPA 42.2/5.76 Mbps, LTE-A (3CA) Cat11 600/75 Mbps;2019, May 07;Available. Released 2019, May 15;151.3 x 70.1 x 8.2 mm (5.96 x 2.76 x 0.32 in);147 g (5.19 oz);Glass front (Asahi Dragontrail), plastic back, plastic frame;Nano-SIM and eSIM;;OLED;5.6 inches, 79.6 cm(~75.0% screen-to-body ratio);1080 x 2220 pixels, 18.5:9 ratio (~441 ppi density);Asahi Dragontrail Glass;Always-on display;Android 9.0 (Pie), upgradable to Android 12;Qualcomm SDM670 Snapdragon 670 (10 nm);Octa-core (2x2.0 GHz 360 Gold & 6x1.7 GHz Kryo 360 Silver);Adreno 615;No;64GB 4GB RAM;eMMC 5.1;"12.2 MP, f/1.8, 28mm (wide), 1/2.55"", 1.4µm, dual pixel PDAF, OIS";Dual-LED flash, Pixel Shift, HDR, panorama;4K@30fps, 1080p@30/60/120fps;"8 MP, f/2.0, 24mm (wide), 1/4"", 1.12µm";HDR;1080p@30fps;Wi-Fi 802.11 a/b/g/n/ac, dual-band, Wi-Fi Direct;5.0, A2DP, LE, aptX HD;GPS, GLONASS, GALILEO;Yes;No;USB Type-C 2.0;Fingerprint (rear-mounted), accelerometer, gyro, proximity, compass, barometer;;Li-Po 3000 mAh, non-removable;Just Black, Clearly White, Purple-ish;G020A, G020E, G020B;;;;;;;;;;
https://www.gsmarena.com/google_pixel_3_xl-9257.php;https://fdn2.gsmarena.com/vv/bigpic/google-pixel-3xl-.jpg;Google Pixel 3 XL;Released 2018, October 18;184g, 7.9mm thickness;Android 9.0, up to Android 12;64GB/128GB storage, no card slot;422;6.7%;5,066,367 hits;"6.3""";1440x2960 pixels;4 GB RAM;Snapdragon 845;3430 mAh Li-Po;GSM 850 / 900 / 1800 / 1900;HSDPA 850 / 900 / 1700(AWS) / 1900 / 2100;1, 2, 3, 4, 5, 7, 8, 12, 13, 17, 18, 19, 20, 25, 26, 28, 29, 32, 38, 39, 40, 41, 42, 46, 66, 71;;HSPA 42.2/5.76 Mbps, LTE-A (5CA) Cat16 1024/75 Mbps;2018, October 09;Available. Released 2018, October 18;158 x 76.7 x 7.9 mm (6.22 x 3.02 x 0.31 in);184 g (6.49 oz);Glass front (Gorilla Glass 5), glass back (Gorilla Glass 5), aluminum frame;Nano-SIM and eSIM;IP68 dust/water resistant (up to 1.5m for 30 min);P-OLED, HDR;6.3 inches, 100.3 cm(~82.8% screen-to-body ratio);1440 x 2960 pixels, 18.5:9 ratio (~523 ppi density);Corning Gorilla Glass 5;Always-on display;Android 9.0 (Pie), upgradable to Android 12;Qualcomm SDM845 Snapdragon 845 (10 nm);Octa-core (4x2.5 GHz Kryo 385 Gold & 4x1.6 GHz Kryo 385 Silver);Adreno 630;No;64GB 4GB RAM, 128GB 4GB RAM;UFS 2.1;"12.2 MP, f/1.8, 28mm (wide), 1/2.55"", 1.4µm, dual pixel PDAF, OIS";Dual-LED flash, Pixel Shift, Auto-HDR, panorama;4K@30fps, 1080p@30/60/120fps, 1080p@30fps (gyro-EIS);8 MP, f/1.8, 28mm (wide), PDAF8 MP, f/2.2, 19mm (ultrawide), no AF;Auto-HDR;1080p@30fps;Wi-Fi 802.11 a/b/g/n/ac, dual-band, Wi-Fi Direct, DLNA;5.0, A2DP, LE, aptX HD;GPS, GLONASS, BDS, GALILEO;Yes;No;USB Type-C 3.1;Fingerprint (rear-mounted), accelerometer, gyro, proximity, compass, barometer;;Li-Po 3430 mAh, non-removable;Clearly White, Just Black, Not Pink;;About 260 EUR;AnTuTu: 258244 (v7), 341814 (v8)GeekBench: 8088 (v4.4), 2092 (v5.1)GFXBench: 12fps (ES 3.1 onscreen);;;;;;;;
https://www.gsmarena.com/google_pixel_3-9256.php;https://fdn2.gsmarena.com/vv/bigpic/google-pixel-3-.jpg;Google Pixel 3;Released 2018, October 18;148g, 7.9mm thickness;Android 9.0, up to Android 12;64GB/128GB storage, no card slot;450;9.9%;5,496,233 hits;"5.5""";1080x2160 pixels;4 GB RAM;Snapdragon 845;2915 mAh Li-Po;GSM 850 / 900 / 1800 / 1900;HSDPA 850 / 900 / 1700(AWS) / 1900 / 2100;1, 2, 3, 4, 5, 7, 8, 12, 13, 17, 18, 19, 20, 25, 26, 28, 29, 32, 38, 39, 40, 41, 42, 46, 66, 71;;HSPA 42.2/5.76 Mbps, LTE-A (5CA) Cat16 1024/75 Mbps;2018, October 09;Available. Released 2018, October 18;145.6 x 68.2 x 7.9 mm (5.73 x 2.69 x 0.31 in);148 g (5.22 oz);Glass front (Gorilla Glass 5), glass back (Gorilla Glass 5), aluminum frame;Nano-SIM and eSIM;IP68 dust/water resistant (up to 1.5m for 30 min);P-OLED, HDR;5.5 inches, 76.7 cm(~77.2% screen-to-body ratio);1080 x 2160 pixels, 18:9 ratio (~443 ppi density);Corning Gorilla Glass 5;Always-on display;Android 9.0 (Pie), upgradable to Android 12;Qualcomm SDM845 Snapdragon 845 (10 nm);Octa-core (4x2.5 GHz Kryo 385 Gold & 4x1.6 GHz Kryo 385 Silver);Adreno 630;No;64GB 4GB RAM, 128GB 4GB RAM;UFS 2.1;"12.2 MP, f/1.8, 28mm (wide), 1/2.55"", 1.4µm, dual pixel PDAF, OIS";Dual-LED flash, Pixel Shift, Auto-HDR, panorama;4K@30fps, 1080p@30/60/120fps, 1080p@30fps (gyro-EIS);8 MP, f/1.8, 28mm (wide), PDAF8 MP, f/2.2, 19mm (ultrawide), no AF;Auto-HDR;1080p@30fps;Wi-Fi 802.11 a/b/g/n/ac, dual-band, Wi-Fi Direct, DLNA;5.0, A2DP, LE, aptX HD;GPS, GLONASS, BDS, GALILEO;Yes;No;USB Type-C 3.1;Fingerprint (rear-mounted), accelerometer, gyro, proximity, compass, barometer;;Li-Po 2915 mAh, non-removable;Clearly White, Just Black, Not Pink;;About 450 EUR;AnTuTu: 285044 (v7)GeekBench: 8337 (v4.4)GFXBench: 33fps (ES 3.1 onscreen);;;;;;;;
https://www.gsmarena.com/google_pixel_2-8733.php;https://fdn2.gsmarena.com/vv/bigpic/google-pixel-2.jpg;Google Pixel 2;Released 2017, October 17;143g, 7.8mm thickness;Android 8.0, up to Android 11;64GB/128GB storage, no card slot;453;3.0%;6,576,112 hits;"5.0""";1080x1920 pixels;4 GB RAM;Snapdragon 835;2700 mAh Li-Ion;GSM 850 / 900 / 1800 / 1900;HSDPA 850 / 900 / 1700(AWS) / 1900 / 2100;1, 2, 3, 4, 5, 7, 8, 12, 13, 17, 20, 25, 26, 28, 29, 30, 32, 38, 40, 41, 66;;HSPA 42.2/5.76 Mbps, LTE-A (3CA) Cat15 800/75 Mbps;2017, October 04;Available. Released 2017, October 17;145.7 x 69.7 x 7.8 mm (5.74 x 2.74 x 0.31 in);143 g (5.04 oz);Glass front (Gorilla Glass 5), aluminum/glass back, aluminum frame;Nano-SIM and eSIM;IP67 dust/water resistant (up to 1m for 30 min);AMOLED;5.0 inches, 68.9 cm(~67.9% screen-to-body ratio);1080 x 1920 pixels, 16:9 ratio (~441 ppi density);Corning Gorilla Glass 5;Always-on display;Android 8.0 (Oreo), upgradable to Android 11;Qualcomm MSM8998 Snapdragon 835 (10 nm);Octa-core (4x2.35 GHz Kryo & 4x1.9 GHz Kryo);Adreno 540;No;64GB 4GB RAM, 128GB 4GB RAM;UFS 2.1;"12.2 MP, f/1.8, 27mm (wide), 1/2.55"", 1.4µm, dual pixel PDAF, Laser AF, OIS";Dual-LED flash, HDR, panorama;4K@30fps (gyro-EIS), 1080p@30/60/120fps (gyro-EIS), 720p@240fps (gyro-EIS);"8 MP, f/2.4, 27mm (wide), 1/3.2"", 1.4µm";HDR;1080p@30fps;Wi-Fi 802.11 a/b/g/n/ac, dual-band, Wi-Fi Direct, DLNA;5.0, A2DP, LE, aptX HD;GPS, GLONASS, BDS, GALILEO;Yes;No;USB Type-C 3.1;Fingerprint (rear-mounted), accelerometer, gyro, proximity, compass, barometer;;Li-Ion 2700 mAh, non-removable;Kinda Blue, Just Black, Clearly White;;About 610 EUR;GeekBench: 6437 (v4.4)GFXBench: 26fps (ES 3.1 onscreen);;;;;;;;
https://www.gsmarena.com/google_pixel_2_xl-8720.php;https://fdn2.gsmarena.com/vv/bigpic/google-pixel-xl2-.jpg;Google Pixel 2 XL;Released 2017, October 17;175g, 7.9mm thickness;Android 8.0, up to Android 11;64GB/128GB storage, no card slot;979;3.4%;6,375,868 hits;"6.0""";1440x2880 pixels;4 GB RAM;Snapdragon 835;3520 mAh Li-Ion;GSM 850 / 900 / 1800 / 1900;HSDPA 850 / 900 / 1700(AWS) / 1900 / 2100;1, 2, 3, 4, 5, 7, 8, 12, 13, 17, 20, 25, 26, 28, 29, 30, 32, 38, 40, 41, 66;;HSPA 42.2/5.76 Mbps, LTE-A (3CA) Cat15 800/75 Mbps;2017, October 04;Available. Released 2017, October 17;157.9 x 76.7 x 7.9 mm (6.22 x 3.02 x 0.31 in);175 g (6.17 oz);Glass front (Gorilla Glass 5), aluminum/glass back, aluminum frame;Nano-SIM and eSIM;IP67 dust/water resistant (up to 1m for 30 min);P-OLED;6.0 inches, 92.6 cm(~76.4% screen-to-body ratio);1440 x 2880 pixels, 18:9 ratio (~538 ppi density);Corning Gorilla Glass 5;Always-on display;Android 8.0 (Oreo), upgradable to Android 11;Qualcomm MSM8998 Snapdragon 835 (10 nm);Octa-core (4x2.35 GHz Kryo & 4x1.9 GHz Kryo);Adreno 540;No;64GB 4GB RAM, 128GB 4GB RAM;UFS 2.1;"12.2 MP, f/1.8, 27mm (wide), 1/2.55"", 1.4µm, dual pixel PDAF, Laser AF, OIS";Dual-LED flash, HDR, panorama;4K@30fps (gyro-EIS), 1080p@30/60/120fps (gyro-EIS), 720p@240fps (gyro-EIS);"8 MP, f/2.4, 25mm (wide), 1/3.2"", 1.4µm";HDR;1080p@30fps;Wi-Fi 802.11 a/b/g/n/ac, dual-band, Wi-Fi Direct, DLNA;5.0, A2DP, LE, aptX HD;GPS, GLONASS, BDS, GALILEO;Yes;No;USB Type-C 3.1;Fingerprint (rear-mounted), accelerometer, gyro, proximity, compass, barometer;;Li-Ion 3520 mAh, non-removable;Just Black, Black & White;;About 520 EUR;AnTuTu: 206711 (v7)GeekBench: 6055 (v4.4)GFXBench: 13fps (ES 3.1 onscreen);;;;;;;;
https://www.gsmarena.com/google_pixel_xl-8345.php;https://fdn2.gsmarena.com/vv/bigpic/google-pixel-xl.jpg;Google Pixel XL;Released 2016, October 20;168g, 8.5mm thickness;Android 7.1, up to Android 10;32GB/128GB storage, no card slot;826;1.3%;8,569,221 hits;"5.5""";1440x2560 pixels;4 GB RAM;Snapdragon 821;3450 mAh Li-Ion;GSM 850 / 900 / 1800 / 1900;;1, 2, 3, 4, 5, 7, 8, 12, 13, 17, 18, 19, 20, 21, 26, 28, 32, 38, 39, 40, 41;;HSPA 42.2/5.76 Mbps, LTE-A (3CA) Cat9 450/50 Mbps or LTE-A (3CA) Cat11 600/75 Mbps;2016, October 04. Released 2016, October 20;Discontinued;154.7 x 75.7 x 8.5 mm (6.09 x 2.98 x 0.33 in);168 g (5.93 oz);Glass front (Gorilla Glass 4), aluminum/glass back, aluminum frame;Nano-SIM;Water-repellent coating;AMOLED;5.5 inches, 83.4 cm(~71.2% screen-to-body ratio);1440 x 2560 pixels, 16:9 ratio (~534 ppi density);Corning Gorilla Glass 4;;Android 7.1 (Nougat), upgradable to Android 10;Qualcomm MSM8996 Snapdragon 821 (14 nm);Quad-core (2x2.15 GHz Kryo & 2x1.6 GHz Kryo);Adreno 530;No;32GB 4GB RAM, 128GB 4GB RAM;UFS 2.0;"12.3 MP, f/2.0, 1/2.3"", 1.55µm, PDAF, Laser AF";Dual-LED flash, HDR, panorama;4K@30fps, 1080p@60/120fps, 1080p@30fps (gyro-EIS), 720p@240fps;"8 MP, f/2.4, 1/3.2"", 1.4µm";;1080p@30fps;Wi-Fi 802.11 a/b/g/n/ac, dual-band, Wi-Fi Direct, DLNA;4.2, A2DP, LE, aptX;GPS, GLONASS;Yes;No;USB Type-C 3.0;Fingerprint (rear-mounted), accelerometer, gyro, proximity, compass, barometer;;Li-Ion 3450 mAh, non-removable;Quite Black, Very Silver, Really Blue;;About 400 EUR;Basemark OS II 2.0: 2281Basemark X: 30861;;Yes;Yes;Up to 552 h (3G);Up to 32 h (3G);Up to 130 h;0.89 W/kg (head)     0.56 W/kg (body);0.25 W/kg (head)     0.44 W/kg (body)
https://www.gsmarena.com/google_pixel-8346.php;https://fdn2.gsmarena.com/vv/bigpic/google-pixel.jpg;Google Pixel;Released 2016, October 20;143g, 8.5mm thickness;Android 7.1, up to Android 10;32GB/128GB storage, no card slot;736;3.2%;11,741,507 hits;"5.0""";1080x1920 pixels;4 GB RAM;Snapdragon 821;2770 mAh Li-Ion;GSM 850 / 900 / 1800 / 1900;HSDPA 800 / 850 / 900 / 1700(AWS) / 1900 / 2100;1, 2, 3, 4, 5, 7, 8, 12, 13, 17, 18, 19, 20, 21, 26, 28, 32, 38, 39, 40, 41;;HSPA 42.2/5.76 Mbps, LTE-A (3CA) Cat9 450/50 Mbps or LTE-A (3CA) Cat11 600/75 Mbps;2016, October 04. Released 2016, October 20;Discontinued;143.8 x 69.5 x 8.5 mm (5.66 x 2.74 x 0.33 in);143 g (5.04 oz);Glass front (Gorilla Glass 4), aluminum/glass back, aluminum frame;Nano-SIM;Water-repellent coating;AMOLED;5.0 inches, 68.9 cm(~69.0% screen-to-body ratio);1080 x 1920 pixels, 16:9 ratio (~441 ppi density);Corning Gorilla Glass 4;;Android 7.1 (Nougat), upgradable to Android 10;Qualcomm MSM8996 Snapdragon 821 (14 nm);Quad-core (2x2.15 GHz Kryo & 2x1.6 GHz Kryo);Adreno 530;No;32GB 4GB RAM, 128GB 4GB RAM;UFS 2.0;"12.3 MP, f/2.0, 1/2.3"", 1.55µm, PDAF, Laser AF";Dual-LED flash, HDR, panorama;4K@30fps, 1080p@60/120fps, 1080p@30fps (gyro-EIS), 720p@240fps;"8 MP, f/2.4, 1/3.2"", 1.4µm";;1080p@30fps;Wi-Fi 802.11 a/b/g/n/ac, dual-band, Wi-Fi Direct, DLNA;4.2, A2DP, LE, aptX;GPS, GLONASS;Yes;No;USB Type-C 3.0;Fingerprint (rear-mounted), accelerometer, gyro, proximity, compass, barometer;;Li-Ion 2770 mAh, non-removable;Quite Black, Very Silver, Really Blue;;About 290 EUR;Basemark OS II 2.0: 2461Basemark X: 33023;;;;Up to 456 h (3G);Up to 26 h (3G);Up to 110 h;0.92 W/kg (head)     0.58 W/kg (body);0.33 W/kg (head)     0.61 W/kg (body)
https://www.gsmarena.com/google_pixel_c-7826.php;https://fdn2.gsmarena.com/vv/bigpic/google-pixel-c--.jpg;Google Pixel C;Released 2015, December 08;517g, 7mm thickness;Android 6.0.1, up to Android 8.0;32GB/64GB storage, no card slot;182;0.5%;1,576,616 hits;"10.2""";2560x1800 pixels;3 GB RAM;Nvidia Tegra X1;9240 mAh Li-Po;N/A;;;;;2015, September 29. Released 2015, December 08;Discontinued;242 x 179 x 7 mm (9.53 x 7.05 x 0.28 in);517 g (1.14 lb);;No;;IPS LCD;10.2 inches, 313.8 cm(~72.4% screen-to-body ratio);2560 x 1800 pixels (~308 ppi density);;;Android 6.0.1 (Marshmallow), upgradable to Android 8.0 (Oreo);Nvidia Tegra X1;Quad-core 1.9 GHz;Nvidia Maxwell;No;32GB 3GB RAM, 64GB 3GB RAM;;8 MP, f/2.4;;1080p@30fps;2 MP;;;Wi-Fi 802.11 a/b/g/n, dual-band, Wi-Fi Direct;4.1, A2DP;;No;No;USB Type-C 3.0;Accelerometer, gyro, proximity, compass;;Li-Po 9240 mAh, non-removable (34.2 Wh);Silver Aluminum;;About 340 EUR;;;No;No;;;;;
