Link;Image;Name;Release date;Weight;OS;Storage;Fans;Popularity;Hits;Screen_size;Screen_resolution;RAM;SOC;Battery;net2g;net3g;net4g;speed;year;status;dimensions;weight;sim;bodyother;displaytype;displaysize;displayresolution;displayprotection;os;chipset;cpu;gpu;memoryslot;internalmemory;memoryother;cam1modules;cam1features;cam1video;cam2modules;cam2video;optionalother;wlan;bluetooth;gps;nfc;radio;usb;sensors;featuresother;batdescription1;colors;price;gprstext;edge;battalktime1;batstandby1;sar-us;sar-eu;displayother
https://www.gsmarena.com/hp_elite_x3-7954.php;https://fdn2.gsmarena.com/vv/bigpic/hp-elite-x3-new.jpg;HP Elite x3;Released 2016, August;195g, 7.8mm thickness;Microsoft Windows 10;64GB storage, microSDXC;403;0.4%;2,003,325 hits;"5.96""";1440x2560 pixels;4 GB RAM;Snapdragon 820;4150 mAh Li-Po;GSM 850 / 900 / 1800 / 1900 - SIM 1 & SIM 2 (dual-SIM model only);HSDPA 850 / 900 / 1700(AWS) / 1900 / 2100;1, 2, 3, 4, 5, 7, 8, 12, 17, 19, 20, 26, 28, 29, 38, 39, 40, 41 - EMEA;HSPA 21.1/5.76 Mbps, LTE-A Cat6 300/50 Mbps;2016, February. Released 2016, August;Discontinued;161.8 x 83.5 x 7.8 mm (6.37 x 3.29 x 0.31 in);195 g (6.88 oz);Single SIM (Nano-SIM) or Hybrid Dual SIM (Nano-SIM, dual stand-by);IP67 dust/water resistant (up to 1m for 30 min)MIL-STD-810G compliant**does not guarantee ruggedness or use in extreme conditions;AMOLED, 350 nits (typ);5.96 inches, 97.5 cm(~72.2% screen-to-body ratio);1440 x 2560 pixels, 16:9 ratio (~494 ppi density);Corning Gorilla Glass 4;Microsoft Windows 10;Qualcomm MSM8996 Snapdragon 820 (14 nm);Quad-core (2x2.15 GHz Kryo & 2x1.6 GHz Kryo);Adreno 530;microSDXC (uses shared SIM slot) - dual SIM model only;64GB 4GB RAM;eMMC 5.1;16 MP, f/2.2, 1.31µm, PDAF;LED flash, HDR, panorama;4K@30fps, 1080p@30fps;"8 MP, f/2.2, 1/4.0"", 1.12µm";1080p@30fps;Tuned by Bang & Olufsen;Wi-Fi 802.11 a/b/g/n/ac, dual-band, hotspot;4.0, A2DP, LE;GPS, GLONASS, BDS;Yes;No;USB Type-C 3.0, magnetic connector;Iris scanner, fingerprint (rear-mounted), accelerometer, gyro, proximity, compass, barometer;Microsoft Continuum support;Li-Po 4150 mAh, non-removable;Gold, Graphite/Chrome;About 700 EUR;;;;;;;
https://www.gsmarena.com/hp_slate_17-7030.php;https://fdn2.gsmarena.com/vv/bigpic/hp-slate-17.jpg;HP Slate 17;Released 2014, September;2005g, 15.8mm thickness;Android 4.4.2;32GB storage, microSDHC;14;0.1%;337,297 hits;"17.3""";1080x1920 pixels;2 GB RAM;Intel Celeron N2807;;N/A;;;;2014, September. Released 2014, September;Discontinued;418.1 x 283.2 x 15.8 mm (16.46 x 11.15 x 0.62 in);2005 g (4.42 lb);No;Built-in 2 kickstands;IPS LCD;17.3 inches, 825.1 cm(~69.7% screen-to-body ratio);1080 x 1920 pixels, 16:9 ratio (~127 ppi density);;Android 4.4.2 (KitKat);Intel Celeron N2807;Dual-core 1.58 GHz;;"microSDHC (dedicated slot); SDHC";32GB 2GB RAM;;0.9 MP;;720p@30fps;No;;Beats Audio;Wi-Fi 802.11 a/b/g/n/ac, dual-band, Wi-Fi Direct;4.0, A2DP;No;No;No;USB 2.0;Accelerometer;HDMI port;Li-Po (43 Wh, 3-cell);Snow White, Sweet Yellow;About 370 EUR;No;No;Up to 7 h 45 min (multimedia);;;;
https://www.gsmarena.com/hp_pro_slate_12-6963.php;https://fdn2.gsmarena.com/vv/bigpic/hp-pro-slate-12.jpg;HP Pro Slate 12;Released 2015, January;850g, 8mm thickness;Android 4.4.4;32GB storage, microSDHC;6;0.1%;257,366 hits;"12.3""";1200x1600 pixels;2 GB RAM;Snapdragon 800;;GSM 850 / 900 / 1800 / 1900;HSDPA 2100;;HSPA;2015, January. Released 2015, January;Discontinued;300.3 x 222 x 8 mm (11.82 x 8.74 x 0.31 in);850 g (1.87 lb);Nano-SIM;HP Duet Pen;IPS LCD;12.3 inches, 468.5 cm(~70.3% screen-to-body ratio);1200 x 1600 pixels, 4:3 ratio (~163 ppi density);Corning Concore Glass;Android 4.4.4 (KitKat);Qualcomm Snapdragon 800 (28 nm);Quad-core 2.3 GHz Krait 400;Adreno 330;microSDHC (dedicated slot);32GB 2GB RAM;eMMC 4.5;8 MP, AF;HDR;1080p@30fps;2 MP;1080p@30fps;;Wi-Fi 802.11 a/b/g/n/ac, dual-band, Wi-Fi Direct, hotspot;4.0, A2DP, LE;GPS;Yes;No;microUSB 2.0 (SlimPort);Accelerometer, gyro, proximity, compass, barometer;;Li-Po (21 Wh);Silver;About 490 EUR;;;Up to 10 h (multimedia);;;;
https://www.gsmarena.com/hp_pro_slate_10_ee_g1-6964.php;https://fdn2.gsmarena.com/vv/bigpic/hp-pro-slate-10-ee.jpg;HP Pro Slate 10 EE G1;Released 2015, January;855g, 14.4mm thickness;Android 4.4.4;16GB/32GB storage, microSDHC;3;N/A;174,480 hits;"10.1""";800x1280 pixels;1/2 GB RAM;Intel Atom Z3735G;8380 mAh Li-Ion;N/A;;;;2015, January. Released 2015, January;Discontinued;280 x 182 x 14.4 mm (11.02 x 7.17 x 0.57 in);855 g (1.88 lb);No;Optional mobile dock with standard QWERTY keyboard and trackpad;IPS LCD;10.1 inches, 295.8 cm(~58.0% screen-to-body ratio);800 x 1280 pixels, 16:10 ratio (~149 ppi density);;Android 4.4.4 (KitKat);Intel Atom Z3735G;Quad-core 1.33 GHz;;microSDHC (dedicated slot);16GB 1GB RAM, 32GB 2GB RAM;;5 MP, AF or 2 MP, AF;;Yes;2 MP or 1.3 MP;;;Wi-Fi 802.11 a/b/g/n, dual-band;4.0, A2DP, LE;GPS;No;No;microUSB 2.0;Accelerometer, compass;HDMI port;Li-Ion 8380 mAh, non-removable (28.5 Wh);Black;About 240 EUR;No;No;;;;;
https://www.gsmarena.com/hp_pro_slate_8-6962.php;https://fdn2.gsmarena.com/vv/bigpic/hp-pro-slate-8-new.jpg;HP Pro Slate 8;Released 2015, January;350g, 8mm thickness;Android 4.4.4;16GB/32GB storage, microSDHC;10;N/A;273,640 hits;"7.86""";1536x2048 pixels;2 GB RAM;Snapdragon 800;5900 mAh Li-Po;GSM 850 / 900 / 1800 / 1900;HSDPA 2100;;HSPA;2015, January. Released 2015, January;Discontinued;207 x 137 x 8 mm (8.15 x 5.39 x 0.31 in);350 g (12.35 oz);Nano-SIM;HP Duet Pen;IPS LCD;7.86 inches, 191.3 cm(~67.5% screen-to-body ratio);1536 x 2048 pixels, 4:3 ratio (~326 ppi density);Corning Gorilla Glass 4;Android 4.4.4 (KitKat);Qualcomm Snapdragon 800 (28 nm);Quad-core 2.3 GHz Krait 400;Adreno 330;microSDHC (dedicated slot);16GB 2GB RAM, 32GB 2GB RAM;eMMC 4.5;8 MP, AF;HDR;1080p@30fps;2 MP;1080p@30fps;;Wi-Fi 802.11 a/b/g/n/ac, dual-band, Wi-Fi Direct, hotspot;4.0, A2DP, LE;GPS;Yes;No;microUSB 2.0 (SlimPort);Accelerometer, gyro, proximity, compass, barometer;;Li-Po 5900 mAh, non-removable (21 Wh);Gray;About 390 EUR;;;;;;;
https://www.gsmarena.com/hp_slate6_voicetab_ii-6831.php;https://fdn2.gsmarena.com/vv/bigpic/hp-slate-6-voicetab-ii.jpg;HP Slate6 VoiceTab II;Released 2014, November;160g, 9mm thickness;Android 4.4.2;16GB storage, microSDXC;9;N/A;467,363 hits;"6.0""";720x1280 pixels;1 GB RAM;Marvell PXA1088;3000 mAh Li-Ion;GSM 850 / 900 / 1800 / 1900 - SIM 1 & SIM 2;HSDPA 900 / 2100;;HSPA 21.1/5.76 Mbps;2014, November. Released 2014, November;Discontinued;165.1 x 83.2 x 9 mm (6.5 x 3.28 x 0.35 in);160 g (5.64 oz);Dual SIM (Mini-SIM/ Micro-SIM, dual stand-by);;IPS LCD;6.0 inches, 99.2 cm(~72.2% screen-to-body ratio);720 x 1280 pixels, 16:9 ratio (~245 ppi density);;Android 4.4.2 (KitKat);Marvell PXA1088;Quad-core 1.2 GHz;;microSDXC;16GB 1GB RAM;;8 MP, AF;LED flash;Yes;2 MP;;;Wi-Fi 802.11 b/g/n, hotspot;3.0, EDR;GPS;No;No;microUSB 2.0;Accelerometer, gyro, proximity, compass;;Li-Ion 3000 mAh, removable;Silver;About 200 EUR;;;Up to 13 h 30 min (2G) / Up to 10 h 30 min (3G);Up to 750 h (2G) / Up to 750 h (3G);0.15 W/kg (head)     0.53 W/kg (body);0.54 W/kg (head)     0.28 W/kg (body);
https://www.gsmarena.com/hp_10_plus-6811.php;https://fdn2.gsmarena.com/vv/bigpic/hp-10-plus-2201er.jpg;HP 10 Plus;Released 2014;660g, 9.5mm thickness;Android 4.4.2;16GB storage, microSDHC;1;N/A;196,373 hits;"10.1""";1920x1200 pixels;2 GB RAM;;7700 mAh Li-Po;N/A;;;;2014. Released 2014;Discontinued;265 x 175 x 9.5 mm (10.43 x 6.89 x 0.37 in);660 g (1.46 lb);No;;IPS LCD;10.1 inches, 295.8 cm(~63.8% screen-to-body ratio);1920 x 1200 pixels, 16:10 ratio (~224 ppi density);;Android 4.4.2 (KitKat);;Quad-core 1.0 GHz;;microSDHC (dedicated slot);16GB 2GB RAM;;5 MP, AF;HDR;1080p@30fps;2 MP;;;Wi-Fi 802.11 b/g/n;4.0, A2DP;GPS;No;No;microUSB 2.0, OTG;Accelerometer, gyro;;Li-Po 7700 mAh, non-removable (28 Wh);Black/Silver;;No;No;Up to 6 h (multimedia);;;;
https://www.gsmarena.com/hp_7_voicetab-6784.php;https://fdn2.gsmarena.com/vv/bigpic/hp-7-voicetab-1351ra.jpg;HP 7 VoiceTab;Released 2014, October;305g, 10.2mm thickness;Android 4.4.2;8GB storage, microSDHC;9;0.1%;615,538 hits;"6.95""";600x1024 pixels;1 GB RAM;MT8382;3000 mAh Li-Ion;GSM 850 / 900 / 1800 / 1900;HSDPA;;HSPA;2014, October. Released 2014, October;Discontinued;192.1 x 102.2 x 10.2 mm (7.56 x 4.02 x 0.40 in);305 g (10.76 oz);Micro-SIM;;TFT;6.95 inches, 135.9 cm(~69.2% screen-to-body ratio);600 x 1024 pixels, 16:9 ratio (~171 ppi density);;Android 4.4.2 (KitKat);Mediatek MT8382 (28 nm);Quad-core 1.3 GHz Cortex-A7;Mali-400MP2;microSDHC (dedicated slot);8GB 1GB RAM;;5 MP;LED flash;Yes;VGA;;;Wi-Fi 802.11 b/g/n;4.0, A2DP;GPS;No;No;microUSB 2.0;Accelerometer, proximity;;Li-Ion 3000 mAh, non-removable;Black/White;About 140 EUR;Yes;Yes;;;;;
https://www.gsmarena.com/hp_7_plus-6377.php;https://fdn2.gsmarena.com/vv/bigpic/hp-7-plus.jpg;HP 7 Plus;Released 2014, May;294.8g, 8.1mm thickness;Android 4.2.2;8GB storage, microSDHC;5;N/A;409,748 hits;"7.0""";600x1024 pixels;1 GB RAM;Allwinner A31;2800 mAh Li-Po;N/A;;;;2014, May. Released 2014, May;Discontinued;192.5 x 121.9 x 8.1 mm (7.58 x 4.80 x 0.32 in);294.8 g (10.37 oz);No;;IPS LCD;7.0 inches, 137.9 cm(~58.8% screen-to-body ratio);600 x 1024 pixels, 16:9 ratio (~170 ppi density);;Android 4.2.2 (Jelly Bean);Allwinner A31;Quad-core 1.0 GHz Cortex-A7;;microSDHC (dedicated slot);8GB 1GB RAM;;2 MP;;Yes;VGA;;;Wi-Fi 802.11 b/g/n;Yes;No;No;No;microUSB 2.0;Accelerometer;;Li-Po 2800 mAh, non-removable;Silver;About 70 EUR;No;No;Up to 5 h 30 min (multimedia);;;;
https://www.gsmarena.com/hp_8-6199.php;https://fdn2.gsmarena.com/vv/bigpic/hp-8.jpg;HP 8;Released 2014, March;313g, 8mm thickness;Android 4.2.2;16GB storage, microSDHC;4;N/A;390,149 hits;"7.85""";768x1024 pixels;1 GB RAM;Allwinner A31;3800 mAh Li-Po;N/A;;;;2014, February. Released 2014, March;Discontinued;200.3 x 136.3 x 8 mm (7.89 x 5.37 x 0.31 in);313 g (11.04 oz);No;;IPS LCD;7.85 inches, 190.8 cm(~69.9% screen-to-body ratio);768 x 1024 pixels, 4:3 ratio (~163 ppi density);;Android 4.2.2 (Jelly Bean);Allwinner A31;Quad-core 1.0 GHz Cortex-A7;;microSDHC (dedicated slot);16GB 1GB RAM;;2 MP;;Yes;VGA;;;Wi-Fi 802.11 b/g/n;4.0, A2DP;No;No;No;microUSB 2.0;Accelerometer, gyro;;Li-Po 3800 mAh, non-removable;Silver;About 120 EUR;No;No;Up to 7 h (multimedia);;;;
https://www.gsmarena.com/hp_slate7_voicetab_ultra-7013.php;https://fdn2.gsmarena.com/vv/bigpic/hp-slate7-voicetab-ultra.jpg;HP Slate7 VoiceTab Ultra;Released 2014;239g, 7.2mm thickness;Android 4.2.2;16GB storage, microSDHC;6;N/A;208,478 hits;"7.0""";1200x1920 pixels;2 GB RAM;HiSilicon Balong V9R1;5000 mAh Li-Po;GSM 850 / 900 / 1800 / 1900 - SIM 1 & SIM 2 (dual-SIM model only);HSDPA 850 / 900 / 1900 / 2100;1, 3, 7, 20, 40;HSPA, LTE;2014. Released 2014;Discontinued;183.5 x 103.9 x 7.2 mm (7.22 x 4.09 x 0.28 in);239 g (8.43 oz);Single SIM (Micro-SIM) or Dual SIM (Micro-SIM, dual stand-by);;IPS LCD;7.0 inches, 142.1 cm(~74.5% screen-to-body ratio);1200 x 1920 pixels, 16:10 ratio (~323 ppi density);;Android 4.2.2 (Jelly Bean);HiSilicon Balong V9R1;Quad-core 1.6 GHz Cortex-A9;;microSDHC (dedicated slot);16GB 2GB RAM;;13 MP, AF;LED flash, HDR, panorama;1080p@30fps;5 MP;;;Wi-Fi 802.11 b/g/n, hotspot;4.0, LE;GPS;No;No;microUSB 2.0;Accelerometer, gyro, proximity, compass;;Li-Po 5000 mAh, non-removable (19 Wh);Champagne;About 400 EUR;;;Up to 10 h (multimedia) (3G);Up to 480 h (3G);;;
https://www.gsmarena.com/hp_slate7_voicetab-5971.php;https://fdn2.gsmarena.com/vv/bigpic/HP-Slate7-VoiceTab1.jpg;HP Slate7 VoiceTab;Released 2014, February;325g, 9.5mm thickness;Android 4.2.2;16GB storage, microSDHC;21;N/A;1,354,487 hits;"7.0""";800x1280 pixels;1 GB RAM;Marvell PXA1088;4100 mAh Li-Ion;GSM 850 / 900 / 1800 / 1900 - SIM 1 & SIM 2;HSDPA;;HSPA;2014, January. Released 2014, February;Discontinued;9.5 mm thickness;325 g (11.46 oz);Dual SIM (Mini-SIM & Micro-SIM);;IPS LCD;7.0 inches, 142.1 cm;800 x 1280 pixels, 16:10 ratio (~216 ppi density);;Android 4.2.2 (Jelly Bean);Marvell PXA1088;Quad-core 1.2 GHz;;microSDHC (dedicated slot);16GB 1GB RAM;;5 MP, AF;LED flash, panorama;Yes;2 MP;;;Wi-Fi 802.11 b/g/n, hotspot;3.0, EDR;GPS;No;No;microUSB 2.0;Accelerometer, gyro, proximity, compass;;Li-Ion 4100 mAh, non-removable;Black/White;About 180 EUR;Yes;Yes;;;;;
https://www.gsmarena.com/hp_slate6_voicetab-5970.php;https://fdn2.gsmarena.com/vv/bigpic/HP-Slate6-VoiceTab.jpg;HP Slate6 VoiceTab;Released 2014, February;160g, 8.8mm thickness;Android 4.3;16GB storage, microSDXC;44;N/A;1,624,440 hits;"6.0""";720x1280 pixels;1 GB RAM;Marvell PXA1088;3000 mAh Li-Ion;GSM 850 / 900 / 1800 / 1900 - SIM 1 & SIM 2;HSDPA 900 / 2100;;HSPA 21.1/5.76 Mbps;2014, January. Released 2014, February;Discontinued;165 x 83.2 x 8.8 mm (6.50 x 3.28 x 0.35 in);160 g (5.64 oz);Dual SIM, (dual stand-by);;IPS LCD;6.0 inches, 99.2 cm(~72.3% screen-to-body ratio);720 x 1280 pixels, 16:9 ratio (~245 ppi density);;Android 4.3 (Jelly Bean);Marvell PXA1088;Quad-core 1.2 GHz;;microSDXC (dedicated slot);16GB 1GB RAM;;5 MP, AF;LED flash, panorama;Yes;2 MP;;;Wi-Fi 802.11 b/g/n, hotspot;3.0, EDR;GPS;No;Stereo FM radio;microUSB 2.0;Accelerometer, gyro, proximity, compass;;Li-Ion 3000 mAh, removable;Black;About 270 EUR;;;;;;;
https://www.gsmarena.com/hp_slate8_pro-5885.php;https://fdn2.gsmarena.com/vv/bigpic/hp-slate8-pro.jpg;HP Slate8 Pro;Released 2013, December;453.6g, 9.9mm thickness;Android 4.2.2;16GB storage, microSDHC;14;N/A;312,381 hits;"8.0""";1200x1600 pixels;1 GB RAM;Nvidia Tegra 4 T40 S;5680 mAh Li-Po;N/A;;;;2013, December. Released 2013, December;Discontinued;220 x 141.5 x 9.9 mm (8.66 x 5.57 x 0.39 in);453.6 g (1.00 lb);No;;IPS LCD;8.0 inches, 198.2 cm(~63.7% screen-to-body ratio);1200 x 1600 pixels, 4:3 ratio (~250 ppi density);Corning Gorilla Glass 3;Android 4.2.2 (Jelly Bean);Nvidia Tegra 4 T40 S;Quad-core 1.8 GHz Cortex-A15;;microSDHC (dedicated slot);16GB 1GB RAM;;8 MP, AF;LED flash;Yes;;;Beats Audio;Wi-Fi 802.11 a/b/g/n, dual-band;4.0, LE;GPS;No;No;microUSB 2.0;Accelerometer, gyro, compass;HDMI port;Li-Po 5680 mAh, non-removable;Black/White;About 240 EUR;No;No;Up to 11 h 30 min (multimedia);;;;
https://www.gsmarena.com/hp_slate10_hd-5884.php;https://fdn2.gsmarena.com/vv/bigpic/hp-slate10-hd.jpg;HP Slate10 HD;Released 2013, December;626g, 9.7mm thickness;Android 4.2.2;16GB storage, microSDHC;2;N/A;391,616 hits;"10.0""";800x1280 pixels;1 GB RAM;Marvell PXA986;7000 mAh Li-Po;N/A;;;;2013, December. Released 2013, December;Discontinued;259 x 178 x 9.7 mm (10.20 x 7.01 x 0.38 in);626 g (1.38 lb);No;;IPS LCD;10.0 inches, 290.0 cm(~62.9% screen-to-body ratio);800 x 1280 pixels, 16:10 ratio (~151 ppi density);;Android 4.2.2 (Jelly Bean);Marvell PXA986;Dual-core 1.2 GHz;;microSDHC (dedicated slot);16GB 1GB RAM;;5 MP, AF;;1080p@30fps;2 MP;720p;Beats Audio;Wi-Fi 802.11 a/b/g/n, dual-band;3.0;GPS;No;No;microUSB 2.0;Accelerometer, gyro, compass;;Li-Po 7000 mAh, non-removable;Black/Silver;About 220 EUR;No;No;Up to 10 h (multimedia);;;;
https://www.gsmarena.com/hp_slate7_extreme-5883.php;https://fdn2.gsmarena.com/vv/bigpic/hp-slate7-extreme.jpg;HP Slate7 Extreme;Released 2013, December;319.8g, 9.4mm thickness;Android 4.2.2;16GB storage, microSDHC;10;N/A;319,282 hits;"7.0""";800x1280 pixels;1 GB RAM;Nvidia Tegra 4;4100 mAh Li-Po;N/A;;;;2013, December. Released 2013, December;Discontinued;200 x 120 x 9.4 mm (7.87 x 4.72 x 0.37 in);319.8 g (11.25 oz);No;;IPS LCD;7.0 inches, 142.1 cm(~59.2% screen-to-body ratio);800 x 1280 pixels, 16:10 ratio (~216 ppi density);;Android 4.2.2 (Jelly Bean);Nvidia Tegra 4;Quad-core 1.8 GHz Cortex-A15;;microSDHC (dedicated slot);16GB 1GB RAM;;5 MP, AF;;720p;VGA;;;Wi-Fi 802.11 b/g/n;3.0;GPS;No;No;microUSB 2.0;Accelerometer, gyro, compass;;Li-Po 4100 mAh, non-removable;Black/Silver;About 150 EUR;No;No;Up to 10 h 30 min (multimedia);;;;
https://www.gsmarena.com/hp_slate7_plus-5882.php;https://fdn2.gsmarena.com/vv/bigpic/hp-slate7-plus.jpg;HP Slate7 Plus;Released 2013, December;340.2, 10.7mm thickness;Android 4.2.2;8GB storage, microSDHC;2;N/A;233,822 hits;"7.0""";800x1280 pixels;1 GB RAM;Nvidia Tegra 3;4000 mAh Li-Po;N/A;;;;2013, December. Released 2013, December;Discontinued;194.7 x 122.7 x 10.7 mm (7.67 x 4.83 x 0.42 in);340.2 (11.99 oz);No;;IPS LCD;7.0 inches, 142.1 cm(~59.5% screen-to-body ratio);800 x 1280 pixels, 16:10 ratio (~216 ppi density);;Android 4.2.2 (Jelly Bean);Nvidia Tegra 3;Quad-core 1.3 GHz Cortex-A9;;microSDHC (dedicated slot);8GB 1GB RAM;;5 MP, AF;;720p;VGA;;;Wi-Fi 802.11 b/g/n;3.0;GPS;No;No;microUSB 2.0;Accelerometer, compass;;Li-Po 4000 mAh, non-removable;Black/Silver;About 110 EUR;No;No;Up to 7 h 30 min (multimedia);;;;
https://www.gsmarena.com/hp_slate_7-5317.php;https://fdn2.gsmarena.com/vv/bigpic/hp-slate-7-new.jpg;HP Slate 7;Released 2013, April;372g, 10.7mm thickness;Android 4.1;8GB storage, microSDHC;35;0.1%;1,649,135 hits;"7.0""";600x1024 pixels;1 GB RAM;;;N/A;;;;2013, February. Released 2013, April;Discontinued;197.1 x 116.1 x 10.7 mm (7.76 x 4.57 x 0.42 in);372 g (13.12 oz);No;;FFS+ LCD;7.0 inches, 137.9 cm(~60.3% screen-to-body ratio);600 x 1024 pixels, 16:9 ratio (~170 ppi density);;Android 4.1 (Jelly Bean);;Dual-core 1.6 GHz Cortex-A9;;microSDHC (dedicated slot);8GB 1GB RAM;;3.15 MP;;720p@30fps;VGA;;;Wi-Fi 802.11 b/g/n, DLNA;2.1, A2DP, EDR;No;No;No;microUSB 2.0;Accelerometer;;Li-Ion, non-removable;Black/Silver, Red;About 130 EUR;No;No;Up to 5 h (multimedia);;;;
https://www.gsmarena.com/hp_touchpad_4g-4044.php;https://fdn2.gsmarena.com/vv/bigpic/hp-touchpad-4g.jpg;HP TouchPad 4G;Cancelled;740g, 13.7mm thickness;HP webOS 3.0;32GB storage, no card slot;10;N/A;635,746 hits;"9.7""";768x1024 pixels;1 GB RAM;Snapdragon S3;6300 mAh Li-Ion;GSM 850 / 900 / 1800 / 1900;HSDPA 850 / 1900 / 2100;;HSPA;2011, July;Cancelled;240 x 190 x 13.7 mm (9.45 x 7.48 x 0.54 in);740 g (1.63 lb);Mini-SIM;;LED-backlit LCD,;9.7 inches, 291.4 cm(~63.9% screen-to-body ratio);768 x 1024 pixels, 4:3 ratio (~132 ppi density);;HP webOS 3.0;Qualcomm APQ8060 Snapdragon S3;Dual-core 1.2 GHz Scorpion;Adreno 220;No;32GB 1GB RAM;;1.3 MP;;No;No;;;Wi-Fi 802.11 a/b/g/n, dual-band;2.1, A2DP, EDR;GPS, A-GPS;;No;microUSB 2.0;Accelerometer, gyro, compass;Touchstone technologySNS applicationsMP3/WAV/eAAC+ playerMP4/H.264 playerOrganizerDocument viewer/editorPredictive text input;Non-removable Li-Ion 6300 mAh battery;Black;;;;Up to 6 h;Up to 300 h;;;
https://www.gsmarena.com/hp_veer_4g-3943.php;https://fdn2.gsmarena.com/vv/bigpic/hp-veer-4g-new.jpg;HP Veer 4G;Released 2011, May 15;103g, 15.1mm thickness;HP webOS 2.1;8GB storage, no card slot;23;N/A;645,974 hits;"2.6""";320x400 pixels; ;MSM7230;910 mAh Li-Ion;GSM 850 / 900 / 1800 / 1900;HSDPA 850 / 1900 / 2100;;HSPA 14.4/5.76 Mbps;2011, May. Released 2011, May 15;Discontinued;84 x 54.5 x 15.1 mm (3.31 x 2.15 x 0.59 in);103 g (3.63 oz);Mini-SIM;;TFT, 256K colors;2.6 inches, 21.3 cm(~46.5% screen-to-body ratio);320 x 400 pixels (~197 ppi density);;HP webOS 2.1;Qualcomm MSM7230;800 MHz Scorpion;Adreno 205;No;8GB (6.1GB user available);;5 MP;fixed focus;Yes;No;;;Wi-Fi 802.11 b/g/n;2.1, A2DP;GPS, A-GPS;;No;microUSB 2.0;Accelerometer, proximity;AT&T dedicated applicationsMP3/WAV/eAAC+ playerMP4/H.264 playerOrganizerDocument viewerVoice memo/dialPredictive text input;Removable Li-Ion 910 mAh battery;White, black;About 320 EUR;;;Up to 5 h;Up to 300 h;;;
https://www.gsmarena.com/hp_veer-3771.php;https://fdn2.gsmarena.com/vv/bigpic/hp-veer-ofic.jpg;HP Veer;Released 2011, June;103g, 15.1mm thickness;HP webOS 2.2;8GB storage, no card slot;24;N/A;470,257 hits;"2.6""";320x400 pixels; ;MSM7230;910 mAh Li-Ion;GSM 850 / 900 / 1800 / 1900;HSDPA 850 / 1900;;HSPA 7.2/5.76 Mbps;2011, February. Released 2011, June;Discontinued;84 x 54.5 x 15.1 mm (3.31 x 2.15 x 0.59 in);103 g (3.63 oz);Mini-SIM;;TFT, 256K colors;2.6 inches, 21.3 cm(~46.5% screen-to-body ratio);320 x 400 pixels (~197 ppi density);;HP webOS 2.2;Qualcomm MSM7230;800 MHz Scorpion;Adreno 205;No;8GB (6.5GB user available);;5 MP;fixed focus;Yes;No;;;Wi-Fi 802.11 b/g/n;2.1, A2DP;GPS, A-GPS;;No;microUSB 2.0;Accelerometer, proximity;MP3/WAV/eAAC+ playerMP4/H.264 playerOrganizerDocument viewerVoice memo/dialPredictive text input;Removable Li-Ion 910 mAh battery;Black;About 320 EUR;;;Up to 5 h;Up to 300 h;;;
https://www.gsmarena.com/hp_pre_3_cdma-4105.php;https://fdn2.gsmarena.com/vv/bigpic/palm-pre-3-ofic.jpg;HP Pre 3 CDMA;Cancelled;156g, 16mm thickness;HP webOS 2.2;8GB/16GB storage, no card slot;8;N/A;203,377 hits;"3.58""";480x800 pixels;512 MB RAM;Snapdragon S2;1230 mAh Li-Ion;GSM 850 / 900 / 1800 / 1900;HSDPA 900 / 1900 / 2100;;HSPA 7.2/5.76 Mbps / EV-DO Rev.A 3.1 Mbps;2011, February;Cancelled;111 x 64 x 16 mm (4.37 x 2.52 x 0.63 in);156 g (5.50 oz);Mini-SIM;;TFT;3.58 inches, 36.5 cm(~51.4% screen-to-body ratio);480 x 800 pixels, 5:3 ratio (~261 ppi density);;HP webOS 2.2;Qualcomm MSM8655 Snapdragon S2;1.4 GHz Scorpion;Adreno 205;No;8GB 512MB RAM, 16GB 512MB RAM;;5 MP, AF;LED flash;720p;VGA;;;Wi-Fi 802.11 b/g/n;2.1, A2DP, EDR;GPS, A-GPS;;No;microUSB 2.0;Accelerometer, proximity, compass;MP3/WAV/eAAC+ playerMP4/H.264 playerOrganizerDocument viewerVoice memo/dialPredictive text input;Removable Li-Ion 1230 mAh battery;Black;;;;Up to 5 h;Up to 300 h;;;
https://www.gsmarena.com/hp_pre_3-3770.php;https://fdn2.gsmarena.com/vv/bigpic/palm-pre-3-ofic.jpg;HP Pre 3;Released 2011, August;156g, 16mm thickness;HP webOS 2.2;8GB storage, no card slot;27;N/A;497,628 hits;"3.58""";480x800 pixels;512 MB RAM;Snapdragon S2;1230 mAh Li-Ion;GSM 850 / 900 / 1800 / 1900;HSDPA 900 / 1900 / 2100;;HSPA 7.2/5.76 Mbps;2011, February. Released 2011, August;Discontinued;111 x 64 x 16 mm (4.37 x 2.52 x 0.63 in);156 g (5.50 oz);Mini-SIM;;TFT;3.58 inches, 36.5 cm(~51.4% screen-to-body ratio);480 x 800 pixels, 5:3 ratio (~261 ppi density);;HP webOS 2.2;Qualcomm MSM8255 Snapdragon S2;1.4 GHz Scorpion;Adreno 205;No;8GB 512MB RAM;;5 MP, AF;LED flash;720p;VGA;;;Wi-Fi 802.11 a/b/g/n, dual-band;2.1, A2DP, EDR;GPS, A-GPS;;No;microUSB 2.0;Accelerometer, proximity, compass;MP3/WAV/eAAC+ playerMP4/H.264 playerOrganizerDocument viewerVoice memo/dialPredictive text input;Removable Li-Ion 1230 mAh battery;Black;About 350 EUR;;;Up to 5 h;Up to 300 h;;;
https://www.gsmarena.com/hp_touchpad-3839.php;https://fdn2.gsmarena.com/vv/bigpic/hp-touch-pad-new.jpg;HP TouchPad;Released 2011, July;740g, 13.7mm thickness;HP webOS 3.0;16GB/32GB storage, no card slot;20;0.1%;969,590 hits;"9.7""";768x1024 pixels;1 GB RAM;Snapdragon S3;6300 mAh Li-Ion;N/A;;;;2011, February. Released 2011, July;Discontinued;240 x 190 x 13.7 mm (9.45 x 7.48 x 0.54 in);740 g (1.63 lb);No;;LED-backlit LCD,;9.7 inches, 291.4 cm(~63.9% screen-to-body ratio);768 x 1024 pixels, 4:3 ratio (~132 ppi density);;HP webOS 3.0;Qualcomm APQ8060 Snapdragon S3;Dual-core 1.2 GHz Scorpion;Adreno 220;No;16GB 1GB RAM, 32GB 1GB RAM;;1.3 MP;;No;No;;;Wi-Fi 802.11 a/b/g/n, dual-band;2.1, A2DP, EDR;No;;No;microUSB 2.0;Accelerometer, gyro;Touchstone technologySNS applicationsMP3/WAV/eAAC+ playerMP4/H.264 playerOrganizerDocument viewer/editorPredictive text input;Non-removable Li-Ion 6300 mAh battery;Black;About 280 EUR;No;No;Up to 9 h;Up to 300 h;;;
https://www.gsmarena.com/hp_ipaq_glisten-3036.php;https://fdn2.gsmarena.com/vv/bigpic/hp-ipaq-glisten.jpg;HP iPAQ Glisten;Released 2009, December;132g, 13.4mm thickness;Microsoft Windows Mobile 6.5 Professional;256MB RAM storage, microSDHC slot;12;N/A;515,489 hits;"2.5""";320x240 pixels;256 MB RAM;MSM7200;;GSM 850 / 900 / 1800 / 1900;HSDPA 900 / 1900 / 2100;;HSPA 7.2/0.384 Mbps;2009, November. Released 2009, December;Discontinued;112.8 x 62.8 x 13.4 mm (4.44 x 2.47 x 0.53 in);132 g (4.66 oz);Mini-SIM;;AMOLED resistive touchscreen, 256K colors (65K effective colors);2.5 inches, 19.4 cm(~27.3% screen-to-body ratio);320 x 240 pixels, 4:3 ratio (~160 ppi density);;Microsoft Windows Mobile 6.5 Professional;Qualcomm MSM7200;528 MHz ARM 11;Adreno 130;microSDHC (dedicated slot);256MB RAM, 512MB ROM;;3.15 MP, AF;;Yes;No;;;Wi-Fi 802.11b/g;2.0, A2DP;GPS, A-GPS;;No;microUSB 2.0;;Pocket OfficeOrganizerMedia playerVoice memoPredictive text input;Removable Li-Po battery;Black;About 140 EUR;;;;;0.59 W/kg (head)     1.08 W/kg (body);;
https://www.gsmarena.com/hp_ipaq_voice_messenger-2561.php;https://fdn2.gsmarena.com/vv/bigpic/hp-ipaq-voice-messenger.jpg;HP iPAQ Voice Messenger;Released 2009, March;107g, 13.6mm thickness;Microsoft Windows Mobile 6.1 Standard;128MB RAM storage, microSDHC slot;10;N/A;512,761 hits;"2.4""";240x320 pixels;128 MB RAM;MSM7201A;1260 mAh Li-Po;GSM 850 / 900 / 1800 / 1900;HSDPA 900 / 1900 / 2100;;HSPA 7.2/0.384 Mbps;2008, October. Released 2009, March;Discontinued;114 x 50 x 13.6 mm (4.49 x 1.97 x 0.54 in);107 g (3.77 oz);Mini-SIM;;TFT, 65K colors;2.4 inches, 17.8 cm(~31.3% screen-to-body ratio);240 x 320 pixels, 4:3 ratio (~167 ppi density);;Microsoft Windows Mobile 6.1 Standard;Qualcomm MSM7201A;528 MHz ARM 11;Adreno 130;microSDHC (dedicated slot);128MB RAM, 256MB ROM;;3.15 MP, AF;LED flash;Yes;No;;;Wi-Fi 802.11b/g;2.0, A2DP;GPS, A-GPS;;No;microUSB 2.0;;Pocket OfficeMedia playerPredictive text inputVoice memo;Removable Li-Po 1260 mAh battery;Blue;About 80 EUR;;;;;0.64 W/kg (head)     1.01 W/kg (body);;
https://www.gsmarena.com/hp_ipaq_data_messenger-2560.php;https://fdn2.gsmarena.com/vv/bigpic/hp-ipaq-data-messenger.jpg;HP iPAQ Data Messenger;Released 2009, March;160g, 17.4mm thickness;Microsoft Windows Mobile 6.1 Professional;128MB RAM storage, microSDHC slot;14;N/A;514,389 hits;"2.81""";240x320 pixels;128 MB RAM;MSM7201A;1140 mAh Li-Po;GSM 850 / 900 / 1800 / 1900;HSDPA 900 / 1900 / 2100;;HSPA 7.2/2 Mbps;2008, October. Released 2009, March;Discontinued;114 x 57 x 17.4 mm (4.49 x 2.24 x 0.69 in);160 g (5.64 oz);Mini-SIM;;TFT resistive touchscreen, 65K colors;2.81 inches, 24.5 cm(~37.6% screen-to-body ratio);240 x 320 pixels, 4:3 ratio (~142 ppi density);;Microsoft Windows Mobile 6.1 Professional;Qualcomm MSM7201A;528 MHz ARM 11;Adreno 130;microSDHC (dedicated slot);128MB RAM, 256MB ROM;;3.15 MP, AF;LED flash;Yes;No;;;Wi-Fi 802.11b/g;2.0, A2DP;GPS, A-GPS;;No;microUSB 2.0;;Pocket OfficeMedia playerPredictive text inputVoice memo;Removable Li-Po 1140 mAh battery;Blue;About 150 EUR;;;;;0.71 W/kg (head)     1.04 W/kg (body);;
https://www.gsmarena.com/hp_ipaq_910c-2095.php;https://fdn2.gsmarena.com/vv/bigpic/hp-910c.jpg;HP iPAQ 910c;Released 2008, July;146g, 16mm thickness;Microsoft Windows Mobile 6.1 Professional;128MB RAM storage, microSD slot;14;N/A;855,509 hits;"2.46""";240x320 pixels;128 MB RAM;;1840 mAh Li-Ion;GSM 850 / 900 / 1800 / 1900;HSDPA 850 / 1900 / 2100;;HSPA 7.2/0.384 Mbps;2007, September. Released 2008, July;Discontinued;113 x 64 x 16 mm (4.45 x 2.52 x 0.63 in);146 g (5.15 oz);Mini-SIM;;TFT resistive touchscreen, 65K colors;2.46 inches, 18.7 cm(~25.9% screen-to-body ratio);240 x 320 pixels, 4:3 ratio (~163 ppi density);;Microsoft Windows Mobile 6.1 Professional;;Marvell PXA270 416 MHz;;microSD (dedicated slot);128MB RAM, 256MB ROM;;3.15 MP, AF;;QCIF;No;;;Wi-Fi 802.11b/g;2.0;GPS, A-GPS;;No;2.0;;Pocket OfficeMedia playerPredictive text inputVoice memo;Removable Li-Ion 1840 mAh battery;Black;About 210 EUR;;;;;;;
https://www.gsmarena.com/hp_ipaq_610c-2094.php;https://fdn2.gsmarena.com/vv/bigpic/hp-ipaq600.gif;HP iPAQ 610c;Released 2007, September;145g, 17.5mm thickness;Microsoft Windows Mobile 6 Professional;128MB RAM storage, microSD slot;13;N/A;829,587 hits;"2.8""";240x320 pixels;128 MB RAM;;1590 mAh Li-Po;GSM 850 / 900 / 1800 / 1900;HSDPA 850 / 1900 / 2100;;HSPA 7.2/0.384 Mbps;2007, September;Discontinued;117 x 60.3 x 17.5 mm (4.61 x 2.37 x 0.69 in);145 g (5.11 oz);Mini-SIM;;TFT resistive touchscreen, 65K colors;2.8 inches, 24.3 cm(~34.4% screen-to-body ratio);240 x 320 pixels, 4:3 ratio (~143 ppi density);;Microsoft Windows Mobile 6 Professional;;Marvell PXA270 520 MHz;;microSD (dedicated slot);128MB RAM, 256MB ROM;;3.15 MP, AF;LED flash;QCIF;No;;;Wi-Fi 802.11b/g;2.0, A2DP;GPS, A-GPS;;No;2.0;;Pocket OfficeMP3/AAC/AAC+/WMA/OGG/AMR playerWMV/MP4 playerPredictive text inputVoice memo;Removable Li-Po 1590 mAh battery;Black;About 170 EUR;;;Up to 4 h;Up to 250 h;;;Smart Touch navigation wheel3-way thumb wheel
https://www.gsmarena.com/hp_ipaq_514-1900.php;https://fdn2.gsmarena.com/vv/bigpic/hp-514.gif;HP iPAQ 514;Released 2007, February;102g, 16.3mm thickness;Microsoft Windows Mobile 6.0 Standard;64MB RAM storage, microSD slot;14;N/A;670,805 hits;"2.0""";176x220 pixels;64 MB RAM;TI OMAP 850;1100 mAh Li-Ion;GSM 850 / 900 / 1800 / 1900;;;;2007, February;Discontinued;107 x 48.6 x 16.3 mm (4.21 x 1.91 x 0.64 in);102 g (3.60 oz);Mini-SIM;;TFT, 65K colors;2.0 inches, 12.6 cm(~24.2% screen-to-body ratio);176 x 220 pixels (~141 ppi density);;Microsoft Windows Mobile 6.0 Standard;TI OMAP 850;200 MHz ARM926EJ-S;;microSD (dedicated slot);64MB RAM, 128MB ROM;;1.3 MP;;Yes;No;;;Wi-Fi 802.11b/g;1.2;No;;No;miniUSB;;Pocket OfficeMP3/AAC/AAC+/WMA/OGG/AMR playerWMV/MP4 playerPredictive text inputVoice memo;Removable Li-Ion 1100 mAh battery;Black;About 90 EUR;Class 10;Class 10;Up to 6 h 30 min;Up to 188 h;;;
https://www.gsmarena.com/hp_ipaq_rw6815-1803.php;https://fdn2.gsmarena.com/vv/bigpic/hp-rw6815.gif;HP iPAQ rw6815;Released 2006, October;140g, 19.5mm thickness;Microsoft Windows Mobile 5.0 PocketPC;64MB RAM storage, miniSD slot;16;N/A;645,539 hits;"2.7""";240x320 pixels;64 MB RAM;;1530 mAh Li-Ion;GSM 900 / 1800 / 1900;;;;2006, October;Discontinued;102 x 58 x 19.5 mm (4.02 x 2.28 x 0.77 in);140 g (4.94 oz);Mini-SIM;;TFT resistive touchscreen, 256K colors (65K effective);2.7 inches, 22.6 cm(~38.2% screen-to-body ratio);240 x 320 pixels, 4:3 ratio (~148 ppi density);;Microsoft Windows Mobile 5.0 PocketPC;;Intel PXA272 416 MHz;;miniSD;64MB RAM, 128MB ROM;;2 MP;LED flash;Yes;No;;2.5 mm audio jack;Wi-Fi 802.11b;1.2;No;;No;miniUSB;;Pocket OfficeMP3/AAC/AAC+/WMA/OGG/AMR playerWMV/MP4 playerVoice memo;Removable Li-Ion 1530 mAh battery;Silver;About 150 EUR;Class 10;Class 10;Up to 5 h 30 min;Up to 240 h;;;Handwriting recognition
https://www.gsmarena.com/hp_ipaq_rw6828-1606.php;https://fdn2.gsmarena.com/vv/bigpic/hp-rw6800.gif;HP iPAQ rw6828;Released 2006, Q2;140g, 19.5mm thickness;Microsoft Windows Mobile 5.0 PocketPC;64MB RAM storage, miniSD slot;14;N/A;802,456 hits;"2.7""";240x320 pixels;64 MB RAM;;1530 mAh Li-Po;GSM 900 / 1800 / 1900;;;;2006, Q2;Discontinued;102 x 58 x 19.5 mm (4.02 x 2.28 x 0.77 in);140 g (4.94 oz);Mini-SIM;;TFT resistive touchscreen, 256K colors (65K effective);2.7 inches, 22.6 cm(~38.2% screen-to-body ratio);240 x 320 pixels, 4:3 ratio (~148 ppi density);;Microsoft Windows Mobile 5.0 PocketPC;;Intel PXA 272 416 MHz;;miniSD;64MB RAM, 128MB ROM;;2 MP;LED flash;Yes;No;;;Wi-Fi 802.11b;1.2;No;;FM radio;miniUSB;;Pocket OfficeMP3/AAC/AAC+/WMA/OGG/AMR playerWMV/MP4 playerVoice memo;Removable Li-Po 1530 mAh battery;Silver;About 290 EUR;Class 10;Class 10;Up to 5 h 30 min;Up to 240 h;;;Handwriting recognition
https://www.gsmarena.com/hp_ipaq_rw6818-1607.php;https://fdn2.gsmarena.com/vv/bigpic/hp-rw6800.gif;HP iPAQ rw6818;Released 2006, Q2;140g, 19.5mm thickness;Microsoft Windows Mobile 5.0 PocketPC;64MB RAM storage, miniSD slot;9;N/A;382,822 hits;"2.7""";240x320 pixels;64 MB RAM;;1530 mAh Li-Po;GSM 900 / 1800 / 1900;;;;2006, Q2;Discontinued;102 x 58 x 19.5 mm (4.02 x 2.28 x 0.77 in);140 g (4.94 oz);Mini-SIM;;TFT resistive touchscreen, 256K colors (65K effective);2.7 inches, 22.6 cm(~38.2% screen-to-body ratio);240 x 320 pixels, 4:3 ratio (~148 ppi density);;Microsoft Windows Mobile 5.0 PocketPC;;Intel PXA 272 416 MHz;;miniSD;64MB RAM, 128MB ROM;;2 MP;LED flash;Yes;No;;;No;1.2;No;;FM radio;miniUSB;;Pocket OfficeMP3/AAC/AAC+/WMA/OGG/AMR playerWMV/MP4 playerVoice memo;Removable Li-Po 1530 mAh battery;Silver;About 290 EUR;Class 10;Class 10;Up to 5 h 30 min;Up to 240 h;;;Handwriting recognition
https://www.gsmarena.com/hp_ipaq_hw6915-1459.php;https://fdn2.gsmarena.com/vv/bigpic/hp-hw6900.gif;HP iPAQ hw6915;Released 2006, February;179g, 18mm thickness;Microsoft Windows Mobile 2005 PocketPC;64MB RAM storage, miniSD slot;14;N/A;737,168 hits;;240x240 pixels, 3 inch;64 MB RAM;;1200 mAh Li-Ion;GSM 850 / 900 / 1800 / 1900;;;;2006, February;Discontinued;118 x 71 x 18 mm (4.65 x 2.80 x 0.71 in);179 g (6.31 oz);Mini-SIM;;TFT resistive touchscreen, 65K colors;;240 x 240 pixels, 3 inch, 1:1 ratio;;Microsoft Windows Mobile 2005 PocketPC;;Intel PXA 270 416 MHz;;miniSD;64MB RAM, 45MB ROM;;1.3 MP;LED flash;Yes;No;;;Wi-Fi 802.11b;1.2;GPS;;No;Proprietary;;Pocket OfficeMP3/AAC/AAC+/WMA/OGG/AMR playerWMV/MP4 playerOrganizerVoice memo;Removable Li-Ion 1200 mAh battery;Silver;About 550 EUR;Class 10;Class 10;;;;;
https://www.gsmarena.com/hp_ipaq_hw6910-1720.php;https://fdn2.gsmarena.com/vv/bigpic/hp-hw6900.gif;HP iPAQ hw6910;Released 2006, February;179g, 18mm thickness;Microsoft Windows Mobile 2005 PocketPC;64MB RAM storage, miniSD slot;10;N/A;279,174 hits;;240x240 pixels, 3 inch;64 MB RAM;;1200 mAh Li-Ion;GSM 850 / 900 / 1800 / 1900;;;;2006, February;Discontinued;118 x 71 x 18 mm (4.65 x 2.80 x 0.71 in);179 g (6.31 oz);Mini-SIM;;TFT resistive touchscreen, 65K colors;;240 x 240 pixels, 3 inch, 1:1 ratio;;Microsoft Windows Mobile 2005 PocketPC;;Intel PXA 270 416 MHz;;miniSD;64MB RAM, 45MB ROM;;No;;;;;;Wi-Fi 802.11b;1.2;GPS;;No;Proprietary;;Pocket OfficeMP3/AAC/AAC+/WMA/OGG/AMR playerWMV/MP4 playerOrganizerVoice memo;Removable Li-Ion 1200 mAh battery;Silver;About 470 EUR;Class 10;Class 10;;;;;
https://www.gsmarena.com/hp_ipaq_hw6515-1312.php;https://fdn2.gsmarena.com/vv/bigpic/hp-hw6515.gif;HP iPAQ hw6515;Released 2005, Q2;165g, 18mm thickness;Microsoft Windows Mobile 2003 SE …;64MB RAM storage, SDIO/MMC + miniSD slot;15;N/A;572,293 hits;"3.0""";240x240 pixels;64 MB RAM;;1200 mAh Li-Ion;GSM 850 / 900 / 1800 / 1900;;;;2005, Q2;Discontinued;118 x 71 x 18 mm (4.65 x 2.80 x 0.71 in);165 g (5.82 oz);Mini-SIM;;TFT resistive touchscreen, 65K colors;3.0 inches, 45 x 60 mm, 29.0 cm(~34.7% screen-to-body ratio);240 x 240 pixels, 1:1 ratio (~113 ppi density);;Microsoft Windows Mobile 2003 SE PocketPC Phone Edition;;Intel PXA270 312 MHz;;SDIO/MMC + miniSD;64MB RAM, 64MB ROM;;1.3 MP;LED flash;Yes;No;;;No;1.2;GPS;;No;Proprietary;;Pocket OfficeMP3/AAC/AAC+/WMA/OGG/AMR playerWMV/MP4 playerOrganizer;Removable Li-Ion 1200 mAh battery;Silver;About 280 EUR;Class 10;Class 10;;;;;
https://www.gsmarena.com/hp_ipaq_hw6510-1313.php;https://fdn2.gsmarena.com/vv/bigpic/hp-hw6510.gif;HP iPAQ hw6510;Released 2005, Q2;165g, 18mm thickness;Microsoft Windows Mobile 2003 SE …;64MB RAM storage, SDIO/MMC + miniSD slot;8;N/A;329,621 hits;"3.0""";240x240 pixels;64 MB RAM;;1200 mAh Li-Ion;GSM 850 / 900 / 1800 / 1900;;;;2005, Q2;Discontinued;118 x 71 x 18 mm (4.65 x 2.80 x 0.71 in);165 g (5.82 oz);Mini-SIM;;TFT resistive touchscreen, 65K colors;3.0 inches, 45 x 60 mm, 29.0 cm(~34.7% screen-to-body ratio);240 x 240 pixels, 1:1 ratio (~113 ppi density);;Microsoft Windows Mobile 2003 SE PocketPC Phone Edition;;Intel PXA270 312 MHz;;SDIO/MMC + miniSD;64MB RAM, 64MB ROM;;No;;;;;;No;1.2;GPS;;No;Proprietary;;Pocket OfficeMP3/AAC/AAC+/WMA/OGG/AMR playerWMV/MP4 playerOrganizer;Removable Li-Ion 1200 mAh battery;Silver;About 280 EUR;Class 10;Class 10;;;;;
https://www.gsmarena.com/hp_ipaq_h6325-1310.php;https://fdn2.gsmarena.com/vv/bigpic/hp-h6325.gif;HP iPAQ h6325;Released 2004, Q4;190g, 20.8mm thickness;Microsoft Windows Mobile 2003 Poc…;64MB RAM storage, SD slot;15;N/A;444,747 hits;"3.5""";240x320 pixels;64 MB RAM;TI OMAP 1510;1800 mAh Li-Ion;GSM 850 / 900 / 1800 / 1900;;;;2004, Q4;Discontinued;137.6 x 74.6 x 20.8 mm (5.42 x 2.94 x 0.82 in);190 g (6.70 oz);Mini-SIM;;TFT resistive touchscreen, 65K colors;3.5 inches, 53 x 71 mm, 37.9 cm(~37.0% screen-to-body ratio);240 x 320 pixels, 4:3 ratio (~114 ppi density);;Microsoft Windows Mobile 2003 PocketPC Phone Edition;TI OMAP 1510;ARM925T;;SD, up to 1 GB;64MB RAM, 64MB ROM;;VGA;;No;No;;;Wi-Fi 802.11b;1.1;No;;No;Proprietary;;Pocket OfficeOrganizer;Removable Li-Ion 1800 mAh battery;Silver;About 180 EUR;Class 10;No;;;;;
https://www.gsmarena.com/hp_ipaq_h6320-1311.php;https://fdn2.gsmarena.com/vv/bigpic/hp-h6320.gif;HP iPAQ h6320;Released 2004, Q4;190g, 20.8mm thickness;Microsoft Windows Mobile 2003 Poc…;64MB RAM storage, SD slot;10;N/A;328,161 hits;"3.5""";240x320 pixels;64 MB RAM;TI OMAP 1510;1800 mAh Li-Ion;GSM 850 / 900 / 1800 / 1900;;;;2004, Q4;Discontinued;137.6 x 74.6 x 20.8 mm (5.42 x 2.94 x 0.82 in);190 g (6.70 oz);Mini-SIM;;TFT resistive touchscreen, 65K colors;3.5 inches, 53 x 71 mm, 37.9 cm(~37.0% screen-to-body ratio);240 x 320 pixels, 4:3 ratio (~114 ppi density);;Microsoft Windows Mobile 2003 PocketPC Phone Edition;TI OMAP 1510;ARM925T;;SD, up to 1 GB;64MB RAM, 64MB ROM;;No;;;;;;Wi-Fi 802.11b;1.1;No;;No;Proprietary;;Pocket OfficeOrganizer;Removable Li-Ion 1800 mAh battery;Silver;About 190 EUR;Class 10;No;;;;;
https://www.gsmarena.com/hp_ipaq_h6315-1309.php;https://fdn2.gsmarena.com/vv/bigpic/hp-h6315.gif;HP iPAQ h6315;Released 2004, Q4;190g, 18.7mm thickness;Microsoft Windows Mobile 2003 Poc…;64MB RAM storage, SD slot;13;N/A;309,467 hits;"3.5""";240x320 pixels;64 MB RAM;TI OMAP 1510;1800 mAh Li-Ion;GSM 850 / 900 / 1800 / 1900;;;;2004, Q4;Discontinued;119 x 75 x 18.7 mm (4.69 x 2.95 x 0.74 in);190 g (6.70 oz);Mini-SIM;;TFT resistive touchscreen, 65K colors;3.5 inches, 53 x 71 mm, 37.9 cm(~42.5% screen-to-body ratio);240 x 320 pixels, 4:3 ratio (~114 ppi density);;Microsoft Windows Mobile 2003 PocketPC Phone Edition;TI OMAP 1510;ARM925T;;SD, up to 1 GB;64MB RAM, 64MB ROM;;VGA;;No;No;;;Wi-Fi 802.11b;1.1;No;;No;Proprietary;;Pocket OfficeOrganizer;Removable Li-Ion 1800 mAh battery;Silver;;Yes;No;;;;;
https://www.gsmarena.com/hp_ipaq_h6310-1308.php;https://fdn2.gsmarena.com/vv/bigpic/hp-h6310.gif;HP iPAQ h6310;Released 2004, Q4;190g, 18.7mm thickness;Microsoft Windows Mobile 2003 Poc…;64MB RAM storage, SD slot;11;N/A;238,626 hits;"3.5""";240x320 pixels;64 MB RAM;TI OMAP 1510;1800 mAh Li-Ion;GSM 850 / 900 / 1800 / 1900;;;;2004, Q4;Discontinued;119 x 75 x 18.7 mm (4.69 x 2.95 x 0.74 in);190 g (6.70 oz);Mini-SIM;;TFT resistive touchscreen, 65K colors;3.5 inches, 53 x 71 mm, 37.9 cm(~42.5% screen-to-body ratio);240 x 320 pixels, 4:3 ratio (~114 ppi density);;Microsoft Windows Mobile 2003 PocketPC Phone Edition;TI OMAP 1510;ARM925T;;SD, up to 1 GB;64MB RAM, 64MB ROM;;No;;;;;;Wi-Fi 802.11b;1.1;No;;No;Proprietary;;Pocket OfficeOrganizer;Removable Li-Ion 1800 mAh battery;Silver;;Yes;No;;;;;
