Link;Image;Name;Release date;Weight;OS;Storage;Fans;Popularity;Hits;Screen_size;Screen_resolution;RAM;SOC;Battery;net2g;net3g;net4g;speed;year;status;dimensions;weight;sim;bodyother;displaytype;displaysize;displayresolution;displayprotection;os;chipset;cpu;gpu;memoryslot;internalmemory;cam1modules;cam1features;cam1video;cam2modules;cam2video;wlan;bluetooth;gps;nfc;radio;usb;sensors;batdescription1;batstandby1;battalktime1;colors;price;memoryother;models;optionalother;sar-us;featuresother;displayother;gprstext;edge
https://www.gsmarena.com/kyocera_duraforce_pro_2-9407.php;https://fdn2.gsmarena.com/vv/bigpic/kyocera-duraforce-pro2.jpg;Kyocera DuraForce Pro 2;Released 2018, November;243g, 13.5mm thickness;Android 8.0;64GB storage, microSDXC;35;0.4%;286,922 hits;"5.0""";1080x1920 pixels;4 GB RAM;Snapdragon 630;3240 mAh Li-Ion;GSM 850 / 900 / 1800 / 1900;HSDPA 850 / 900 / 1900 / 2100;1, 2, 3, 4, 5, 7, 13, 66;HSPA 42.2/5.76 Mbps, LTE-A (3CA) Cat9 450/50 Mbps;2018, November;Available. Released 2018, November;150.2 x 73.4 x 13.5 mm (5.91 x 2.89 x 0.53 in);243 g (8.25 oz);Nano-SIM;IP68 dust/water resistant (up to 2m for 30 min)MIL-STD-810G compliantPush-to-talk button;IPS LCD;5.0 inches, 68.9 cm(~62.5% screen-to-body ratio);1080 x 1920 pixels, 16:9 ratio (~441 ppi density);Sapphire crystal glass;Android 8.0 (Oreo);Qualcomm SDM630 Snapdragon 630 (14 nm);Octa-core 2.2 GHz Cortex-A53;Adreno 508;microSDXC (dedicated slot);64GB 4GB RAM;"13 MP, AF8 MP (ultra wide; dedicated video camera)";LED flash, HDR, panorama;4K@30fps, 1080p@30fps;5 MP;;Wi-Fi 802.11 a/b/g/n/ac/i/r/k, dual-band, Wi-Fi Direct;5.0, A2DP, LE;GPS;Yes;No;USB Type-C 3.1;Fingerprint (side-mounted), accelerometer, gyro, proximity, compass, barometer;Li-Ion 3240 mAh, non-removable;Up to 312 h (3G);Up to 21 h (3G);Black;About 400 EUR;;;;;;;;
https://www.gsmarena.com/kyocera_duraforce_pro-8268.php;https://fdn2.gsmarena.com/vv/bigpic/kyocera-duraforce-pro.jpg;Kyocera DuraForce Pro;Released 2016, October;230g, 12.9mm thickness;Android 6.0;32GB storage, microSDXC;18;0.2%;425,302 hits;"5.0""";1080x1920 pixels;3 GB RAM;Snapdragon 617;3240 mAh Li-Ion;GSM 850 / 900 / 1800 / 1900;HSDPA 850 / 900 / 1700(AWS) / 1900 / 2100;2, 4, 5, 12, 25, 26, 41;HSPA 42.2/5.76 Mbps, LTE-A (2CA) Cat6 300/50 Mbps;2016, August. Released 2016, October;Discontinued;148.4 x 73.4 x 12.9 mm (5.84 x 2.89 x 0.51 in);230 g (8.11 oz);Nano-SIM;IP68 dust/water resistant (up to 1.5m for 30 min)MIL-STD-810G compliantPush-to-talk button;IPS LCD;5.0 inches, 68.9 cm(~63.3% screen-to-body ratio);1080 x 1920 pixels, 16:9 ratio (~441 ppi density);Yes;Android 6.0 (Marshmallow);Qualcomm MSM8952 Snapdragon 617 (28 nm);Octa-core (4x1.5 GHz Cortex-A53 & 4x1.2 GHz Cortex-A53);Adreno 405;microSDXC (dedicated slot);32GB 3GB RAM;13 MP, AF2 MP;LED flash, HDR, panorama;1080p@30fps;5 MP;;Wi-Fi 802.11 a/b/g/n/ac/i/r/k, dual-band, Wi-Fi Direct;4.2, A2DP, LE;GPS;Yes;No;microUSB 2.0;Fingerprint (front-mounted), accelerometer, gyro, proximity, compass, barometer;Li-Ion 3240 mAh, non-removable;Up to 480 h (3G);Up to 19 h (3G);Black;;eMMC 5.1;E6810;;;;;;
https://www.gsmarena.com/kyocera_duraforce_xd-7699.php;https://fdn2.gsmarena.com/vv/bigpic/kyocera-duraforce-xd.jpg;Kyocera DuraForce XD;Released 2015, November;307g, 13.9mm thickness;Android 5.1;16GB storage, microSDXC;8;0.1%;213,943 hits;"5.7""";720x1280 pixels;2 GB RAM;Snapdragon 400;3700 mAh Li-Ion;GSM 850 / 900 / 1800 / 1900;HSDPA 850 / 900 / 1900 / 2100 - AT&T, T-Mobile;1, 2, 3, 4, 5, 7, 17, 20, 29 - AT&T;HSPA, LTE;2015, October. Released 2015, November;Discontinued;166.8 x 86.4 x 13.9 mm (6.57 x 3.40 x 0.55 in);307 g (10.83 oz);Nano-SIM;IP68 dust/water resistant (up to 1.5m for 30 min)MIL-STD-810G compliant;IPS LCD;5.7 inches, 89.6 cm(~62.1% screen-to-body ratio);720 x 1280 pixels, 16:9 ratio (~258 ppi density);Yes;Android 5.1 (Lollipop);Qualcomm MSM8928 Snapdragon 400 (28 nm);Quad-core 1.6 GHz Cortex-A7;Adreno 305;microSDXC (dedicated slot);16GB 2GB RAM;8 MP, AF;LED flash, HDR, panorama;1080p@30fps;2 MP;;Wi-Fi 802.11 a/b/g/n/ac//r/k, dual-band, Wi-Fi Direct, hotspot;4.1, A2DP, EDR, LE;GPS;Yes;No;microUSB 2.0;Accelerometer, gyro, proximity, compass, barometer;Li-Ion 3700 mAh, removable;Up to 816 h (3G);Up to 23 h (3G);Black;;eMMC 4.5;;;;;;;
https://www.gsmarena.com/kyocera_duraforce-6829.php;https://fdn2.gsmarena.com/vv/bigpic/Kyocera-DuraForce2.jpg;Kyocera DuraForce;Released 2014, November;200g, 14mm thickness;Android 4.4.2;16GB storage, microSDHC;10;0.1%;408,888 hits;"4.5""";720x1280 pixels;2 GB RAM;Snapdragon 400;3100 mAh Li-Ion;GSM 850 / 900 / 1800 / 1900;HSDPA 850 / 900 / 1900 / 2100;1, 2, 4, 5, 7, 17;HSPA 42.2/5.76 Mbps, LTE Cat4 150/50 Mbps;2014, November. Released 2014, November;Discontinued;136.9 x 70.6 x 14 mm (5.39 x 2.78 x 0.55 in);200 g (7.05 oz);Nano-SIM;IP68 dust/water resistant (up to 1.5m for 30 min)MIL-STD-810G compliant;IPS LCD;4.5 inches, 55.8 cm(~57.8% screen-to-body ratio);720 x 1280 pixels, 16:9 ratio (~326 ppi density);Yes;Android 4.4.2 (KitKat);Qualcomm MSM8928 Snapdragon 400 (28 nm);Quad-core 1.4 GHz Cortex-A7;Adreno 305;microSDHC (dedicated slot);16GB 2GB RAM;8 MP, AF;LED flash, HDR, panorama;1080p@30fps;2 MP;;Wi-Fi 802.11 a/b/g/n/ac, dual-band, hotspot;4.0, A2DP, EDR, LE;GPS;Yes;No;microUSB 2.0;Accelerometer, proximity, compass, barometer;Li-Ion 3100 mAh, non-removable;Up to 504 h;Up to 17 h;Black;About 320 EUR;eMMC 4.5;;Smart Sonic Receiver;;;;;
https://www.gsmarena.com/kyocera_hydro_life-6598.php;https://fdn2.gsmarena.com/vv/bigpic/kyocera-hydro-life.jpg;Kyocera Hydro Life;Released 2014, August;136g, 10.9mm thickness;Android 4.3;8GB storage, microSDHC;7;N/A;250,917 hits;"4.5""";540x960 pixels;1.5 GB RAM;Snapdragon 200;2000 mAh Li-Ion;GSM 850 / 900 / 1800 / 1900;HSDPA 850 / 1700 / 1900 / 2100;;HSPA 21.1/5.76 Mbps;2014, August. Released 2014, August;Discontinued;131.8 x 65.4 x 10.9 mm (5.19 x 2.57 x 0.43 in);136 g (4.80 oz);Micro-SIM;IP57 dust/water resistant (up to 1m. and 30 min)MIL-STD-810G compliant salt, dust, humidity, rain, vibration, solar radiation, transport and thermal shock resistant;IPS LCD;4.5 inches, 55.8 cm(~64.8% screen-to-body ratio);540 x 960 pixels, 16:9 ratio (~245 ppi density);Yes;Android 4.3 (Jelly Bean);Qualcomm MSM8212 Snapdragon 200 (28 nm);Quad-core 1.2 GHz Cortex-A7;Adreno 302;microSDHC (dedicated slot);8GB 1.5GB RAM;5 MP;LED flash, HDR, panorama;720p@30fps;2 MP;;Wi-Fi 802.11 b/g/n, Wi-Fi Direct, hotspot;4.0, A2DP, EDR, LE;GPS;No;No;microUSB 2.0;Accelerometer, proximity, compass;Li-Ion 2000 mAh, removable;Up to 418 h;Up to 13 h 30 min;Black;;eMMC 4.5;;Smart Sonic Receiver;;;;;
https://www.gsmarena.com/kyocera_brigadier-6602.php;https://fdn2.gsmarena.com/vv/bigpic/Kyocera-Brigadier.jpg;Kyocera Brigadier;Released 2014, July;187.1g, 13.2mm thickness;Android 4.4.2;16GB storage, microSDHC;17;0.1%;313,605 hits;"4.5""";720x1280 pixels;2 GB RAM;Snapdragon 400;3100 mAh Li-Ion;GSM 850 / 900 / 1800 / 1900;CDMA2000 1xEV-DO;4, 13;HSPA, LTE, EV-DO Rev.A 3.1 Mbps;2014, July. Released 2014, July;Discontinued;136.4 x 68.3 x 13.2 mm (5.37 x 2.69 x 0.52 in);187.1 g (6.60 oz);Nano-SIM;IP68 dust/water resistant (up to 1.5m for 30 min)MIL-STD-810G compliantFlashlight;IPS LCD;4.5 inches, 55.8 cm(~59.9% screen-to-body ratio);720 x 1280 pixels, 16:9 ratio (~326 ppi density);Sapphire crystal glass;Android 4.4.2 (KitKat);Qualcomm Snapdragon 400 (28 nm);Quad-core 1.4 GHz Cortex-A7;Adreno 305;microSDHC (dedicated slot);16GB 2GB RAM;8 MP, AF;LED flash, panorama;1080p@30fps;2 MP;;Wi-Fi 802.11 a/b/g/n/ac, Wi-Fi Direct, DLNA, hotspot;4.0, A2DP, EDR, LE;GPS;Yes;No;microUSB 2.0;Accelerometer, proximity, compass, barometer;Li-Ion 3100 mAh, non-removable;Up to 370 h;Up to 26 h;Black;About 300 EUR;eMMC 4.5;E6782;Smart Sonic Receiver;0.79 W/kg (head)     0.72 W/kg (body);;;;
https://www.gsmarena.com/kyocera_hydro_elite-5754.php;https://fdn2.gsmarena.com/vv/bigpic/kyocera-hydro-elite.jpg;Kyocera Hydro Elite;Released 2013, Q3;128g, 10.8mm thickness;Android 4.1.2;16GB storage, microSDHC;7;N/A;284,215 hits;"4.3""";720x1280 pixels;1.5 GB RAM;Snapdragon S4 Plus;2100 mAh Li-Ion;CDMA 800 / 1900;CDMA2000 1xEV-DO;LTE (unspecified);HSPA, LTE Cat3 100/50 Mbps, EV-DO Rev.A 3.1 Mbps;2013, Q3. Released 2013, Q3;Discontinued;122.4 x 60.4 x 10.8 mm (4.82 x 2.38 x 0.43 in);128 g (4.52 oz);Yes;IP57 dust/water resistant (up to 1m. and 30 min)MIL-STD-810G compliant salt, dust, humidity, rain, vibration, solar radiation, transport and thermal shock resistant.;IPS LCD;4.3 inches, 51.0 cm(~68.9% screen-to-body ratio);720 x 1280 pixels, 16:9 ratio (~342 ppi density);Yes;Android 4.1.2 (Jelly Bean);Qualcomm MSM8960 Snapdragon S4 Plus;Dual-core 1.5 GHz Krait;Adreno 225;microSDHC (dedicated slot);16GB 1.5GB RAM;8 MP, AF;LED flash, HDR, panorama;1080p@30fps;1.3 MP;;Wi-Fi 802.11 a/b/g/n, dual-band, Wi-Fi Direct, DLNA;4.0, A2DP, EDR, LE;GPS;Yes;No;microUSB 2.0 (MHL TV-out);Accelerometer, proximity, compass;Li-Ion 2100 mAh, removable;Up to 236 h;Up to 13 h;Black;;;;;;;;;
https://www.gsmarena.com/kyocera_hydro_xtrm-5555.php;https://fdn2.gsmarena.com/vv/bigpic/kyocera-hydro-xtrm.jpg;Kyocera Hydro Xtrm;Released 2013, June;139g, 10.7mm thickness;Android 4.1.2;4GB 1GB RAM storage, microSDHC slot;0;N/A;147,284 hits;"4.0""";480x800 pixels;1 GB RAM;Snapdragon S4 Plus;2000 mAh Li-Ion;CDMA 800 / 1900;CDMA2000 1xEV-DO;2, 4, 5, 12;LTE Cat3 100/50 Mbps, EV-DO Rev.A 3.1 Mbps;2013, May. Released 2013, June;Discontinued;124 x 64 x 10.7 mm (4.88 x 2.52 x 0.42 in);139 g (4.90 oz);Yes, preinstalled;IP57 dust/water resistant (up to 1m. and 30 min)MIL-STD-810G compliant salt, dust, humidity, rain, vibration, solar radiation, transport and thermal shock resistant.;IPS LCD;4.0 inches, 45.5 cm(~57.4% screen-to-body ratio);480 x 800 pixels, 5:3 ratio (~233 ppi density);Yes;Android 4.1.2 (Jelly Bean);Qualcomm MSM8960 Snapdragon S4 Plus;Dual-core 1.2 GHz Krait;Adreno 225;microSDHC (dedicated slot);4GB 1GB RAM;5 MP, AF;LED flash;Yes;1.3 MP;;Wi-Fi 802.11 b/g/n, hotspot;4.0, A2DP, EDR, LE;GPS;No;No;microUSB 2.0;Accelerometer, proximity, compass;Li-Ion 2000 mAh, removable;Up to 408 h;Up to 12 h 30 min;Black;;;;;;;;;
https://www.gsmarena.com/kyocera_torque_e6710-5270.php;https://fdn2.gsmarena.com/vv/bigpic/kyocera-torque-e6710.jpg;Kyocera Torque E6710;Released 2013, March;168.5g, 12.9mm thickness;Android 4.0.4;4GB storage, microSDHC slot;6;N/A;223,796 hits;"4.0""";480x800 pixels;1 GB RAM;Snapdragon S4 Plus;2500 mAh Li-Ion;CDMA 800 / 1900;CDMA2000 1xEV-DO;25;LTE Cat3 100/50 Mbps, EV-DO Rev.A 3.1 Mbps;2013, January. Released 2013, March;Discontinued;128.5 x 68.4 x 12.9 mm (5.06 x 2.69 x 0.51 in);168.5 g (5.93 oz);Non-removable;IP67 dust/water resistant (up to 1m for 30 min)MIL-STD-810G compliantIPX5, IPX7 certifiedFlashlight;IPS LCD;4.0 inches, 45.5 cm(~51.8% screen-to-body ratio);480 x 800 pixels, 5:3 ratio (~233 ppi density);- Corning Gorilla Glass 2;Android 4.0.4 (Ice Cream Sandwich);Qualcomm MSM8960 Snapdragon S4 Plus;Dual-core 1.2 GHz Krait;Adreno 225;microSDHC (dedicated slot);4GB (1GB user available), 1GB RAM;5 MP, AF;LED flash, HDR;1080p@30fps;1.3 MP;;Wi-Fi 802.11 b/g/n, hotspot;4.0, A2DP, EDR, LE;GPS;Yes;No;microUSB 2.0;Accelerometer, proximity, compass;Li-Ion 2500 mAh, removable;;Up to 19 h;Black;About 270 EUR;;;;;;;;
https://www.gsmarena.com/kyocera_hydro_c5170-4748.php;https://fdn2.gsmarena.com/vv/bigpic/huawei-hydro-c5170.jpg;Kyocera Hydro C5170;Released 2012, Q3;120g, 12.8mm thickness;Android 4.0;2GB 512MB RAM storage, microSDHC slot;11;N/A;263,598 hits;"3.5""";320x480 pixels;512 MB RAM;Snapdragon S2;1500 mAh Li-Ion;CDMA 800 / 1900;CDMA2000 1xEV-DO;;EV-DO Rev.A 3.1 Mbps;2012, May. Released 2012, Q3;Discontinued;115 x 62 x 12.8 mm (4.53 x 2.44 x 0.50 in);120 g (4.23 oz);Mini-SIM;IP67 dust/water resistant (up to 1m for 30 min)IPX5, IPX7 certified;IPS LCD;3.5 inches, 36.5 cm(~51.2% screen-to-body ratio);320 x 480 pixels, 3:2 ratio (~165 ppi density);;Android 4.0 (Ice Cream Sandwich);Qualcomm MSM8655 Snapdragon S2;1.0 GHz;Adreno 205;microSDHC (dedicated slot), 2 GB included;2GB 512MB RAM;3.15 MP, AF;;Yes;No;;Wi-Fi 802.11 b/g/n, hotspot;2.1, A2DP, EDR;GPS, A-GPS;;No;microUSB 2.0;Accelerometer, proximity, compass;Removable Li-Ion 1500 mAh battery;;Up to 8 h 20 min;Black;;;;;;MP4/WMV/H.264 playerMP3/WAV/eAAC+ playerOrganizerPhoto/video editorDocument viewerVoice memo/dial/commandsPredictive text input (Swype);;;
https://www.gsmarena.com/kyocera_rise_c5155-4747.php;https://fdn2.gsmarena.com/vv/bigpic/kyocera-rise-c5155.jpg;Kyocera Rise C5155;Released 2012, August;158g, 14.3mm thickness;Android 4.0;2GB 512MB RAM storage, microSDHC slot;11;N/A;210,020 hits;"3.5""";320x480 pixels;512 MB RAM;Snapdragon S2;1500 mAh Li-Ion;CDMA 800 / 1900;CDMA2000 1xEV-DO;;EV-DO Rev.A 3.1 Mbps;2012, May. Released 2012, August;Discontinued;113 x 60.5 x 14.3 mm (4.45 x 2.38 x 0.56 in);158 g (5.57 oz);Mini-SIM;;IPS LCD;3.5 inches, 36.5 cm(~53.4% screen-to-body ratio);320 x 480 pixels, 3:2 ratio (~165 ppi density);;Android 4.0 (Ice Cream Sandwich);Qualcomm MSM8655 Snapdragon S2;1.0 GHz;Adreno 205;microSDHC (dedicated slot), 2 GB included;2GB 512MB RAM;3.15 MP, AF;;Yes;No;;Wi-Fi 802.11 b/g/n, hotspot;2.1, A2DP, EDR;GPS, A-GPS;;No;microUSB 2.0;Accelerometer, proximity, compass;Removable Li-Ion 1500 mAh battery;;Up to 8 h 40 min;Black;;;;;;MP4/WMV/H.264 playerMP3/WAV/eAAC+ playerOrganizerPhoto/video editorDocument viewerVoice memo/dial/commandsPredictive text input (Swype);;;
https://www.gsmarena.com/kyocera_milano_c5121-4316.php;https://fdn2.gsmarena.com/vv/bigpic/kyocera-milano-c5121.jpg;Kyocera Milano C5121;Released 2011, September;158g, 17.1mm thickness;Android 2.3;512MB 512MB RAM storage, microSDHC slot;6;N/A;85,064 hits;"3.0""";240x320 pixels;512 MB RAM;MSM7627T;1490 mAh Li-Ion;CDMA 800 / 1900 / 1700;CDMA2000 1xEV-DO;;EV-DO Rev.A 3.1 Mbps;2011, September. Released 2011, September;Discontinued;105 x 61 x 17.1 mm (4.13 x 2.40 x 0.67 in);158 g (5.57 oz);Mini-SIM;;TFT, 256K colors;3.0 inches, 27.9 cm(~43.5% screen-to-body ratio);240 x 320 pixels, 4:3 ratio (~133 ppi density);;Android 2.3 (Gingerbread);Qualcomm MSM7627T;800 MHz;;microSDHC (dedicated slot), 2 GB included;512MB 512MB RAM;3.15 MP, AF;;Yes;No;;Wi-Fi 802.11 b/g/n, hotspot (charges may apply);2.1, A2DP, EDR;GPS, A-GPS;;No;microUSB 2.0;Accelerometer, proximity, compass;Removable Li-Ion 1490 mAh battery;;Up to 7 h 40 min;Pink, Black;;;;;;MP3/WAV/AAC+ playerMP4/H.263 playerOrganizerVoice memoPredictive text input (Swype);;;
https://www.gsmarena.com/kyocera_milano_c5120-4314.php;https://fdn2.gsmarena.com/vv/bigpic/Kyocera-Milano.jpg;Kyocera Milano C5120;Released 2011, September;158g, 17.1mm thickness;Android 2.3;512MB 512MB RAM storage, microSDHC slot;9;N/A;96,100 hits;"3.0""";240x320 pixels;512 MB RAM;MSM7627T;1490 mAh Li-Ion;CDMA 800 / 1900;CDMA2000 1xEV-DO;;EV-DO Rev.0, 153.2 Kbps;2011, September. Released 2011, September;Discontinued;105 x 61 x 17.1 mm (4.13 x 2.40 x 0.67 in);158 g (5.57 oz);Mini-SIM;;TFT, 256K colors;3.0 inches, 27.9 cm(~43.5% screen-to-body ratio);240 x 320 pixels, 4:3 ratio (~133 ppi density);;Android 2.3 (Gingerbread);Qualcomm MSM7627T;800 MHz;;microSDHC (dedicated slot), 2 GB included;512MB 512MB RAM;3.15 MP, AF;;Yes;No;;Wi-Fi 802.11 b/g/n, hotspot (charges may apply);2.1, A2DP, EDR;GPS, A-GPS;;No;microUSB 2.0;Accelerometer, proximity, compass;Removable Li-Ion 1490 mAh battery;;Up to 7 h 40 min;Black;;;;;;MP3/WAV/AAC+ playerMP4/H.263 playerOrganizerVoice memoPredictive text input (Swype);;;
https://www.gsmarena.com/kyocera_presto_s1350-4319.php;https://fdn2.gsmarena.com/vv/bigpic/kyocera-presto-s1350.jpg;Kyocera Presto S1350;Released 2011, October;76g, 13.7mm thickness;Feature phone;67MB storage, no card slot;5;N/A;73,062 hits;"1.8""";128x160 pixels; ;;920 mAh Li-Ion;CDMA 800 / 1900 / 1700;CDMA2000 1x;;CDMA2000 1x, 153 Kbps;2011, October. Released 2011, October;Discontinued;114 x 45.5 x 13.7 mm (4.49 x 1.79 x 0.54 in);76 g (2.68 oz);Mini-SIM;;TFT, 256K colors;1.8 inches, 10.2 cm(~19.7% screen-to-body ratio);128 x 160 pixels (~114 ppi density);;;;;;No;67MB;VGA;;No;No;;No;2.1, A2DP, EDR;No;;No;microUSB 2.0;;Removable Li-Ion 920 mAh battery;Up to 200 h;Up to 3 h 20 min;Black;;;;2.5 mm audio jack;;PlayerOrganizer;;;
https://www.gsmarena.com/kyocera_brio-4315.php;https://fdn2.gsmarena.com/vv/bigpic/kyocera-brio.jpg;Kyocera Brio;Released 2011, September;105g, 14.5mm thickness;Feature phone;128MB storage, microSD slot;1;N/A;81,689 hits;"2.2""";320x240 pixels; ;QSC6055;870 mAh Li-Ion;CDMA 800 / 1900;CDMA2000 1x;;CDMA2000 1x, 153 Kbps;2011, September. Released 2011, September;Discontinued;113.5 x 60 x 14.5 mm (4.47 x 2.36 x 0.57 in);105 g (3.70 oz);Mini-SIM;;TFT, 256K colors;2.2 inches, 15.0 cm(~22.0% screen-to-body ratio);320 x 240 pixels, 4:3 ratio (~182 ppi density);;;Qualcomm QSC6055;;;microSD (dedicated slot);128MB;1.3 MP;;Yes;No;;No;2.0, A2DP, EDR;GPS, A-GPS;;No;microUSB 2.0;Compass;Removable Li-Ion 870 mAh battery;;Up to 4 h 40 min;Black;;;;2.5 mm audio jack;;MP3/WAV/AAC+ playerMP4/H.263 playerOrganizerVoice memoPredictive text input;;;
https://www.gsmarena.com/kyocera_echo-3914.php;https://fdn2.gsmarena.com/vv/bigpic/kyocera-echo.jpg;Kyocera Echo;Released 2011, April;193g, 17.2mm thickness;Android 2.2, up to 2.3;1GB 512MB RAM storage, microSDHC slot;29;N/A;214,152 hits;"3.5""";480x800 pixels;512 MB RAM;Snapdragon S1;1370 mAh Li-Ion;CDMA 800 / 1900;CDMA2000 1xEV-DO;;EV-DO Rev.A 3.1 Mbps;2011, March. Released 2011, April;Discontinued;115 x 56.5 x 17.2 mm (4.53 x 2.22 x 0.68 in);193 g (6.81 oz);Mini-SIM;;Two TFTs, 256K colors;3.5 inches, 34.9 cm(~53.7% screen-to-body ratio);480 x 800 pixels, 5:3 ratio (~267 ppi density);;Android 2.2 (Froyo), upgradable to 2.3 (Gingerbread);Qualcomm QSD8650 Snapdragon S1;1.0 GHz Scorpion;Adreno 200;microSDHC (dedicated slot), 8 GB included;1GB 512MB RAM;5 MP, AF;LED flash;720p;Yes;;Wi-Fi 802.11 b/g, hotspot (charges may apply);2.1, A2DP, EDR;GPS, A-GPS;;No;microUSB 2.0;Accelerometer, proximity, compass;Removable Li-Ion 1370 mAh battery;Up to 200 h;Up to 7 h;Black;About 350 EUR;;;;;MP3/WAV/AAC+ playerMP4/H.263 playerOrganizerVoice memoPredictive text input;Simul-Task Mode – choose 2 of the Echos 7 core apps and run one on each display simultaneouslyOptimized Mode – apps let the dual displays complement each other, like email on one and a full virtual keypad on the otherTablet Mode – dual displays act as a single (4.7 inches diagonally, 800 x 960 pixels) display;;
https://www.gsmarena.com/kyocera_duracore_e4210-4318.php;https://fdn2.gsmarena.com/vv/bigpic/kyocera-duracore-e4210.jpg;Kyocera DuraCore E4210;Released 2011, July;126g, 23.9mm thickness;Feature phone;No card slot;4;N/A;100,344 hits;"2.0""";240x320 pixels; ;QSC6055;1360 mAh Li-Ion;CDMA 800 / 1900;CDMA2000 1xEV-DO;;EV-DO Rev.A 3.1 Mbps;2011, July;Discontinued;98.5 x 49.8 x 23.9 mm (3.88 x 1.96 x 0.94 in);126 g (4.44 oz);Mini-SIM;MIL-STD 810G-grade salt, fog, humidity, transport shock and thermal shock resistant;TFT, 256K colors;2.0 inches, 12.4 cm(~25.3% screen-to-body ratio);240 x 320 pixels, 4:3 ratio (~200 ppi density);;;Qualcomm QSC6055;;;No;;No;;;;;No;2.0, A2DP, EDR;GPS, A-GPS;;No;microUSB 2.0;;Removable Li-Ion 1360 mAh battery;;Up to 8 h;Black;;;;2.5 mm audio jack;;MP3 playerOrganizerVoice memo/dial/commands;"External 1"" monochrome display, 96 x 64 pixels";;
https://www.gsmarena.com/kyocera_duramax-4317.php;https://fdn2.gsmarena.com/vv/bigpic/kyocera-duramax.jpg;Kyocera DuraMax;Released 2011, October;144g, 25.5mm thickness;Feature phone;microSDHC slot;10;N/A;98,143 hits;"2.0""";240x320 pixels; ;QSC6055;1360 mAh Li-Ion;CDMA 800 / 1900;CDMA2000 1xEV-DO;;EV-DO Rev.A 3.1 Mbps;2011, July. Released 2011, October;Discontinued;101.5 x 53.5 x 25.5 mm (4.00 x 2.11 x 1.00 in);144 g (5.08 oz);Mini-SIM;FlashlightMIL-STD 810G-grade salt, fog, humidity, transport shock and thermal shock resistantWater submersible (up to 1m for 30 min);TFT, 256K colors;2.0 inches, 12.4 cm(~22.8% screen-to-body ratio);240 x 320 pixels, 4:3 ratio (~200 ppi density);;;Qualcomm QSC6055;;;microSDHC (dedicated slot), 1 GB included;;3.2 MP;LED flash;Yes;No;;No;2.0, A2DP, EDR;GPS, A-GPS;;No;microUSB 2.0;;Removable Li-Ion 1360 mAh battery;;Up to 8 h;Black;;;;;;MP3/WAV/WMA/eAAC+ playerMP4/H.264/WMV playerOrganizerVoice memo/dial/commands;"External 1"" monochrome display, 96 x 64 pixels";;
https://www.gsmarena.com/kyocera_e4600-3227.php;https://fdn2.gsmarena.com/vv/bigpic/kyocera-e4600.jpg;Kyocera E4600;Released 2008, August;85g, 15mm thickness;Feature phone;microSD slot;5;N/A;67,517 hits;"2.2""";176x220 pixels; ;;780 mAh Li-Ion;GSM 850 / 900 / 1800 / 1900;;;;2008, August. Released 2008, August;Discontinued;103 x 51 x 15 mm (4.06 x 2.01 x 0.59 in);85 g (3.00 oz);Mini-SIM;Flashlight;TFT, 65K colors;2.2 inches, 15.2 cm(~29.0% screen-to-body ratio);176 x 220 pixels (~128 ppi density);;;;;;microSD (dedicated slot);;2 MP;LED flash;Yes;No;;No;2.0, A2DP;GPS;;No;miniUSB 2.0;;Removable Li-Ion 780 mAh battery;Up to 300 h;Up to 4 h;Black;;;;;;MP3/WAV/AAC+ playerMP4/H.263 playerOrganizerVoice memoPredictive text input;;Class 10;Class 10
https://www.gsmarena.com/kyocera_solo_e4000-3223.php;https://fdn2.gsmarena.com/vv/bigpic/Kyocera-Solo-E4000.jpg;Kyocera Solo E4000;Released 2008, August;90g, 13.8mm thickness;Microsoft Windows Mobile 6.0 Standard;microSD slot;7;N/A;78,995 hits;;240x320 pixels; ;;900 mAh Li-Ion;GSM 850 / 900 / 1800 / 1900;;;;2008, August. Released 2008, August;Discontinued;108 x 46.3 x 13.8 mm (4.25 x 1.82 x 0.54 in);90 g (3.17 oz);Mini-SIM;;TFT, 65K colors;;240 x 320 pixels, 4:3 ratio;;Microsoft Windows Mobile 6.0 Standard;;;;microSD (dedicated slot);;2 MP;;Yes;No;;Wi-Fi 802.11 b/g;2.0, A2DP;GPS;;No;microUSB 2.0;;Removable Li-Ion 900 mAh battery;Up to 150 h;Up to 5 h;Black;;;;;;MP3/WAV/WMA/eAAC+ playerMP4/WMV/H.263 playerOffice document viewerOrganizerVoice memo/dialPredictive text input;;Class 10;Class 10
https://www.gsmarena.com/kyocera_e3500-3224.php;https://fdn2.gsmarena.com/vv/bigpic/Kyocera-E3500.jpg;Kyocera E3500;Released 2008, April;84g, 16.5mm thickness;Feature phone;microSD slot;5;N/A;71,767 hits;"2.0""";176x220 pixels; ;;920 mAh Li-Ion;GSM 850 / 900 / 1800 / 1900;;;;2008, April. Released 2008, April;Discontinued;103 x 50.5 x 16.5 mm (4.06 x 1.99 x 0.65 in);84 g (2.96 oz);Mini-SIM;Flashlight;TFT, 256K colors;2.0 inches, 12.6 cm(~24.2% screen-to-body ratio);176 x 220 pixels (~141 ppi density);;;;;;microSD (dedicated slot);;1.3 MP;LED flash;Yes;No;;No;2.0, A2DP;GPS;;No;miniUSB;;Removable Li-Ion 920 mAh battery;Up to 400 h;Up to 5 h;Black;;;;;;MP3/WAV/WMA/eAAC+ playerMP4/H.263 playerOrganizerVoice memo/dialPredictive text input;"Dedicated music keysExternal 1"" 56K STN, 96 x 96 pixels";Class 10;Class 10
https://www.gsmarena.com/kyocera_e2500-3225.php;https://fdn2.gsmarena.com/vv/bigpic/Kyocera-E2500.jpg;Kyocera E2500;Released 2008, April;69g, 12mm thickness;Feature phone;microSD slot;4;N/A;69,193 hits;"2.0""";128x128 pixels; ;;920 mAh Li-Ion;GSM 850 / 900 / 1800 / 1900;;;;2008, April. Released 2008, April;Discontinued;105 x 48 x 12 mm (4.13 x 1.89 x 0.47 in);69 g (2.43 oz);Mini-SIM;;CSTN, 65K colors;2.0 inches, 12.9 cm(~25.6% screen-to-body ratio);128 x 128 pixels, 1:1 ratio (~91 ppi density);;;;;;microSD (dedicated slot);;1.3 MP;;No;No;;No;1.2, A2DP;No;;No;microUSB;;Removable Li-Ion 920 mAh battery;Up to 400 h;Up to 5 h;Black;About 70 EUR;;;;;MP3/WAV/WMA/eAAC+ playerMP4/H.263 playerOrganizerVoice memoPredictive text input;;Class 10;Class 10
https://www.gsmarena.com/kyocera_s1600-3226.php;https://fdn2.gsmarena.com/vv/bigpic/kyocera-s1600.jpg;Kyocera S1600;Released 2008, April;59g, 11.5mm thickness;Feature phone;No card slot;4;N/A;66,493 hits;"1.5""";128x128 pixels; ;;650 mAh Li-Ion;GSM 850 / 1900;;;;2008, April. Released 2008, April;Discontinued;104 x 48 x 11.5 mm (4.09 x 1.89 x 0.45 in);59 g (2.08 oz);Mini-SIM;;CSTN, 65K colors;1.5 inches, 7.3 cm(~14.5% screen-to-body ratio);128 x 128 pixels, 1:1 ratio (~121 ppi density);;;;;;No;;VGA;;up to 15 sec;No;;No;No;No;;No;microUSB;;Removable Li-Ion 650 mAh battery;Up to 300 h;Up to 4 h;Black;;;;;;MP3/eAAC+ playerMP4/H.263 playerOrganizerVoice memoPredictive text input;;Class 10;No
https://www.gsmarena.com/kyocera_tg_200-184.php;https://fdn2.gsmarena.com/vv/bigpic/kytg200b.gif;Kyocera TG 200;Released 2000;75g, 16mm thickness;Feature phone;No card slot;6;N/A;168,984 hits;;5 lines; ;;600 mAh Li-Ion;GSM 900 / 1800;;;;2000;Discontinued;120 x 40 x 16 mm (4.72 x 1.57 x 0.63 in);75 g (2.65 oz);Mini-SIM;;Monochrome graphic;;5 lines;;;;;;No;;No;;;;;No;No;No;;No;;;Removable Li-Ion battery;110 h;3 h;;;;;;;;;No;No
