Link;Image;Name;Release date;Weight;OS;Storage;Fans;Popularity;Hits;Screen_size;Screen_resolution;RAM;SOC;Battery;net2g;net3g;net4g;net5g;speed;year;status;dimensions;weight;sim;bodyother;displaytype;displaysize;displayresolution;displayprotection;os;chipset;cpu;gpu;memoryslot;internalmemory;memoryother;cam1modules;cam1features;cam1video;cam2modules;cam2features;cam2video;wlan;bluetooth;gps;nfc;radio;usb;sensors;batdescription1;colors;models;price;build;tbench;batlife;displayother;optionalother;gprstext;edge;batmusicplayback1;batstandby1;battalktime1;featuresother
https://www.gsmarena.com/meizu_18s_pro-11075.php;https://fdn2.gsmarena.com/vv/bigpic/meizu-18s-pro.jpg;Meizu 18s Pro;Released 2021, September 23;189g, 8.1mm thickness;Android 11, Flyme 9.2;128GB/256GB storage, no card slot;99;1.3%;364,778 hits;"6.7""";1440x3200 pixels;8/12 GB RAM;Snapdragon 888+ 5G;4500 mAh Li-Po;GSM 850 / 900 / 1800 / 1900 - SIM 1 & SIM 2;HSDPA 850 / 900 / 1700(AWS) / 1900 / 2100;1, 2, 3, 4, 5, 7, 8, 12, 34, 38, 39, 40, 41;1, 3, 41, 77, 78, 79 SA/NSA;HSPA, LTE-A, 5G;2021, September 22;Available. Released 2021, September 23;162.5 x 73 x 8.1 mm (6.40 x 2.87 x 0.32 in);189 g (6.67 oz);Dual SIM (Nano-SIM, dual stand-by);Waterproof;Super AMOLED, 120Hz, HDR10+, 420 nits (typ), 1300 nits (peak);6.7 inches, 107.6 cm(~90.7% screen-to-body ratio);1440 x 3200 pixels, 20:9 ratio (~526 ppi density);Corning Gorilla Glass 6;Android 11, Flyme 9.2;Qualcomm SM8350 Snapdragon 888+ 5G (5 nm);Octa-core (1x3.0 GHz Cortex-X1 & 3x2.42 GHz Cortex-A78 & 4x1.80 GHz Cortex-A55);Adreno 660;No;128GB 8GB RAM, 256GB 8GB RAM, 256GB 12GB RAM;UFS 3.1;"50 MP, f/1.9, 23mm (wide), 1/1.31"", 1.2µm, dual pixel PDAF, OIS8 MP f/2.4, 79mm (telephoto), 1/4.4"", 1.0µm, PDAF, 3x optical zoom32 MP, f/2.2, 15mm, 130˚ (ultrawide), 1/2.8"", 0.8µm0.3 MP, TOF 3D, f/1.4, (depth)";LED flash, HDR, panorama;"8K, 4K@30/60fps, 1080p; gyro-EIS, HDR";44 MP, f/2.4, (wide), 1/2.65”, 0.7µm;HDR;4K@30fps, 1080p@30fps;Wi-Fi 802.11 а/b/g/n/ac/6e, dual-band, Wi-Fi Direct;5.2, A2DP, LE;GPS (L1+L5), GLONASS, BDS, GALILEO, QZSS;Yes;No;USB Type-C;Fingerprint (under display, ultrasonic), accelerometer, gyro, proximity, compass;Li-Po 4500 mAh, non-removable;Blue, White, Gray;M192Q;About 610 EUR;;;;;;;;;;;
https://www.gsmarena.com/meizu_18s-11115.php;https://fdn2.gsmarena.com/vv/bigpic/meizu-18s.jpg;Meizu 18s;Released 2021, September 23;162g, 8.2mm thickness;Android 11, Flyme 9.2;128GB/256GB storage, no card slot;47;0.4%;149,783 hits;"6.2""";1440x3200 pixels;8/12 GB RAM;Snapdragon 888+ 5G;4000 mAh Li-Po;GSM 850 / 900 / 1800 / 1900 - SIM 1 & SIM 2;HSDPA 850 / 900 / 1900 / 2100;1, 3, 4, 5, 7, 8, 34, 38, 39, 40, 41;1, 3, 41, 77, 78, 79 SA/NSA;HSPA, LTE-A, 5G;2021, September 22;Available. Released 2021, September 23;152.4 x 69.2 x 8.2 mm (6.00 x 2.72 x 0.32 in);162 g (5.71 oz);Dual SIM (Nano-SIM, dual stand-by);;Super AMOLED, 120Hz, HDR10+, 420 nits (typ), 1300 nits (peak);6.2 inches, 93.8 cm(~88.9% screen-to-body ratio);1440 x 3200 pixels, 20:9 ratio (~563 ppi density);;Android 11, Flyme 9.2;Qualcomm SM8350 Snapdragon 888+ 5G (5 nm);Octa-core (1x3.0 GHz Cortex-X1 & 3x2.42 GHz Cortex-A78 & 4x1.80 GHz Cortex-A55);Adreno 660;No;128GB 8GB RAM, 256GB 8GB RAM, 256GB 12GB RAM;UFS 3.1;"64 MP, f/1.6, 26mm (wide), 1/1.73"", 0.8µm, PDAF, OIS8 MP f/2.4, 79mm (telephoto), 1/4.4"", 1.0µm, PDAF, 3x optical zoom16 MP, f/2.2, 15mm, 122˚ (ultrawide), 1/3.0"", 1.0µm";Dual-LED dual-tone flash, HDR, panorama;"4K@30/60fps, 1080p; gyro-EIS";"20 MP, f/2.2, 26mm (wide), 1/3.4"", 0.8µm";HDR;1080p@30fps;Wi-Fi 802.11 а/b/g/n/ac/6e, dual-band, Wi-Fi Direct;5.2, A2DP, LE;GPS (L1+L5), GLONASS, BDS, GALILEO, QZSS;Yes;No;USB Type-C;Fingerprint (under display, ultrasonic), accelerometer, gyro, proximity, compass;Li-Po 4000 mAh, non-removable;Light Blue, White, Aurora, Pink/Violet;;About 490 EUR;;;;;;;;;;;
https://www.gsmarena.com/meizu_18x-11116.php;https://fdn2.gsmarena.com/vv/bigpic/meizu-18x.jpg;Meizu 18x;Released 2021, September 22;189g, 8mm thickness;Android 11, Flyme 9.2;128GB/256GB storage, no card slot;26;0.3%;96,116 hits;"6.67""";1080x2400 pixels;8/12 GB RAM;Snapdragon 870 5G;4300 mAh Li-Po;GSM 850 / 900 / 1800 / 1900 - SIM 1 & SIM 2;HSDPA 850 / 900 / 1700(AWS) / 1900 / 2100;1, 2, 3, 4, 5, 7, 8, 12, 34, 38, 39, 40, 41;1, 3, 41, 77, 78, 79 SA/NSA;HSPA, LTE-A, 5G;2021, September 22;Available. Released 2021, September 22;165.1 x 76.4 x 8 mm (6.5 x 3.01 x 0.31 in);189 g (6.67 oz);Dual SIM (Nano-SIM, dual stand-by);;OLED, 1B colors, 120Hz, 500 nits (typ), 700 nits (peak);6.67 inches, 107.4 cm(~85.2% screen-to-body ratio);1080 x 2400 pixels, 20:9 ratio (~395 ppi density);;Android 11, Flyme 9.2;Qualcomm SM8250-AC Snapdragon 870 5G (7 nm);Octa-core (1x3.2 GHz Kryo 585 & 3x2.42 GHz Kryo 585 & 4x1.80 GHz Kryo 585);Adreno 650;No;128GB 8GB RAM, 256GB 8GB RAM, 256GB 12GB RAM;UFS 3.1;"64 MP, f/1.8, 26mm (wide), 1/1.97"", 0.7µm, PDAF8 MP, f/2.2, 15mm, 120˚ (ultrawide), 1/4.0"", 1.12µm2 MP, f/2.4, (depth)";LED flash, HDR, panorama;1080p@30fps;13 MP, f/2.0, (wide);HDR;1080p@30fps;Wi-Fi 802.11 а/b/g/n/ac/6e, dual-band, Wi-Fi Direct;5.2, A2DP, LE;GPS, GLONASS, GALILEO, BDS;No;No;USB Type-C;Fingerprint (under display, optical), accelerometer, gyro, proximity, compass;Li-Po 4300 mAh, non-removable;Light Blue, White, Gray;;About 340 EUR;;;;;;;;;;;
https://www.gsmarena.com/meizu_watch-10939.php;https://fdn2.gsmarena.com/vv/bigpic/meizu-watch.jpg;Meizu Watch;Released 2021, June 01;43g, 13mm thickness;Flyme;8GB storage, no card slot;18;0.1%;55,892 hits;"1.78""";368x448 pixels;1 GB RAM;Snapdragon Wear 4100;430 mAh Li-Ion;GSM 900 / 1800;HSDPA 850 / 900 / 2100;1, 3, 5, 7, 8, 20, 38, 39, 40, 41;;HSPA, LTE;2021, May 31;Available. Released 2021, June 01;46 x 38.4 x 13 mm (1.81 x 1.51 x 0.51 in);43 g (1.52 oz);eSIM;Swimproof;AMOLED, 450 nits (typ);1.78 inches;368 x 448 pixels (~326 ppi density);Corning Gorilla Glass;Flyme;Qualcomm Snapdragon Wear 4100 (12 nm);Quad-core 1.7 GHz Cortex-A53;Adreno 504;No;8GB 1GB RAM;eMMC 4.5;No;;;;;;Wi-Fi 802.11 b/g/n;4.2, A2DP;GPS, GLONASS, BDS, QZSS;Yes;No;No;Accelerometer, heart rate, SpO2, gyro, barometer, compass;Li-Ion 430 mAh, non-removable;Black, Azure;;About 190 EUR;Glass front (Gorilla Glass), ceramic back, aluminum frame;;;;;;;;;;
https://www.gsmarena.com/meizu_18_pro-10751.php;https://fdn2.gsmarena.com/vv/bigpic/meizu-18-pro.jpg;Meizu 18 Pro;Released 2021, March 08;189g, 8.1mm thickness;Android 11, Flyme 9;128GB/256GB storage, no card slot;137;0.4%;435,007 hits;"6.7""";1440x3200 pixels;8/12 GB RAM;Snapdragon 888 5G;4500 mAh Li-Po;GSM 850 / 900 / 1800 / 1900 - SIM 1 & SIM 2;HSDPA 850 / 900 / 1700(AWS) / 1900 / 2100;1, 2, 3, 4, 5, 7, 8, 12, 34, 38, 39, 40, 41;1, 3, 41, 77, 78, 79 SA/NSA;HSPA, LTE-A, 5G;2021, March 03;Available. Released 2021, March 08;162.5 x 73 x 8.1 mm (6.40 x 2.87 x 0.32 in);189 g (6.67 oz);Dual SIM (Nano-SIM, dual stand-by);Waterproof;Super AMOLED, 120Hz, HDR10+, 420 nits (typ), 1300 nits (peak);6.7 inches, 107.6 cm(~90.7% screen-to-body ratio);1440 x 3200 pixels, 20:9 ratio (~526 ppi density);Corning Gorilla Glass 6;Android 11, Flyme 9;Qualcomm SM8350 Snapdragon 888 5G (5 nm);Octa-core (1x2.84 GHz Cortex-X1 & 3x2.42 GHz Cortex-A78 & 4x1.80 GHz Cortex-A55);Adreno 660;No;128GB 8GB RAM, 256GB 8GB RAM, 256GB 12GB RAM;UFS 3.1;"50 MP, f/1.9, 23mm (wide), 1/1.31"", 1.2µm, dual pixel PDAF, OIS8 MP f/2.4, 79mm (telephoto), 1/4.4"", 1.0µm, PDAF, 3x optical zoom32 MP, f/2.2, 15mm, 130˚ (ultrawide), 1/2.8"", 0.8µm0.3 MP, TOF 3D, f/1.4, (depth)";LED flash, HDR, panorama;"8K, 4K@30/60fps, 1080p; gyro-EIS";44 MP, f/2.4, (wide), 1/2.65”, 0.7µm;HDR;4K@30fps, 1080p@30fps;Wi-Fi 802.11 а/b/g/n/ac/6e, dual-band, Wi-Fi Direct;5.2, A2DP, LE;GPS (L1+L5), GLONASS, BDS, GALILEO, QZSS, NavIC;Yes;No;USB Type-C;Fingerprint (under display, ultrasonic), accelerometer, gyro, proximity, compass;Li-Po 4500 mAh, non-removable;Blue, White, Gray;;About 640 EUR;;;;;;;;;;;
https://www.gsmarena.com/meizu_18-10766.php;https://fdn2.gsmarena.com/vv/bigpic/meizu-18-.jpg;Meizu 18;Released 2021, March 08;162g, 8.2mm thickness;Android 11, Flyme 9;128GB/256GB storage, no card slot;81;0.2%;265,317 hits;"6.2""";1440x3200 pixels;8/12 GB RAM;Snapdragon 888 5G;4000 mAh Li-Po;GSM 850 / 900 / 1800 / 1900 - SIM 1 & SIM 2;HSDPA 850 / 900 / 1900 / 2100;1, 3, 4, 5, 7, 8, 34, 38, 39, 40, 41;1, 3, 41, 77, 78, 79 SA/NSA;HSPA, LTE-A, 5G;2021, March 03;Available. Released 2021, March 08;152.4 x 69.2 x 8.2 mm (6.00 x 2.72 x 0.32 in);162 g (5.71 oz);Dual SIM (Nano-SIM, dual stand-by);;Super AMOLED, 120Hz, HDR10+, 420 nits (typ), 1300 nits (peak);6.2 inches, 93.8 cm(~88.9% screen-to-body ratio);1440 x 3200 pixels, 20:9 ratio (~563 ppi density);;Android 11, Flyme 9;Qualcomm SM8350 Snapdragon 888 5G (5 nm);Octa-core (1x2.84 GHz Cortex-X1 & 3x2.42 GHz Cortex-A78 & 4x1.80 GHz Cortex-A55);Adreno 660;No;128GB 8GB RAM, 256GB 8GB RAM, 256GB 12GB RAM;UFS 3.1;"64 MP, f/1.6, 26mm (wide), 1/1.73"", 0.8µm, PDAF, OIS8 MP f/2.4, 79mm (telephoto), 1/4.4"", 1.0µm, PDAF, 3x optical zoom16 MP, f/2.2, 15mm, 122˚ (ultrawide), 1/3.0"", 1.0µm";Dual-LED dual-tone flash, HDR, panorama;"4K@30/60fps, 1080p; gyro-EIS";"20 MP, f/2.2, 26mm (wide), 1/3.4"", 0.8µm";HDR;1080p@30fps;Wi-Fi 802.11 а/b/g/n/ac/6e, dual-band, Wi-Fi Direct;5.2, A2DP, LE;GPS (L1+L5), GLONASS, BDS, GALILEO, QZSS, NavIC;Yes;No;USB Type-C;Fingerprint (under display, ultrasonic), accelerometer, gyro, proximity, compass;Li-Po 4000 mAh, non-removable;Light Blue, White, Aurora;;About 560 EUR;;;;;;;;;;;
https://www.gsmarena.com/meizu_17_pro-10232.php;https://fdn2.gsmarena.com/vv/bigpic/meizu-m17-pro1.jpg;Meizu 17 Pro;Released 2020, May 11;219g, 8.5mm thickness;Android 10, Flyme 8.1;128GB/256GB storage, no card slot;120;0.2%;491,256 hits;"6.6""";1080x2340 pixels;8/12 GB RAM;Snapdragon 865 5G;4500 mAh Li-Po;GSM 850 / 900 / 1800 / 1900 - SIM 1 & SIM 2;HSDPA 850 / 900 / 1900 / 2100;1, 3, 5, 7, 8, 34, 38, 39, 40, 41;41, 78, 79 SA/NSA;HSPA, LTE-A, 5G;2020, May 08;Available. Released 2020, May 11;160 x 77.2 x 8.5 mm (6.30 x 3.04 x 0.33 in);219 g (7.72 oz);Dual SIM (Nano-SIM, dual stand-by);;Super AMOLED, 120Hz, HDR10+, 700 nits (typ);6.6 inches, 106.9 cm(~86.6% screen-to-body ratio);1080 x 2340 pixels, 19.5:9 ratio (~390 ppi density);;Android 10, Flyme 8.1;Qualcomm SM8250 Snapdragon 865 5G (7 nm+);Octa-core (1x2.84 GHz Cortex-A77 & 3x2.42 GHz Cortex-A77 & 4x1.80 GHz Cortex-A55);Adreno 650;No;128GB 8GB RAM, 256GB 12GB RAM;UFS 3.1;"64 MP, f/1.8, 26mm (wide), 1/1.72"", 0.8µm, PDAF8 MP, f/2.4, 79mm (telephoto), 1.0µm, PDAF32 MP, f/2.2, 15mm, 129˚ (ultrawide), 1/2.8"", 0.8µm0.3 MP, TOF 3D, f/1.4, (depth)";5-LED dual-tone flash, Auto-HDR, panorama;"4K@30/60fps, 1080p; gyro-EIS";20 MP, f/2.2, (wide), 0.8µm;HDR;1080p@30fps;Wi-Fi 802.11 а/b/g/n/ac/6, dual-band, Wi-Fi Direct;5.1, A2DP, LE;GPS (L1+L5), GLONASS, BDS;Yes;No;USB Type-C 2.0;Fingerprint (under display, optical), accelerometer, gyro, proximity, compass;Li-Po 4500 mAh, non-removable;Mint, Black, White;;About 560 EUR;Glass front, ceramic back, ceramic frame;;;;;;;;;;
https://www.gsmarena.com/meizu_17-10129.php;https://fdn2.gsmarena.com/vv/bigpic/meizu-m17.jpg;Meizu 17;Released 2020, May 11;199g, 8.5mm thickness;Android 10, Flyme 8.1;128GB/256GB storage, no card slot;96;0.2%;416,530 hits;"6.6""";1080x2340 pixels;8 GB RAM;Snapdragon 865 5G;4500 mAh Li-Po;GSM 850 / 900 / 1800 / 1900 - SIM 1 & SIM 2;HSDPA 850 / 900 / 1900 / 2100;1, 3, 5, 7, 8, 34, 38, 39, 40, 41;41, 78, 79 SA/NSA;HSPA, LTE-A, 5G;2020, May 08;Available. Released 2020, May 11;160 x 77.2 x 8.5 mm (6.30 x 3.04 x 0.33 in);199 g (7.02 oz);Dual SIM (Nano-SIM, dual stand-by);;Super AMOLED, 120Hz, HDR10+, 700 nits (typ);6.6 inches, 106.9 cm(~86.6% screen-to-body ratio);1080 x 2340 pixels, 19.5:9 ratio (~390 ppi density);;Android 10, Flyme 8.1;Qualcomm SM8250 Snapdragon 865 5G (7 nm+);Octa-core (1x2.84 GHz Cortex-A77 & 3x2.42 GHz Cortex-A77 & 4x1.80 GHz Cortex-A55);Adreno 650;No;128GB 8GB RAM, 256GB 8GB RAM;UFS 3.1;"64 MP, f/1.8, 26mm (wide), 1/1.72"", 0.8µm, PDAF12 MP, f/1.9, 24mm (wide), 1/2.55"", 1.4µm, PDAF8 MP, f/2.2, 16mm, 118˚ (ultrawide), 1/4.0"", 1.12µm5 MP, f/1.9, (macro)";5-LED dual-tone flash, Auto-HDR, panorama;"4K@30/60fps, 1080p; gyro-EIS";20 MP, f/2.2, (wide), 0.8µm;HDR;1080p@30fps;Wi-Fi 802.11 а/b/g/n/ac/6, dual-band, Wi-Fi Direct;5.1, A2DP, LE;GPS (L1+L5), GLONASS, BDS;Yes;No;USB Type-C 2.0;Fingerprint (under display, optical), accelerometer, gyro, proximity, compass;Li-Po 4500 mAh, non-removable;Green, Gray, Aurora White;;About 530 EUR;;;;;;;;;;;
https://www.gsmarena.com/meizu_16t-9926.php;https://fdn2.gsmarena.com/vv/bigpic/meizu-16t.jpg;Meizu 16T;Released 2019, October;183g, 8.3mm thickness;Android 9.0, Flyme 8;128GB/256GB storage, no card slot;99;0.1%;460,764 hits;"6.5""";1080x2232 pixels;6/8 GB RAM;Snapdragon 855;4500 mAh Li-Po;GSM 850 / 900 / 1800 / 1900 - SIM 1 & SIM 2;HSDPA 850 / 900 / 1700(AWS) / 1900 / 2100;1, 3, 4, 5, 7, 8, 20, 34, 38, 39, 40, 41;;HSPA 42.2/5.76 Mbps, LTE-A (6CA) Cat20 2000/150 Mbps;2019, October;Available. Released 2019, October;159.6 x 78.2 x 8.3 mm (6.28 x 3.08 x 0.33 in);183 g (6.46 oz);Dual SIM (Nano-SIM, dual stand-by);;Super AMOLED, 430 nits (typ);6.5 inches, 106.3 cm(~85.2% screen-to-body ratio);1080 x 2232 pixels, 18.5:9 ratio (~382 ppi density);;Android 9.0 (Pie), Flyme 8;Qualcomm SM8150 Snapdragon 855 (7 nm);Octa-core (1x2.84 GHz Kryo 485 & 3x2.42 GHz Kryo 485 & 4x1.78 GHz Kryo 485);Adreno 640;No;128GB 6GB RAM, 128GB 8GB RAM, 256GB 8GB RAM;UFS 3.0;"12 MP, f/1.9, 24mm (wide), 1/2.55"", 1.4µm, PDAF8 MP, f/2.2, 15mm (ultrawide), 1/4.0"", 1.12µm, PDAF5 MP, f/1.9, 23mm (wide), 1/5.0"", 1.12µm, PDAF";LED flash, HDR, panorama;4K@30/60fps;"16 MP, f/2.2, 26mm (wide), 1/3.06"", 1.0µm";HDR;1080p@30fps;Wi-Fi 802.11 а/b/g/n/ac, dual-band, Wi-Fi Direct;5.0, A2DP, LE;GPS, GLONASS, BDS;No;No;USB Type-C 2.0;Fingerprint (under display, optical), accelerometer, gyro, proximity, compass;Li-Po 4500 mAh, non-removable;Orange, Blue, Green;;About 250 EUR;;;;;;;;;;;
https://www.gsmarena.com/meizu_m10-9953.php;https://fdn2.gsmarena.com/vv/bigpic/meizu-m10.jpg;Meizu M10;Released 2019, October;184g, 8.5mm thickness;Android 9.0, Flyme 8;32GB storage, no card slot;11;0.1%;192,369 hits;"6.5""";720x1600 pixels;2/3 GB RAM;Helio P25;4000 mAh Li-Po;GSM 850 / 900 / 1800 / 1900 - SIM 1 & SIM 2;HSDPA 850 / 900 / 1900 / 2100 - Global;1, 2, 3, 5, 7, 8, 20, 40 - Global;;HSPA, LTE-A;2019, September;Available. Released 2019, October;164.9 x 76.3 x 8.5 mm (6.49 x 3.00 x 0.33 in);184 g (6.49 oz);Dual SIM (Nano-SIM, dual stand-by);;IPS LCD, 450 nits (typ);6.5 inches, 102.0 cm(~81.1% screen-to-body ratio);720 x 1600 pixels, 20:9 ratio (~270 ppi density);;Android 9.0 (Pie), Flyme 8;Mediatek MT6757T Helio P25 (16 nm);Octa-core (4x2.5 GHz Cortex-A53 & 4x1.6 GHz Cortex-A53);Mali-T880MP2;No;32GB 2GB RAM, 32GB 3GB RAM;;13 MP, f/2.0, (wide), PDAF2 MP, f/2.22 MP, f/2.2;LED flash, HDR, panorama;1080p@30fps;8 MP, f/2.0;HDR;1080p@30fps;Wi-Fi 802.11 b/g/n;4.2, A2DP, LE;GPS, GLONASS, BDS;No;No;microUSB 2.0;Fingerprint (rear-mounted), accelerometer, proximity, compass;Li-Po 4000 mAh, non-removable;Phantom Black, Purplish Red, Sea Blue;;About 180 EUR;;;;;;;;;;;
https://www.gsmarena.com/meizu_16s_pro-9792.php;https://fdn2.gsmarena.com/vv/bigpic/meizu-16s-pro.jpg;Meizu 16s Pro;Released 2019, August;166g, 7.7mm thickness;Android 9.0, Flyme 8;128GB/256GB storage, no card slot;99;0.1%;439,886 hits;"6.2""";1080x2232 pixels;6/8 GB RAM;Snapdragon 855+;3600 mAh Li-Po;GSM 850 / 900 / 1800 / 1900 - SIM 1 & SIM 2;HSDPA 850 / 900 / 1900 / 2100;1, 3, 5, 8, 34, 38, 39, 40, 41;;HSPA 42.2/5.76 Mbps, LTE-A (5CA) Cat18 1200/150 Mbps;2019, August;Available. Released 2019, August;151.9 x 73.4 x 7.7 mm (5.98 x 2.89 x 0.30 in);166 g (5.86 oz);Dual SIM (Nano-SIM, dual stand-by);;Super AMOLED;6.2 inches, 95.8 cm(~85.9% screen-to-body ratio);1080 x 2232 pixels, 18.5:9 ratio (~403 ppi density);;Android 9.0 (Pie), Flyme 8;Qualcomm SM8150 Snapdragon 855+ (7 nm);Octa-core (1x2.96 GHz Kryo 485 & 3x2.42 GHz Kryo 485 & 4x1.78 GHz Kryo 485);Adreno 640 (700 MHz);No;128GB 6GB RAM, 128GB 8GB RAM, 256GB 8GB RAM;UFS 3.0;"48 MP, f/1.7, (wide), 1/2.0"", 0.8µm, PDAF, OIS20MP, f/2.6, (telephoto), 1/2.8"", 1.0µm, PDAF16 MP, f/2.2, 16mm (ultrawide), 1/3.6"", 1.0µm";Six-LED dual-tone flash, Auto-HDR, panorama;4K@30/60fps, 1080p@30fps (gyro-EIS);20MP, f/2.2;HDR;1080p@30fps;Wi-Fi 802.11 а/b/g/n/ac, dual-band, Wi-Fi Direct;5.0, A2DP, LE;GPS (L1+L5), GLONASS, BDS, GALILEO;Yes;No;USB Type-C 2.0;Fingerprint (under display, optical), accelerometer, gyro, proximity, compass;Li-Po 3600 mAh, non-removable;Twilight Forest, Dream Unicorn, Black Mirror, White story;;About 340 EUR;;;;;;;;;;;
https://www.gsmarena.com/meizu_16xs-9724.php;https://fdn2.gsmarena.com/vv/bigpic/meizu-16xs.jpg;Meizu 16Xs;Released 2019, June;165g, 8.3mm thickness;Android 9.0, Flyme;64GB/128GB storage, no card slot;66;0.1%;415,145 hits;"6.2""";1080x2232 pixels;6 GB RAM;Snapdragon 675;4000 mAh Li-Po;GSM 850 / 900 / 1800 / 1900 - SIM 1 & SIM 2;HSDPA 850 / 900 / 2100;1, 3, 5, 8, 34, 38, 39, 40, 41;;HSPA, LTE-A;2019, May;Available. Released 2019, June;152 x 74.4 x 8.3 mm (5.98 x 2.93 x 0.33 in);165 g (5.82 oz);Dual SIM (Nano-SIM, dual stand-by);;Super AMOLED;6.2 inches, 95.8 cm(~84.7% screen-to-body ratio);1080 x 2232 pixels, 18.5:9 ratio (~403 ppi density);;Android 9.0 (Pie), Flyme;Qualcomm SDM675 Snapdragon 675 (11 nm);Octa-core (2x2.0 GHz Kryo 460 Gold & 6x1.7 GHz Kryo 460 Silver);Adreno 612;No;64GB 6GB RAM, 128GB 6GB RAM;;"48 MP, f/1.7, 13mm (ultrawide), 1/2.0"", 0.8µm, PDAF8 MP, f/2.25 MP, f/1.9, (depth)";LED flash, HDR, panorama;4K@30fps, 1080p@30fps (gyro-EIS);"16 MP, f/2.2, 26mm (wide), 1/3.06"", 1.0µm";HDR;1080p@30fps;Wi-Fi 802.11 а/b/g/n/ac, dual-band, Wi-Fi Direct;5.0, A2DP, LE;GPS, GLONASS, BDS;No;No;USB Type-C 2.0;Fingerprint (under display, optical), accelerometer, gyro, proximity, compass;Li-Po 4000 mAh, non-removable;Carbon Black, Pearl White, Phantom Blue;;About 220 EUR;;;;;;;;;;;
https://www.gsmarena.com/meizu_16s-9424.php;https://fdn2.gsmarena.com/vv/bigpic/meizu-16s.jpg;Meizu 16s;Released 2019, April;165g, 7.6mm thickness;Android 9.0, Flyme 7.3;128GB/256GB storage, no card slot;129;0.1%;595,120 hits;"6.2""";1080x2232 pixels;6/8 GB RAM;Snapdragon 855;3600 mAh Li-Po;GSM 850 / 900 / 1800 / 1900 - SIM 1 & SIM 2;HSDPA 850 / 900 / 1700(AWS) / 1900 / 2100;1, 2, 3, 4, 5, 7, 8, 20, 40;;HSPA 42.2/5.76 Mbps, LTE-A (5CA) Cat18 1200/150 Mbps;2019, April;Available. Released 2019, April;151.9 x 73.4 x 7.6 mm (5.98 x 2.89 x 0.30 in);165 g (5.82 oz);Dual SIM (Nano-SIM, dual stand-by);;AMOLED;6.2 inches, 97.2 cm(~87.2% screen-to-body ratio);1080 x 2232 pixels, 18.5:9 ratio (~400 ppi density);;Android 9.0 (Pie), Flyme 7.3;Qualcomm SM8150 Snapdragon 855 (7 nm);Octa-core (1x2.84 GHz Kryo 485 & 3x2.42 GHz Kryo 485 & 4x1.78 GHz Kryo 485);Adreno 640;No;128GB 6GB RAM, 128GB 8GB RAM, 256GB 8GB RAM;UFS 2.1;"48 MP, f/1.7, (wide), 1/2.0"", 0.8µm, PDAF, OIS20MP, f/2.6, (telephoto), PDAF";Six-LED dual-tone flash, Auto-HDR, panorama;4K@30fps, 1080p@30fps (gyro-EIS);20MP, f/2.2;HDR;1080p@30fps;Wi-Fi 802.11 а/b/g/n/ac, dual-band, Wi-Fi Direct;5.0, A2DP, LE;GPS, BDS;Yes;No;USB Type-C 2.0;Fingerprint (under display, optical), accelerometer, gyro, proximity, compass;Li-Po 3600 mAh, non-removable;Carbon Black, Pearl White, Phantom Blue;;About 420 EUR;;;;;;;;;;;
https://www.gsmarena.com/meizu_note_9-9555.php;https://fdn2.gsmarena.com/vv/bigpic/meizu-note-9.jpg;Meizu Note 9;Released 2019, March;170g, 8.7mm thickness;Android 9.0, Flyme 7.2;64GB/128GB storage, no card slot;84;0.1%;547,583 hits;"6.2""";1080x2244 pixels;4/6 GB RAM;Snapdragon 675;4000 mAh Li-Ion;GSM 850 / 900 / 1800 / 1900 - SIM 1 & SIM 2;HSDPA 850 / 900 / 2100;1, 3, 5, 8, 34, 38, 39, 40, 41;;HSPA, LTE-A;2019, March;Available. Released 2019, March;153.1 x 74.4 x 8.7 mm (6.03 x 2.93 x 0.34 in);170 g (6.00 oz);Dual SIM (Nano-SIM, dual stand-by);;IPS LCD;6.2 inches, 96.4 cm(~84.7% screen-to-body ratio);1080 x 2244 pixels, 18.7:9 ratio (~403 ppi density);;Android 9.0 (Pie), Flyme 7.2;Qualcomm SDM675 Snapdragon 675 (11 nm);Octa-core (2x2.0 GHz Kryo 460 Gold & 6x1.7 GHz Kryo 460 Silver);Adreno 612;No;64GB 4GB RAM, 64GB 6GB RAM, 128GB 6GB RAM;;"48 MP, f/1.7, (wide), 1/2.0"", 0.8µm, PDAF5 MP, f/2.4, (depth)";Dual-LED dual-tone flash, panorama;1080p@30fps;"20 MP, f/2.0, (wide), 1/2.8"", 1.0µm";;1080p@30fps;Wi-Fi 802.11 a/b/g/n/ac, dual-band, Wi-Fi Direct;5.0, A2DP, LE;GPS, GLONASS, BDS;No;No;USB Type-C 2.0;Fingerprint (rear-mounted), accelerometer, gyro, proximity, compass;Li-Ion 4000 mAh, non-removable;Black, White, Starlight Blue;;About 200 EUR;;;;;;;;;;;
https://www.gsmarena.com/meizu_zero-9528.php;https://fdn2.gsmarena.com/vv/bigpic/meizu-zero-.jpg;Meizu Zero;Cancelled;;Android 9.0;64GB/128GB storage, no card slot;65;0.2%;392,598 hits;"5.99""";1080x2340 pixels;4/6 GB RAM;Snapdragon 845;;GSM 850 / 900 / 1800 / 1900;HSDPA 850 / 900 / 2100;1, 3, 5, 8, 34, 38, 39, 40, 41;;HSPA 42.2/5.76 Mbps, LTE-A (4CA) Cat16 1024/150 Mbps;2019, January;Cancelled;-;-;eSIM;IP68;AMOLED;5.99 inches, 88.1 cm;1080 x 2340 pixels, 19.5:9 ratio (~430 ppi density);;Android 9.0 (Pie);Qualcomm SDM845 Snapdragon 845 (10 nm);Octa-core (4x2.8 GHz Kryo 385 Gold & 4x1.8 GHz Kryo 385 Silver);Adreno 630;No;64GB 4GB RAM, 64GB 6GB RAM, 128GB 4GB RAM, 128GB 6GB RAM;;"12 MP, f/1.8, 27mm (wide), 1/2.3"", 1.55µm, PDAF20 MP, PDAF";Dual-LED dual-tone flash, panorama;4K@30fps, 1080p@30fps;"20 MP, f/2.0, (wide), 1/2.8"", 1.0µm";;1080p@30fps;Wi-Fi 802.11 a/b/g/n/ac, dual-band, Wi-Fi Direct;5.0, A2DP, LE;GPS, GLONASS;Yes;No;No;Fingerprint (under display, optical), accelerometer, gyro, proximity, compass;Li-Ion, non-removable;Black, White;;;Glass front, ceramic back, ceramic frame;;;;;;;;;;
https://www.gsmarena.com/meizu_c9_pro-9453.php;https://fdn2.gsmarena.com/vv/bigpic/meizu-c9-pro.jpg;Meizu C9 Pro;Released 2018, December;150g, 9.7mm thickness;Android 8.0, Flyme UI;32GB storage, microSDXC;8;0.1%;224,027 hits;"5.45""";720x1440 pixels;3 GB RAM;Unisoc SC9832E;3000 mAh Li-Ion;GSM 850 / 900 / 1800 / 1900 - SIM 1 & SIM 2;HSDPA 850 / 900 / 1900 / 2100;1, 2, 3, 5, 7, 8, 40;;HSPA, LTE-A;2018, December;Available. Released 2018, December;146.2 x 71.2 x 9.7 mm (5.76 x 2.80 x 0.38 in);150 g (5.29 oz);Dual SIM (Nano-SIM, dual stand-by);;IGZO IPS LCD;5.45 inches, 76.7 cm(~73.6% screen-to-body ratio);720 x 1440 pixels, 18:9 ratio (~295 ppi density);;Android 8.0 (Oreo), Flyme UI;Unisoc SC9832E;Quad-core 1.3 GHz Cortex-A53;Mali-820MP1;microSDXC;32GB 3GB RAM;;"13 MP, f/2.2, 1/3.1"", 1.12µm, AF";LED flash, panorama;1080p@30fps;"13 MP, f/2.0, (wide), 1/3.1"", 1.12µm";;;Wi-Fi 802.11 b/g/n;4.1, A2DP, LE;GPS, GLONASS;No;No;microUSB 2.0;Accelerometer, proximity, compass;Li-Ion 3000 mAh, removable;Black, Gold;;About 110 EUR;;;;;;;;;;;
https://www.gsmarena.com/meizu_c9-9454.php;https://fdn2.gsmarena.com/vv/bigpic/meizu-c9.jpg;Meizu C9;Released 2018, December;150g, 9.7mm thickness;Android 8.0, Flyme UI;16GB storage, microSDXC;15;0.2%;322,022 hits;"5.45""";720x1440 pixels;2 GB RAM;Unisoc SC9832E;3000 mAh Li-Ion;GSM 850 / 900 / 1800 / 1900 - SIM 1 & SIM 2;HSDPA 850 / 900 / 1900 / 2100;1, 2, 3, 5, 8, 40;;HSPA, LTE-A;2018, December;Available. Released 2018, December;146.2 x 71.2 x 9.7 mm (5.76 x 2.80 x 0.38 in);150 g (5.29 oz);Dual SIM (Nano-SIM, dual stand-by);;IGZO IPS LCD;5.45 inches, 76.7 cm(~73.6% screen-to-body ratio);720 x 1440 pixels, 18:9 ratio (~295 ppi density);;Android 8.0 (Oreo), Flyme UI;Unisoc SC9832E;Quad-core 1.3 GHz Cortex-A53;Mali-820MP1;microSDXC (dedicated slot);16GB 2GB RAM;;"13 MP, f/2.2, 1/3.1"", 1.12µm, AF";LED flash, panorama;1080p@30fps;"8 MP, f/2.2, 1/4"", 1.12µm";;;Wi-Fi 802.11 b/g/n;4.1, A2DP, LE;GPS, GLONASS;No;No;microUSB 2.0;Accelerometer, proximity, compass;Li-Ion 3000 mAh, removable;Black, Blue;C9;About 90 EUR;;;;;;;;;;;
https://www.gsmarena.com/meizu_note_8-9384.php;https://fdn2.gsmarena.com/vv/bigpic/meizu-note-8-.jpg;Meizu Note 8;Released 2018, November;168g, 7.9mm thickness;Android 8.0, Flyme 7.3;64GB storage, no card slot;40;0.2%;394,425 hits;"6.0""";1080x2160 pixels;4 GB RAM;Snapdragon 632;3600 mAh Li-Ion;GSM 850 / 900 / 1800 / 1900 - SIM 1 & SIM 2;HSDPA 850 / 900 / 2100 - China;1, 3, 5, 38, 39, 40, 41 - China;;HSPA 42.2/5.76 Mbps, LTE Cat4 150/50 Mbps;2018, October;Available. Released 2018, November;153.6 x 75.5 x 7.9 mm (6.05 x 2.97 x 0.31 in);168 g (5.93 oz);Dual SIM (Nano-SIM, dual stand-by);;IPS LCD;6.0 inches, 92.9 cm(~80.1% screen-to-body ratio);1080 x 2160 pixels, 18:9 ratio (~402 ppi density);;Android 8.0 (Oreo), Flyme 7.3;Qualcomm SDM632 Snapdragon 632 (14 nm);Octa-core (4x1.8 GHz Kryo 250 Gold & 4x1.8 GHz Kryo 250 Silver);Adreno 506;No;64GB 4GB RAM;eMMC 5.1;"12 MP, f/1.9, 1/2.55"", 1.4µm, Dual Pixel PDAF5 MP, f/2.4, (depth)";Dual-LED dual-tone flash, panorama;1080p@30fps;8 MP, f/2.0;;;Wi-Fi 802.11 а/b/g/n, dual-band, Wi-Fi Direct;4.2, A2DP, LE;GPS, GLONASS, BDS;No;No;microUSB 2.0;Fingerprint (rear-mounted), accelerometer, gyro, proximity, compass;Li-Ion 3600 mAh, non-removable;Black, Blue, Red, Pink;;About 200 EUR;;;;;;;;;;;
https://www.gsmarena.com/meizu_x8-9341.php;https://fdn2.gsmarena.com/vv/bigpic/meizu-x8.jpg;Meizu X8;Released 2018, October;160g, 7.8mm thickness;Android 8.0, Flyme UI;64GB/128GB storage, no card slot;75;0.1%;574,932 hits;"6.2""";1080x2220 pixels;4/6 GB RAM;Snapdragon 710;3210 mAh Li-Ion;GSM 850 / 900 / 1800 / 1900 - SIM 1 & SIM 2;HSDPA 850 / 900 / 2100 - China;1, 3, 5, 8, 34, 38, 39, 40, 41 - China;;HSPA 42.2/5.76 Mbps, LTE-A Cat15 800/150 Mbps;2018, September;Available. Released 2018, October;151.2 x 74.6 x 7.8 mm (5.95 x 2.94 x 0.31 in);160 g (5.64 oz);Dual SIM (Nano-SIM, dual stand-by);;IPS LCD;6.2 inches, 97.6 cm(~86.5% screen-to-body ratio);1080 x 2220 pixels, 18.5:9 ratio (~398 ppi density);;Android 8.0 (Oreo), Flyme UI;Qualcomm SDM710 Snapdragon 710 (10 nm);Octa-core (2x2.2 GHz 360 Gold & 6x1.7 GHz Kryo 360 Silver);Adreno 616;No;64GB 4GB RAM, 64GB 6GB RAM, 128GB 6GB RAM;;"12 MP, f/1.9, 1/2.55"", 1.4µm, Dual Pixel PDAF5 MP";Dual-LED dual-tone flash, panorama;1080p@30fps;"20 MP, f/2.0, (wide), 1/2.8"", 1.0µm";;;Wi-Fi 802.11 b/g/n/ac, dual-band, Wi-Fi Direct;5.0, A2DP, LE;GPS, GLONASS;No;No;USB Type-C 2.0;Fingerprint (rear-mounted), accelerometer, proximity, compass;Li-Ion 3210 mAh, non-removable;Black, Blue, White;X8;About 200 EUR;;;;;;;;;;;
https://www.gsmarena.com/meizu_v8_pro-9338.php;https://fdn2.gsmarena.com/vv/bigpic/meizu-v8-pro.jpg;Meizu V8 Pro;Released 2018, September;159g, 8.1mm thickness;Android 8.0, Flyme UI;64GB storage, microSDXC;15;0.1%;169,226 hits;"5.7""";720x1440 pixels;4 GB RAM;Helio P22;3100 mAh Li-Ion;GSM 850 / 900 / 1800 / 1900 - SIM 1 & SIM 2;HSDPA 850 / 900 / 2100 - China;1, 3, 5, 8, 34, 38, 39, 40, 41 - China;;HSPA 42.2/11.5 Mbps, LTE-A (2CA) Cat6 300/50 Mbps;2018, September;Available. Released 2018, September;147.5 x 72.7 x 8.1 mm (5.81 x 2.86 x 0.32 in);159 g (5.61 oz);Dual SIM (Nano-SIM, dual stand-by);;IPS LCD;5.7 inches, 83.8 cm(~78.2% screen-to-body ratio);720 x 1440 pixels, 18:9 ratio (~282 ppi density);;Android 8.0 (Oreo), Flyme UI;Mediatek MT6762 Helio P22 (12 nm);Octa-core 2.0 GHz Cortex-A53;PowerVR GE8320;microSDXC;64GB 4GB RAM;eMMC 5.1;12 MP, f/2.2, AF5 MP, f/2.2;Dual-LED dual-tone flash, panorama;1080p@30fps;5 MP, f/1.9;;;Wi-Fi 802.11 a/b/g/n, dual-band, Wi-Fi Direct;5.0, A2DP, LE;GPS, GLONASS;No;No;microUSB 2.0;Fingerprint (rear-mounted), accelerometer, proximity, compass;Li-Ion 3100 mAh, non-removable;Black, Gold;;About 150 EUR;;;;;;;;;;;
https://www.gsmarena.com/meizu_v8-9339.php;https://fdn2.gsmarena.com/vv/bigpic/meizu-v8.jpg;Meizu V8;Released 2018, September;145g, 8.4mm thickness;Android 8.0, Flyme UI;32GB storage, microSDXC;6;0.1%;127,409 hits;"5.7""";720x1440 pixels;3 GB RAM;MT6739;3200 mAh Li-Ion;GSM 850 / 900 / 1800 / 1900 - SIM 1 & SIM 2;HSDPA 850 / 900 / 2100 - China;1, 3, 5, 7, 8, 38, 39, 40, 41 - China;;HSPA 42.2/5.76 Mbps, LTE Cat4 150/50 Mbps;2018, September;Available. Released 2018, September;148 x 73 x 8.4 mm (5.83 x 2.87 x 0.33 in);145 g (5.11 oz);Dual SIM (Nano-SIM, dual stand-by);;IPS LCD;5.7 inches, 83.8 cm(~77.6% screen-to-body ratio);720 x 1440 pixels, 18:9 ratio (~282 ppi density);;Android 8.0 (Oreo), Flyme UI;Mediatek MT6739 (28 nm);Quad-core 1.5 GHz Cortex-A53;PowerVR GE8100;microSDXC;32GB 3GB RAM;eMMC 5.1;13 MP, f/2.2, AF;Dual-LED dual-tone flash, panorama;1080p@30fps;5 MP, f/1.9;;;Wi-Fi 802.11 b/g/n, Wi-Fi Direct;4.2, A2DP, LE;GPS, GLONASS;No;No;microUSB 2.0;Fingerprint (rear-mounted), accelerometer, proximity, compass;Li-Ion 3200 mAh, non-removable;Black, White;;About 100 EUR;;;;;;;;;;;
https://www.gsmarena.com/meizu_16x-9337.php;https://fdn2.gsmarena.com/vv/bigpic/meizu-m16x-.jpg;Meizu 16X;Released 2018, September;154g, 7.5mm thickness;Android 8.0, Flyme UI;64GB/128GB storage, no card slot;51;0.1%;289,089 hits;"6.0""";1080x2160 pixels;6 GB RAM;Snapdragon 710;3100 mAh Li-Ion;GSM 850 / 900 / 1800 / 1900 - SIM 1 & SIM 2;HSDPA 850 / 900 / 1900 / 2100 - China;1, 3, 4, 5, 8, 34, 38, 39, 40, 41 - China;;HSPA 42.2/5.76 Mbps, LTE-A Cat15 800/150 Mbps;2018, September;Available. Released 2018, September;151 x 73.5 x 7.5 mm (5.94 x 2.89 x 0.30 in);154 g (5.43 oz);Dual SIM (Nano-SIM, dual stand-by);;Super AMOLED;6.0 inches, 92.9 cm(~83.7% screen-to-body ratio);1080 x 2160 pixels, 18:9 ratio (~402 ppi density);;Android 8.0 (Oreo), Flyme UI;Qualcomm SDM710 Snapdragon 710 (10 nm);Octa-core (2x2.2 GHz 360 Gold & 6x1.7 GHz Kryo 360 Silver);Adreno 616;No;64GB 6GB RAM, 128GB 6GB RAM;;"12 MP, f/1.8, 1/2.3"", 1.55µm, dual pixel PDAF, Laser AF, 4-axis OIS20 MP, f/2.6, 1/2.6"", 1.0µm, AF";Six-LED dual-tone flash, Auto-HDR, panorama;4K@30fps, 1080p@30fps (gyro-EIS);"20 MP, f/2.0, (wide), 1/2.8"", 1.0µm";;1080p@30fps;Wi-Fi 802.11 а/b/g/n/ac, dual-band, Wi-Fi Direct;5.0, A2DP, LE;GPS, GLONASS, BDS;No;No;USB Type-C 2.0;Fingerprint (under display, optical), accelerometer, gyro, proximity, compass;Li-Ion 3100 mAh, non-removable;Black, White, Gold;;About 300 EUR;;;;;;;;;;;
https://www.gsmarena.com/meizu_16-9280.php;https://fdn2.gsmarena.com/vv/bigpic/meizu-16.jpg;Meizu 16;Released 2018, August;152g, 7.3mm thickness;Android 8.1, Flyme UI;64GB/128GB storage, no card slot;138;0.2%;822,452 hits;"6.0""";1080x2160 pixels;6/8 GB RAM;Snapdragon 845;3010 mAh Li-Ion;GSM 850 / 900 / 1800 / 1900 - SIM 1 & SIM 2;HSDPA 850 / 900 / 1700(AWS) / 1900 / 2100 - Global;1, 2, 3, 4, 5, 7, 8, 20, 40 - Global;;HSPA 42.2/5.76 Mbps, LTE-A (4CA) Cat16 1024/150 Mbps;2018, August;Available. Released 2018, August;150.5 x 73.2 x 7.3 mm (5.93 x 2.88 x 0.29 in);152 g (5.36 oz);Dual SIM (Nano-SIM, dual stand-by);;Super AMOLED;6.0 inches, 92.9 cm(~84.3% screen-to-body ratio);1080 x 2160 pixels, 18:9 ratio (~402 ppi density);;Android 8.1 (Oreo), Flyme UI;Qualcomm SDM845 Snapdragon 845 (10 nm);Octa-core (4x2.8 GHz Kryo 385 Gold & 4x1.7 GHz Kryo 385 Silver);Adreno 630;No;64GB 6GB RAM, 128GB 8GB RAM;UFS 2.1;"12 MP, f/1.8, 25mm (wide), 1/2.3"", 1.55µm, dual pixel PDAF, Laser AF, 4-axis OIS20 MP, f/2.6, 1/2.6"", 1.0µm, Laser AF";Six-LED dual-tone flash, Auto-HDR, panorama;4K@30fps, 1080p@30fps (gyro-EIS);"20 MP, f/2.0, 27mm (wide), 1/2.8"", 1.0µm";;1080p@30fps;Wi-Fi 802.11 а/b/g/n/ac, dual-band, Wi-Fi Direct;5.0, A2DP, LE;GPS, GLONASS, BDS, GALILEO, SBAS, QZSS;No;No;USB Type-C 2.0;Fingerprint (under display, optical), accelerometer, gyro, proximity, compass;Li-Ion 3010 mAh, non-removable;Black, White;;About 410 EUR;;;;;;;;;;;
https://www.gsmarena.com/meizu_16_plus-9279.php;https://fdn2.gsmarena.com/vv/bigpic/meizu-16-plus.jpg;Meizu 16 Plus;Released 2018, August;182g, 7.3mm thickness;Android 8.0, Flyme UI;128GB/256GB storage, no card slot;122;0.1%;542,063 hits;"6.5""";1080x2160 pixels;6/8 GB RAM;Snapdragon 845;3570 mAh Li-Ion;GSM 850 / 900 / 1800 / 1900 - SIM 1 & SIM 2;HSDPA 850 / 900 / 1700(AWS) / 1900 / 2100 - Global;1, 2, 3, 4, 5, 7, 8, 20, 40 - Global;;HSPA 42.2/5.76 Mbps, LTE-A (4CA) Cat16 1024/150 Mbps;2018, August;Available. Released 2018, August;160.4 x 78.2 x 7.3 mm (6.31 x 3.08 x 0.29 in);182 g (6.42 oz);Dual SIM (Nano-SIM, dual stand-by);;Super AMOLED;6.5 inches, 107.9 cm(~86.0% screen-to-body ratio);1080 x 2160 pixels, 18:9 ratio (~374 ppi density);;Android 8.0 (Oreo), Flyme UI;Qualcomm SDM845 Snapdragon 845 (10 nm);Octa-core (4x2.8 GHz Kryo 385 Gold & 4x1.7 GHz Kryo 385 Silver);Adreno 630;No;128GB 6GB RAM, 128GB 8GB RAM, 256GB 8GB RAM;;"12 MP, f/1.8, 1/2.3"", 1.55µm, dual pixel PDAF, Laser AF, 4-axis OIS20 MP, f/2.6, 1/2.6"", 1.0µm, AF";Six-LED dual-tone flash, Auto-HDR, panorama;4K@30fps, 1080p@30fps (gyro-EIS);"20 MP, f/2.0, (wide), 1/2.8"", 1.0µm";;1080p@30fps;Wi-Fi 802.11 а/b/g/n/ac, dual-band, Wi-Fi Direct;5.0, A2DP, LE;GPS, GLONASS, BDS, GALILEO, SBAS, QZSS;No;No;USB Type-C 2.0;Fingerprint (under display, optical), accelerometer, gyro, proximity, compass;Li-Ion 3570 mAh, non-removable;Black, White;;About 480 EUR;;;;;;;;;;;
https://www.gsmarena.com/meizu_m6t-9213.php;https://fdn2.gsmarena.com/vv/bigpic/meizu-m6t.jpg;Meizu M6T;Released 2018, June;145g, 8.4mm thickness;Android 7.0, Flyme UI;32GB/64GB storage, microSDXC;16;0.3%;458,198 hits;"5.7""";720x1440 pixels;3/4 GB RAM;MT6750;3300 mAh Li-Ion;GSM 850 / 900 / 1800 / 1900 - SIM 1 & SIM 2;HSDPA 850 / 900 / 1900 / 2100;1, 3, 8, 34, 38, 39, 40, 41;;HSPA 42.2/5.76 Mbps, LTE Cat4 150/50 Mbps;2018, May;Available. Released 2018, June;152.3 x 73 x 8.4 mm (6.00 x 2.87 x 0.33 in);145 g (5.11 oz);Hybrid Dual SIM (Nano-SIM, dual stand-by);;IPS LCD;5.7 inches, 83.8 cm(~75.4% screen-to-body ratio);720 x 1440 pixels, 18:9 ratio (~282 ppi density);;Android 7.0 (Nougat), Flyme UI;Mediatek MT6750 (28 nm);Octa-core (4x1.5 GHz Cortex-A53 & 4x1.0 GHz Cortex-A53);Mali-T860MP2;microSDXC (uses shared SIM slot);32GB 3GB RAM, 32GB 4GB RAM, 64GB 4GB RAM;eMMC 5.1;13 MP, f/2.2, PDAF2 MP, f/2.4, (depth);LED flash, panorama;1080p@30fps;8 MP, f/2.0;;;Wi-Fi 802.11 a/b/g/n, dual-band, Wi-Fi Direct;4.1, A2DP, LE;GPS, GLONASS;No;FM radio;microUSB 2.0;Fingerprint (rear-mounted), accelerometer, proximity, compass;Li-Ion 3300 mAh, non-removable;Black, Champagne Gold, Coral Red;M6T;About 130 EUR;Glass front, plastic back, plastic frame;;;;;;;;;;
https://www.gsmarena.com/meizu_m8c-9210.php;https://fdn2.gsmarena.com/vv/bigpic/meizu-m8c.jpg;Meizu M8c;Released 2018, June;140g, 8.5mm thickness;Android 7.0, Flyme UI;16GB/32GB storage, microSDXC;16;0.1%;200,053 hits;"5.45""";720x1440 pixels;2 GB RAM;Snapdragon 425;3070 mAh Li-Ion;GSM 850 / 900 / 1800 / 1900 - SIM 1 & SIM 2;HSDPA 850 / 900 / 1900 / 2100;1, 3, 5, 7, 8, 20, 40;;HSPA 42.2/5.76 Mbps, LTE Cat4 150/50 Mbps;2018, May;Available. Released 2018, June;146.4 x 70 x 8.5 mm (5.76 x 2.76 x 0.33 in);140 g (4.94 oz);Hybrid Dual SIM (Nano-SIM, dual stand-by);;IPS LCD;5.45 inches, 76.7 cm(~74.8% screen-to-body ratio);720 x 1440 pixels, 18:9 ratio (~295 ppi density);;Android 7.0 (Nougat), Flyme UI;Qualcomm MSM8917 Snapdragon 425 (28 nm);Quad-core 1.4 GHz Cortex-A53;Adreno 308;microSDXC (uses shared SIM slot);16GB 2GB RAM, 32GB 2GB RAM;eMMC 5.1;13 MP, f/2.2, PDAF;LED flash;1080p@30fps;8 MP, f/2.0;;;Wi-Fi 802.11 a/b/g/n;4.1, A2DP, LE;GPS;No;FM radio;microUSB 2.0;Accelerometer, proximity;Li-Ion 3070 mAh, non-removable;Black, Gold, Blue, Red;;About 140 EUR;;;;;;;;;;;
https://www.gsmarena.com/meizu_15_plus-9160.php;https://fdn2.gsmarena.com/vv/bigpic/meizu-15-plus-.jpg;Meizu 15 Plus;Released 2018, April;177g, 7.3mm thickness;Android 7.1.2, Flyme 7.3;64GB/128GB storage, no card slot;80;0.1%;369,966 hits;"5.95""";1440x2560 pixels;6 GB RAM;Exynos 8895;3500 mAh Li-Ion;GSM 850 / 900 / 1800 / 1900 - SIM 1 & SIM 2;HSDPA 850 / 900 / 1900 / 2100;1, 3, 4, 5, 7, 8, 34, 38, 39, 40, 41;;HSPA, LTE;2018, April;Available. Released 2018, April;153.8 x 78.3 x 7.3 mm (6.06 x 3.08 x 0.29 in);177 g (6.24 oz);Hybrid Dual SIM (Nano-SIM, dual stand-by);;Super AMOLED;5.95 inches, 97.6 cm(~81.0% screen-to-body ratio);1440 x 2560 pixels, 16:9 ratio (~494 ppi density);;Android 7.1.2 (Nougat), Flyme 7.3;Exynos 8895 (10 nm);Octa-core (4x2.5 GHz Mongoose M2 & 4x1.7 GHz Cortex-A53);Mali-G71 MP20;No;64GB 6GB RAM, 128GB 6GB RAM;UFS 2.1;"12 MP, f/1.8, 1/2.3"", 1.55 µm, dual pixel PDAF, Laser AF, 4-axis OIS20 MP, 1/2.8"", 1.0 µm, AF, portraits only";Six-LED dual-tone flash, HDR, panorama;4K@30fps, 1080p@30fps (gyro-EIS);"20 MP, f/2.0, (wide), 1/2.8"", 1.0µm";;1080p@30fps;Wi-Fi 802.11 b/g/n/ac, dual-band, Wi-Fi Direct;4.2, A2DP, LE;GPS, GLONASS, BDS, GALILEO, SBAS, QZSS;No;No;USB Type-C 2.0;Fingerprint (front-mounted), accelerometer, gyro, proximity, compass, barometer;Li-Ion 3500 mAh, non-removable;Gray, Yakin, Ink;;About 480 EUR;;GeekBench: 6122 (v4.4);;;;;;;;;
https://www.gsmarena.com/meizu_15-9159.php;https://fdn2.gsmarena.com/vv/bigpic/meizu-15.jpg;Meizu 15;Released 2018, April;152g, 7.3mm thickness;Android 7.1.2, Flyme 7.3;64GB/128GB storage, no card slot;64;0.1%;374,028 hits;"5.46""";1080x1920 pixels;4 GB RAM;Snapdragon 660;3000 mAh Li-Ion;GSM 850 / 900 / 1800 / 1900 - SIM 1 & SIM 2;HSDPA 850 / 900 / 1900 / 2100;1, 3, 4, 5, 7, 8, 34, 38, 39, 40, 41;;HSPA 42.2/5.76 Mbps, LTE-A (2CA) Cat6 300/50 Mbps;2018, April;Available. Released 2018, April;143 x 72 x 7.3 mm (5.63 x 2.83 x 0.29 in);152 g (5.36 oz);Hybrid Dual SIM (Nano-SIM, dual stand-by);;Super AMOLED;5.46 inches, 82.2 cm(~79.8% screen-to-body ratio);1080 x 1920 pixels, 16:9 ratio (~403 ppi density);;Android 7.1.2 (Nougat), Flyme 7.3;Qualcomm SDM660 Snapdragon 660 (14 nm);Octa-core (4x2.2 GHz Kryo 260 Gold & 4x1.8 GHz Kryo 260 Silver);Adreno 512;No;64GB 4GB RAM, 128GB 4GB RAM;eMMC 5.1;"12 MP, f/1.8, 1/2.3"", 1.55 µm, dual pixel PDAF, Laser AF, 4-axis OIS20 MP, 1/2.8"", 1.0 µm, AF, portraits only";Six-LED dual-tone flash, HDR, panorama;4K@30fps, 1080p@30fps;"20 MP, f/2.0, (wide), 1/2.8"", 1.0µm";;1080p@30fps;Wi-Fi 802.11 b/g/n/ac, dual-band, Wi-Fi Direct;4.2, A2DP, LE;GPS, GLONASS, BDS;No;No;USB Type-C 2.0;Fingerprint (front-mounted), accelerometer, gyro, proximity, compass, barometer;Li-Ion 3000 mAh, non-removable;Ink, Yakin, Indigo, White;;About 400 EUR;;AnTuTu: 128680 (v7)GeekBench: 5770 (v4.4)GFXBench: 9.2fps (ES 3.1 onscreen);;;;;;;;;
https://www.gsmarena.com/meizu_15_lite-9158.php;https://fdn2.gsmarena.com/vv/bigpic/meizu-m15.jpg;Meizu 15 Lite;Released 2018, May;145g, 7.5mm thickness;Android 7.1.2, Flyme 7;64GB storage, microSDXC;31;0.1%;211,439 hits;"5.46""";1080x1920 pixels;4 GB RAM;Snapdragon 626;3000 mAh Li-Ion;GSM 850 / 900 / 1800 / 1900 - SIM 1 & SIM 2;HSDPA 850 / 900 / 1900 / 2100;1, 3, 5, 8, 34, 38, 39, 40, 41;;HSPA, LTE;2018, April;Available. Released 2018, May;143.6 x 72.4 x 7.5 mm (5.65 x 2.85 x 0.30 in);145 g (5.11 oz);Hybrid Dual SIM (Nano-SIM, dual stand-by);;IPS LCD;5.46 inches, 82.2 cm(~79.0% screen-to-body ratio);1080 x 1920 pixels, 16:9 ratio (~403 ppi density);;Android 7.1.2 (Nougat), Flyme 7;Qualcomm MSM8953-Pro Snapdragon 626 (14 nm);Octa-core 2.2 GHz Cortex-A53;Adreno 506;microSDXC (uses shared SIM slot);64GB 4GB RAM;eMMC 5.1;12 MP, f/1.9, 1.4 µm, dual pixel PDAF;Six-LED dual-tone flash, HDR, panorama;1080p@30fps;"20 MP, f/2.0, (wide), 1/2.8"", 1.0µm";;1080p@30fps;Wi-Fi 802.11 a/b/g/n, Wi-Fi Direct;4.2, A2DP, LE;GPS, GLONASS, BDS;No;No;USB Type-C 2.0;Fingerprint (front-mounted), accelerometer, gyro, proximity, compass;Li-Ion 3000 mAh, non-removable;Black, Gold, Red;15 Lite;About 240 EUR;;GeekBench: 4464 (v4.4);;;;;;;;;
https://www.gsmarena.com/meizu_e3-9066.php;https://fdn2.gsmarena.com/vv/bigpic/meizu-e3.jpg;Meizu E3;Released 2018, April;160g, 7.6mm thickness;Android 7.1.2, Flyme 7;64GB/128GB storage, microSDXC;64;0.1%;297,905 hits;"5.99""";1080x2160 pixels;6 GB RAM;Snapdragon 636;3360 mAh Li-Ion;GSM 850 / 900 / 1800 / 1900 - SIM 1 & SIM 2;HSDPA 850 / 900 / 1900 / 2100;1, 3, 5, 7, 8, 34, 38, 39, 40, 41;;HSPA, LTE;2018, March;Available. Released 2018, April;156.8 x 75 x 7.6 mm (6.17 x 2.95 x 0.30 in);160 g (5.64 oz);Hybrid Dual SIM (Nano-SIM, dual stand-by);;IPS LCD;5.99 inches, 92.6 cm(~78.7% screen-to-body ratio);1080 x 2160 pixels, 18:9 ratio (~403 ppi density);;Android 7.1.2 (Nougat), Flyme 7;Qualcomm SDM636 Snapdragon 636 (14 nm);Octa-core (4x1.8 GHz Kryo 260 Gold & 4x1.6 GHz Kryo 260 Silver);Adreno 509;microSDXC (uses shared SIM slot);64GB 6GB RAM, 128GB 6GB RAM;eMMC 5.1;"12 MP, f/1.9, 1/2.55"", 1.4µm, dual pixel PDAF20 MP, f/2.6, 1/2.8"", 1.0µm, PDAF";Dual-LED dual tone flash, HDR, panorama;1080p@30fps;"8 MP, f/2.0, 1/3.2"", 1.4µm";;1080p@30fps;Wi-Fi 802.11 b/g/n/ac, dual-band, Wi-Fi Direct;5.0, A2DP, LE;GPS, GLONASS, BDS;No;No;USB Type-C 2.0;Fingerprint (side-mounted), accelerometer, gyro, proximity, compass;Li-Ion 3360 mAh, non-removable;Black Stone, Moonlight Silver, Champagne Gold;;About 280 EUR;Glass front, aluminum back, aluminum frame;;;;;;;;;;
https://www.gsmarena.com/meizu_m6s-8998.php;https://fdn2.gsmarena.com/vv/bigpic/meizu-m6s.jpg;Meizu M6s;Released 2018, January;160g, 8mm thickness;Android 7.0, Flyme 6.2;32GB/64GB storage, microSDXC;52;0.2%;585,640 hits;"5.7""";720x1440 pixels;3 GB RAM;Exynos 7872;3000 mAh Li-Ion;GSM 850 / 900 / 1800 / 1900 - SIM 1 & SIM 2;HSDPA 850 / 900 / 1900 / 2100;1, 3, 5, 7, 8, 20, 40;;HSPA 42.2/5.76 Mbps, LTE-A (2CA) Cat6 300/50 Mbps;2018, January;Available. Released 2018, January;152 x 72.5 x 8 mm (5.98 x 2.85 x 0.31 in);160 g (5.64 oz);Hybrid Dual SIM (Nano-SIM, dual stand-by);;IPS LCD;5.7 inches, 83.8 cm(~76.1% screen-to-body ratio);720 x 1440 pixels, 18:9 ratio (~282 ppi density);;Android 7.0 (Nougat), Flyme 6.2;Exynos 7872 (14 nm);Hexa-core (4x1.6 GHz Cortex-A53 & 2x2.0 GHz Cortex-A73);Mali-G71 MP1;microSDXC (uses shared SIM slot);32GB 3GB RAM, 64GB 3GB RAM;eMMC 5.1;16 MP, f/2.0, PDAF;Dual-LED dual-tone flash;1080p@30fps;8 MP, f/2.0;;;Wi-Fi 802.11 a/b/g/n, dual-band, Wi-Fi Direct;4.2, A2DP, LE;GPS, GLONASS;No;No;microUSB 2.0;Fingerprint (side-mounted), accelerometer, gyro, proximity, compass;Li-Ion 3000 mAh, non-removable;Black, Silver, Gold, Blue;M6s;About 150 EUR;Glass front, aluminum back, aluminum frame;;;;;;;;;;
https://www.gsmarena.com/meizu_m6-8868.php;https://fdn2.gsmarena.com/vv/bigpic/meizu-m6--.jpg;Meizu M6;Released 2017, September;143g, 8.3mm thickness;Android 7, Flyme 7.3;16GB/32GB storage, microSDXC;39;0.4%;1,076,303 hits;"5.2""";720x1280 pixels;2/3 GB RAM;MT6750;3070 mAh Li-Ion;GSM 850 / 900 / 1800 / 1900 - SIM 1 & SIM 2;HSDPA 900 / 1900 / 2100;LTE (unspecified);;HSPA, LTE;2017, September. Released 2017, September;Discontinued;148.2 x 72.8 x 8.3 mm (5.83 x 2.87 x 0.33 in);143 g (5.04 oz);Hybrid Dual SIM (Nano-SIM, dual stand-by);;IPS LCD;5.2 inches, 74.5 cm(~69.1% screen-to-body ratio);720 x 1280 pixels, 16:9 ratio (~282 ppi density);;Android 7 (Nougat), Flyme 7.3;Mediatek MT6750 (28 nm);Octa-core (4x1.5 GHz Cortex-A53 & 4x1.0 GHz Cortex-A53);Mali-T860MP2;microSDXC (uses shared SIM slot);16GB 2GB RAM, 32GB 3GB RAM;eMMC 5.1;13 MP, f/2.2, PDAF;Dual-LED dual-tone flash;1080p@30fps;8 MP, f/2.0;;;Wi-Fi 802.11 a/b/g/n, dual-band;4.0, A2DP, LE;GPS, GLONASS;No;No;microUSB 2.0;Fingerprint (front-mounted), accelerometer, gyro, proximity, compass;Li-Ion 3070 mAh, non-removable;Moonlight Silver, Champagne Gold, Matte Black, Electric Light Blue;M6, MZ-MEIZU M6;About 130 EUR;;;;;;;;;;;
https://www.gsmarena.com/meizu_m6_note-8802.php;https://fdn2.gsmarena.com/vv/bigpic/meizu-m6-note.jpg;Meizu M6 Note;Released 2017, September;173g, 8.4mm thickness;Android 7.1.2, Flyme 7.3;16GB/32GB/64GB storage, microSDXC;135;0.2%;1,028,212 hits;"5.5""";1080x1920 pixels;3/4 GB RAM;Snapdragon 625;4000 mAh Li-Ion;GSM 850 / 900 / 1800 / 1900 - SIM 1 & SIM 2;HSDPA 850 / 900 / 1900 / 2100;1, 3, 5, 7, 8, 20, 38, 40;;HSPA, LTE;2017, August. Released 2017, September;Discontinued;154.6 x 75.2 x 8.4 mm (6.09 x 2.96 x 0.33 in);173 g (6.10 oz);Dual SIM (Nano-SIM, dual stand-by);;IPS LCD;5.5 inches, 82.6 cm(~71.0% screen-to-body ratio);1080 x 1920 pixels, 16:9 ratio (~403 ppi density);;Android 7.1.2 (Nougat), Flyme 7.3;Qualcomm MSM8953 Snapdragon 625 (14 nm);Octa-core 2.0 GHz Cortex-A53;Adreno 506;microSDXC;16GB 4GB RAM, 32GB 3GB RAM, 64GB 4GB RAM;eMMC 5.1;"12 MP, f/1.9, 1/2.55"", 1.4µm, dual pixel PDAF5 MP, f/2.0, AF";quad-LED dual-tone flash, HDR, panorama;1080p@30fps;"16 MP, f/2.0, 26mm (wide), 1/3.06"", 1.0µm";;1080p@30fps;Wi-Fi 802.11 a/b/g/n, dual-band;4.2, A2DP, LE;GPS, GLONASS;No;No;microUSB 2.0;Fingerprint (front-mounted), accelerometer, gyro, proximity, compass;Li-Ion 4000 mAh, non-removable;Black, Blue, Gold;M6 Note, MZ-M6 Note;About 170 EUR;Glass front, aluminum back, aluminum frame;;;;;;;;;;
https://www.gsmarena.com/meizu_pro_7_plus-8791.php;https://fdn2.gsmarena.com/vv/bigpic/meizu-pro-7-plus.jpg;Meizu Pro 7 Plus;Released 2017, August;170g, 7.3mm thickness;Android 7.0, Flyme 7.3;64GB/128GB storage, no card slot;162;0.2%;1,197,373 hits;"5.7""";1440x2560 pixels;6 GB RAM;Helio X30;3500 mAh Li-Ion;GSM 850 / 900 / 1800 / 1900 - SIM 1 & SIM 2;HSDPA 850 / 900 / 1900 / 2100;1, 3, 7, 38, 39, 40, 41;;HSPA, LTE-A;2017, July. Released 2017, August;Discontinued;157.3 x 77.2 x 7.3 mm (6.19 x 3.04 x 0.29 in);170 g (6.00 oz);Dual SIM (Nano-SIM, dual stand-by);;Super AMOLED;5.7 inches, 88.5 cm(~72.9% screen-to-body ratio);1440 x 2560 pixels, 16:9 ratio (~518 ppi density);;Android 7.0 (Nougat), Flyme 7.3;Mediatek MT6799 Helio X30 (10 nm);Deca-core (2x2.6 GHz Cortex-A73, 4x1.9 GHz Cortex-A35, 4x2.2 GHz Cortex-A53);PowerVR 7XTP;No;64GB 6GB RAM, 128GB 6GB RAM;;"12 MP, f/2.0, 1/2.9"", 1.25µm, PDAF";Dual-LED dual-tone flash, HDR, panorama;4K@30fps;"16 MP, f/2.0, 26mm (wide), 1/3.06"", 1.0µm";;;Wi-Fi 802.11 a/b/g/n/ac, dual-band, Wi-Fi Direct;4.2, A2DP, LE;GPS, GLONASS, BDS;No;No;USB Type-C;Fingerprint (front-mounted), accelerometer, gyro, proximity, compass;Li-Ion 3500 mAh, non-removable;Black, gold, silver;PRO 7 Plus;About 500 EUR;Glass front, aluminum back, aluminum frame;GFXBench: 4.8fps (ES 3.1 onscreen);;"Secondary 2"" AMOLED display, 240 x 536 pixels";32-bit/192kHz audio;;;;;;
https://www.gsmarena.com/meizu_pro_7-8445.php;https://fdn2.gsmarena.com/vv/bigpic/meizu-pro-7.jpg;Meizu Pro 7;Released 2017, August;163g, 7.3mm thickness;Android 7.0, Flyme 7.3;64GB/128GB storage, no card slot;130;0.2%;1,333,614 hits;"5.2""";1080x1920 pixels;4 GB RAM;Helio P25;3000 mAh Li-Ion;GSM 850 / 900 / 1800 / 1900 - SIM 1 & SIM 2;HSDPA 850 / 900 / 1900 / 2100;1, 3, 7, 38, 39, 40, 41;;HSPA, LTE-A;2017, July. Released 2017, August;Discontinued;147.6 x 70.7 x 7.3 mm (5.81 x 2.78 x 0.29 in);163 g (5.75 oz);Dual SIM (Nano-SIM, dual stand-by);;Super AMOLED;5.2 inches, 74.9 cm(~71.8% screen-to-body ratio);1080 x 1920 pixels, 16:9 ratio (~423 ppi density);;Android 7.0 (Nougat), Flyme 7.3;Mediatek MT6757T Helio P25 (16 nm) - standard editionMediatek MT6799 Helio X30 (10 nm) - high edition;Octa-core (4x2.4 GHz Cortex-A53 & 4x1.6 GHz Cortex-A53)Deca-core (2x2.6 GHz Cortex-A73, 4x1.9 GHz Cortex-A35, 4x2.2 GHz Cortex-A53);Mali-T880MP2PowerVR 7XTP;No;64GB 4GB RAM, 128GB 4GB RAM;;"12 MP, f/2.0, 1/2.9"", 1.25µm, PDAF";Dual-LED dual-tone flash, HDR, panorama;4K@30fps, 1080p@30fps;"16 MP, f/2.0, 26mm (wide), 1/3.06"", 1.0µm";;1080p@30fps;Wi-Fi 802.11 a/b/g/n or a/b/g/n/ac, dual-band, Wi-Fi Direct;4.2, A2DP, LE;GPS, GLONASS, BDS;No;No;USB Type-C;Fingerprint (front-mounted), accelerometer, gyro, proximity, compass;Li-Ion 3000 mAh, non-removable;Black, gold, red;PRO 7, MZ-PRO 7;About 400 EUR;;;;"Secondary 2"" AMOLED display, 240 x 536 pixels";32-bit/192kHz audio;;;;;;
https://www.gsmarena.com/meizu_m5c-8697.php;https://fdn2.gsmarena.com/vv/bigpic/meizu-m5c-.jpg;Meizu M5c;Released 2017, June;135g, 8.3mm thickness;Android 6.0, Flyme 6;16GB storage, microSDXC;22;0.2%;733,596 hits;"5.0""";720x1280 pixels;2 GB RAM;MT6737;3000 mAh Li-Ion;GSM 850 / 900 / 1800 / 1900 - SIM 1 & SIM 2;HSDPA 850 / 900 / 1900 / 2100;1, 3, 5, 7, 8, 20, 38, 40;;HSPA, LTE;2017, May. Released 2017, June;Discontinued;144 x 70.5 x 8.3 mm (5.67 x 2.78 x 0.33 in);135 g (4.76 oz);Hybrid Dual SIM (Nano-SIM, dual stand-by);;IPS LCD;5.0 inches, 68.9 cm(~67.9% screen-to-body ratio);720 x 1280 pixels, 16:9 ratio (~294 ppi density);;Android 6.0 (Marshmallow), Flyme 6;Mediatek MT6737 (28 nm);Quad-core 1.3 GHz Cortex-A53;Mali-T720MP1;microSDXC (uses shared SIM slot);16GB 2GB RAM;eMMC 5.0;8 MP, f/2.0, AF;Dual-LED dual-tone flash, panorama;720p@30fps;5 MP, f/2.2;;;Wi-Fi 802.11 a/b/g/n, dual-band;4.1, A2DP, LE;GPS, GLONASS;No;No;microUSB 2.0, OTG;Accelerometer, gyro (digital), proximity, compass;Li-Ion 3000 mAh, non-removable;Black, Blue, Red, Gold, Pink;M5c, MZ-M5c;About 140 EUR;;GeekBench: 1285 (v4.4);;;;;;;;;
https://www.gsmarena.com/meizu_e2-8659.php;https://fdn2.gsmarena.com/vv/bigpic/meizu-e2.jpg;Meizu E2;Released 2017, April;155g, 7.5mm thickness;Android 7, Flyme 6;16GB/32GB/64GB storage, microSDXC;26;N/A;328,359 hits;"5.5""";1080x1920 pixels;2-4 GB RAM;Helio P20;3400 mAh Li-Ion;GSM 850 / 900 / 1800 / 1900 - SIM 1 & SIM 2;HSDPA;LTE (unspecified);;HSPA, LTE;2017, April. Released 2017, April;Discontinued;153.7 x 75.7 x 7.5 mm (6.05 x 2.98 x 0.30 in);155 g (5.47 oz);Hybrid Dual SIM (Nano-SIM, dual stand-by);;IPS LCD;5.5 inches, 82.6 cm(~71.0% screen-to-body ratio);1080 x 1920 pixels, 16:9 ratio (~403 ppi density);;Android 7 (Nougat), Flyme 6;Mediatek MT6757 Helio P20 (16 nm);Octa-core (4x2.3 GHz Cortex-A53 & 4x1.6 GHz Cortex-A53);Mali-T880MP2;microSDXC (uses shared SIM slot);16GB 2GB RAM, 32GB 3GB RAM, 64GB 4GB RAM;;13 MP, f/2.2, PDAF;Quad-LED dual-tone flash, HDR, panorama;1080p@30fps;"8 MP, f/2.0, 1/3.2"", 1.4µm";;1080p@30fps;Wi-Fi 802.11 a/b/g/n, dual-band, Wi-Fi Direct;4.2, A2DP, LE;GPS, GLONASS;No;No;microUSB 2.0;Fingerprint (front-mounted), accelerometer, gyro, proximity, compass;Li-Ion 3400 mAh, non-removable;Black, Gold, Silver;;About 210 EUR;;;;;;Yes;Yes;;;;
https://www.gsmarena.com/meizu_m5s-8500.php;https://fdn2.gsmarena.com/vv/bigpic/meizu-m5s.jpg;Meizu M5s;Released 2017, February;143g, 8.4mm thickness;Android 6.0, Flyme 5.2;16GB/32GB storage, microSDXC;36;0.1%;635,323 hits;"5.2""";720x1280 pixels;3 GB RAM;MT6753;3000 mAh Li-Ion;GSM 850 / 900 / 1800 / 1900 - SIM 1 & SIM 2;HSDPA 900 / 1900 / 2100;LTE 1800 / 2100 / 2600 TD-LTE 2300 / 2600;;HSPA, LTE;2017, February. Released 2017, February;Discontinued;148.2 x 72.5 x 8.4 mm (5.83 x 2.85 x 0.33 in);143 g (5.04 oz);Hybrid Dual SIM (Nano-SIM, dual stand-by);;IPS LCD;5.2 inches, 74.5 cm(~69.4% screen-to-body ratio);720 x 1280 pixels, 16:9 ratio (~282 ppi density);;Android 6.0 (Marshmallow), Flyme 5.2;Mediatek MT6753 (28 nm);Octa-core 1.3 GHz Cortex-A53;Mali-T720MP2;microSDXC (uses shared SIM slot);16GB 3GB RAM, 32GB 3GB RAM;;13 MP, f/2.2, PDAF;Dual-LED dual-tone flash;1080p@30fps;5 MP, f/2.0;;;Wi-Fi 802.11 a/b/g/n, dual-band;4.0, A2DP, LE;GPS, GLONASS;No;No;microUSB 2.0;Fingerprint (front-mounted), accelerometer, gyro (digital), proximity, compass;Li-Ion 3000 mAh, non-removable;Champanage Gold, Rose Gold, Stay Gray, Moonlight Silver;M5s, MZ-M5s;About 130 EUR;;Basemark OS II 2.0: 781Basemark X: 4646;;;;;;;;;
https://www.gsmarena.com/meizu_m5_note-8450.php;https://fdn2.gsmarena.com/vv/bigpic/meizu-m5-note.jpg;Meizu M5 Note;Released 2016, December;175g, 8.2mm thickness;Android 6.0, Flyme 7.3;16GB/32GB/64GB storage, microSDXC;80;0.3%;1,441,697 hits;"5.5""";1080x1920 pixels;3/4 GB RAM;Helio P10;4000 mAh Li-Ion;GSM 850 / 900 / 1800 / 1900 - SIM 1 & SIM 2;HSDPA 900 / 1900 / 2100;LTE (unspecified);;HSPA, LTE;2016, December. Released 2016, December;Discontinued;153.6 x 75.8 x 8.2 mm (6.05 x 2.98 x 0.32 in);175 g (6.17 oz);Hybrid Dual SIM (Nano-SIM, dual stand-by);;IPS LCD;5.5 inches, 82.6 cm(~70.9% screen-to-body ratio);1080 x 1920 pixels, 16:9 ratio (~403 ppi density);;Android 6.0 (Marshmallow), Flyme 7.3;Mediatek MT6755 Helio P10 (28 nm);Octa-core (4x1.8 GHz Cortex-A53 & 4x1.0 GHz Cortex-A53);Mali-T860MP2;microSDXC (uses shared SIM slot);16GB 4GB RAM, 32GB 3GB RAM, 64GB 4GB RAM;eMMC 5.1;13 MP, f/2.2, PDAF;Dual-LED dual-tone flash;1080p@30fps;5 MP, f/2.0;;;Wi-Fi 802.11 a/b/g/n, dual-band;4.0, A2DP, LE;GPS, GLONASS;No;No;microUSB 2.0;Fingerprint (front-mounted), accelerometer, gyro, proximity, compass;Li-Ion 4000 mAh, non-removable;Gray, Silver, Gold, Blue;M5 Note, MZ-M5 Note;About 190 EUR;;GFXBench: 1.9fps (ES 3.1 onscreen);;;;;;;;;
https://www.gsmarena.com/meizu_m3x-8452.php;https://fdn2.gsmarena.com/vv/bigpic/meizu-m3x.jpg;Meizu M3x;Released 2016, December;165g, 7.4mm thickness;Android 6, Flyme 6;32GB/64GB storage, microSDXC;37;N/A;414,025 hits;"5.5""";1080x1920 pixels;3/4 GB RAM;Helio P20;3200 mAh Li-Ion;GSM 850 / 900 / 1800 / 1900 - SIM 1 & SIM 2;HSDPA;LTE (unspecified);;HSPA, LTE;2016, November. Released 2016, December;Discontinued;153.8 x 76 x 7.4 mm (6.06 x 2.99 x 0.29 in);165 g (5.82 oz);Hybrid Dual SIM (Nano-SIM, dual stand-by);;IPS LCD;5.5 inches, 83.4 cm(~71.3% screen-to-body ratio);1080 x 1920 pixels, 16:9 ratio (~401 ppi density);;Android 6 (Marshmallow), Flyme 6;Mediatek MT6757 Helio P20 (16 nm);Octa-core (4x2.3 GHz Cortex-A53 & 4x1.6 GHz Cortex-A53);Mali-T880MP2;microSDXC (uses shared SIM slot);32GB 3GB RAM, 64GB 4GB RAM;;"12 MP, f/2.0, 1/2.9"", 1.25µm, PDAF";Dual-LED dual-tone flash, HDR, panorama;1080p@30fps;"5 MP, f/2.0, 1/4"", 1.4µm";;1080p@30fps;Wi-Fi 802.11 a/b/g/n, dual-band;4.1, A2DP, LE;GPS, GLONASS;No;No;USB Type-C;Fingerprint (front-mounted), accelerometer, gyro, proximity, compass;Li-Ion 3200 mAh, non-removable;Blue, Gold, Black, Silver;;;;;;;;Yes;Yes;;;;
https://www.gsmarena.com/meizu_pro_6_plus-8451.php;https://fdn2.gsmarena.com/vv/bigpic/meizu-pro-6-plus.jpg;Meizu Pro 6 Plus;Released 2016, November;158g, 7.3mm thickness;Android 6, Flyme 7.3;64GB/128GB storage, no card slot;123;0.1%;779,452 hits;"5.7""";1440x2560 pixels;4 GB RAM;Exynos 8890 Octa;3400 mAh Li-Ion;GSM 850 / 900 / 1800 / 1900 - SIM 1 & SIM 2;HSDPA 850 / 900 / 1900 / 2100;1, 3, 7, 38, 39, 40, 41;;HSPA, LTE;2016, November. Released 2016, November;Discontinued;155.6 x 77.3 x 7.3 mm (6.13 x 3.04 x 0.29 in);158 g (5.57 oz);Dual SIM (Nano-SIM, dual stand-by);;Super AMOLED;5.7 inches, 89.6 cm(~74.5% screen-to-body ratio);1440 x 2560 pixels, 16:9 ratio (~515 ppi density);;Android 6 (Marshmallow), Flyme 7.3;Exynos 8890 Octa (14 nm);Octa-core (4x2.0 GHz Mongoose & 4x1.5 GHz Cortex-A53) - 64 GB versionOcta-core (4x2.3 GHz Mongoose & 4x1.6 GHz Cortex-A53) - 128 GB version;Mali-T880 MP10 - 64 GB versionMali-T880 MP12 - 128 GB version;No;64GB 4GB RAM, 128GB 4GB RAM;UFS 2.0;"12 MP, f/2.0, 1/2.9"", 1.25µm, PDAF, Laser AF, 4-axis OIS";Ten-LED dual-tone flash, HDR, panorama;4K@30fps, 1080p@30fps;"5 MP, f/2.0, 1/4"", 1.4µm";;1080p@30fps;Wi-Fi 802.11 a/b/g/n/ac, dual-band, Wi-Fi Direct;4.1, A2DP, LE;GPS, GLONASS;Yes;No;USB Type-C 3.1;Fingerprint (front-mounted), accelerometer, gyro, proximity, compass, heart rate;Li-Ion 3400 mAh, non-removable;Gold, Silver, Gray;PRO 6 Plus;About 550 EUR;;GFXBench: 7fps (ES 3.1 onscreen);;3D Touch display;32-bit/192kHz audio;;;;;;
https://www.gsmarena.com/meizu_mx5e-8446.php;https://fdn2.gsmarena.com/vv/bigpic/meizu-mx5.jpg;Meizu MX5e;Released 2016, April;149g, 7.6mm thickness;Android 5.1, Flyme 5;16GB/32GB storage, no card slot;14;N/A;175,417 hits;"5.5""";1080x1920 pixels;3 GB RAM;Helio X10;3150 mAh Li-Ion;GSM 850 / 900 / 1800 / 1900 - SIM 1 & SIM 2;HSDPA;LTE (unspecified);;HSPA 42.2/5.76 Mbps, LTE Cat4 150/50 Mbps;2016, April. Released 2016, April;Discontinued;149.9 x 74.7 x 7.6 mm (5.90 x 2.94 x 0.30 in);149 g (5.26 oz);Dual SIM (Nano-SIM, dual stand-by);;AMOLED;5.5 inches, 83.4 cm(~74.5% screen-to-body ratio);1080 x 1920 pixels, 16:9 ratio (~401 ppi density);Corning Gorilla Glass 3;Android 5.1 (Lollipop), Flyme 5;Mediatek MT6795 Helio X10 (28 nm);Octa-core 2.0 GHz Cortex-A53;PowerVR G6200;No;16GB 3GB RAM, 32GB 3GB RAM;eMMC 5.0;16 MP, AF;Dual-LED dual-tone flash, HDR, panorama;1080p@30fps;5 MP;;;Wi-Fi 802.11 a/b/g/n/ac, dual-band, Wi-Fi Direct, hotspot;4.1, A2DP, LE;GPS, GLONASS, BDS;No;No;microUSB 2.0, OTG;Fingerprint (front-mounted), accelerometer, gyro, proximity, compass;Li-Ion 3150 mAh, non-removable;Gray, Gold, Silver, Black/Silver;;About 190 EUR;;;;;;Yes;Yes;;;;
https://www.gsmarena.com/meizu_u10-8441.php;https://fdn2.gsmarena.com/vv/bigpic/meizu-u10.jpg;Meizu U10;Released 2016, August;139g, 7.9mm thickness;Android OS;16GB/32GB storage, no card slot;16;N/A;241,511 hits;"5.0""";720x1280 pixels;2/3 GB RAM;MT6750;2760 mAh Li-Ion;GSM 850 / 900 / 1800 / 1900 - SIM 1 & SIM 2;HSDPA 850 / 900 / 1900 / 2100;LTE (unspecified);;HSPA, LTE;2016, August. Released 2016, August;Discontinued;141.9 x 69.6 x 7.9 mm (5.59 x 2.74 x 0.31 in);139 g (4.90 oz);Dual SIM;;IPS LCD;5.0 inches, 68.9 cm(~69.8% screen-to-body ratio);720 x 1280 pixels, 16:9 ratio (~294 ppi density);;Android OS;Mediatek MT6750 (28 nm);Octa-core (4x1.5 GHz Cortex-A53 & 4x1.0 GHz Cortex-A53);Mali-T860MP2;No;16GB 2GB RAM, 32GB 3GB RAM;eMMC 5.1;13 MP, f/2.2, PDAF;Dual-LED dual-tone flash, HDR, panorama;1080p@30fps;5 MP, f/2.0;;;Wi-Fi 802.11 b/g/n, hotspot;4.0, A2DP, LE;GPS, GLONASS;No;No;microUSB 2.0;Fingerprint (front-mounted), accelerometer, gyro, proximity, compass;Li-Ion 2760 mAh, non-removable;Black, White, Shampane Gold;;About 160 EUR;;;;;;;;;;;
https://www.gsmarena.com/meizu_u20-8440.php;https://fdn2.gsmarena.com/vv/bigpic/meizu-u20.jpg;Meizu U20;Released 2016, August;158g, 7.7mm thickness;Android 6.0, Flyme UI;16GB/32GB storage, microSDXC;19;0.1%;416,264 hits;"5.5""";1080x1920 pixels;2/3 GB RAM;Helio P10;3260 mAh Li-Ion;GSM 850 / 900 / 1800 / 1900 - SIM 1 & SIM 2;HSDPA 900 / 2100;LTE 1800 / 2100 / 2600;;HSPA, LTE;2016, August. Released 2016, August;Discontinued;153 x 75.4 x 7.7 mm (6.02 x 2.97 x 0.30 in);158 g (5.57 oz);Hybrid Dual SIM (Nano-SIM, dual stand-by);;IPS LCD;5.5 inches, 83.4 cm(~72.3% screen-to-body ratio);1080 x 1920 pixels, 16:9 ratio (~401 ppi density);Asahi Dragontrail Glass;Android 6.0 (Marshmallow), Flyme UI;Mediatek MT6755 Helio P10 (28 nm);Octa-core (4x1.8 GHz Cortex-A53 & 4x1.0 GHz Cortex-A53);Mali-T860MP2;microSDXC (uses shared SIM slot);16GB 2GB RAM, 32GB 3GB RAM;eMMC 5.1;13 MP, f/2.2, PDAF;Dual-LED dual-tone flash, HDR, panorama;1080p@30fps;5 MP, f/2.0;;;Wi-Fi 802.11 a/b/g/n, dual-band;4.0, A2DP, LE;GPS, GLONASS;No;No;microUSB 2.0, OTG;Fingerprint (front-mounted), accelerometer, gyro, proximity, compass;Li-Ion 3260 mAh, non-removable;Black, Silver, Rose Gold, Gold;MZ-U20, U20;About 190 EUR;;;;;;;;;;;
https://www.gsmarena.com/meizu_pro_6s-8389.php;https://fdn2.gsmarena.com/vv/bigpic/meizu-pro-6s.jpg;Meizu Pro 6s;Released 2016, December;163g, 7.3mm thickness;Android 6.0, Flyme 7.3;64GB storage, no card slot;47;N/A;414,665 hits;"5.2""";1080x1920 pixels;4 GB RAM;Helio X25;3060 mAh Li-Ion;GSM 850 / 900 / 1800 / 1900 - SIM 1 & SIM 2;HSDPA 850 / 900 / 1900 / 2100;1, 3, 7, 38, 39, 40, 41;;HSPA 42.2/5.76 Mbps, LTE-A (2CA) Cat6 300/50 Mbps;2016, November. Released 2016, December;Discontinued;147.7 x 70.8 x 7.3 mm (5.81 x 2.79 x 0.29 in);163 g (5.75 oz);Dual SIM (Nano-SIM, dual stand-by);;Super AMOLED;5.2 inches, 74.5 cm(~71.3% screen-to-body ratio);1080 x 1920 pixels, 16:9 ratio (~424 ppi density);Corning Gorilla Glass 4;Android 6.0 (Marshmallow), Flyme 7.3;Mediatek MT6797T Helio X25 (20 nm);Deca-core (2x2.5 GHz Cortex-A72, 4x2 GHz Cortex-A53, 4x1.4 GHz Cortex-A53);Mali-T880 MP4;No;64GB 4GB RAM;;"12 MP, f/2.0, 1/2.9"", 1.25µm, PDAF, Laser AF, 4-axis OIS";Ten-LED dual-tone flash, HDR, panorama;4K@30fps, 1080p@30fps;"5 MP, f/2.0, 1/4"", 1.4µm";;1080p@30fps;Wi-Fi 802.11 a/b/g/n/ac, dual-band, Wi-Fi Direct;4.1, A2DP, LE;GPS, GLONASS, BDS;Yes;No;USB Type-C 3.1;Fingerprint (front-mounted), accelerometer, gyro, proximity, compass;Li-Ion 3060 mAh, non-removable;Black, Gold, Silver, Rose Gold;;About 430 EUR;;;;3D Touch display;32-bit/192kHz audio;;;;;;
https://www.gsmarena.com/meizu_m5-8408.php;https://fdn2.gsmarena.com/vv/bigpic/meizu-m5.jpg;Meizu M5;Released 2016, November;138g, 8.2mm thickness;Android 6.0, Flyme 6.3;16GB/32GB storage, microSDXC;45;0.2%;1,636,372 hits;"5.2""";720x1280 pixels;2/3 GB RAM;MT6750;3070 mAh Li-Ion;GSM 850 / 900 / 1800 / 1900 - SIM 1 & SIM 2;HSDPA 850 / 900 / 1900 / 2100;1, 3, 5, 7, 8, 20, 38, 40;;HSPA, LTE;2016, October. Released 2016, November;Discontinued;147.3 x 72.8 x 8.2 mm (5.80 x 2.87 x 0.32 in);138 g (4.87 oz);Hybrid Dual SIM (Nano-SIM, dual stand-by);;IPS LCD;5.2 inches, 74.5 cm(~69.5% screen-to-body ratio);720 x 1280 pixels, 16:9 ratio (~282 ppi density);;Android 6.0 (Marshmallow), Flyme 6.3;Mediatek MT6750 (28 nm);Octa-core (4x1.5 GHz Cortex-A53 & 4x1.0 GHz Cortex-A53);Mali-T860MP2;microSDXC (uses shared SIM slot);16GB 2GB RAM, 32GB 3GB RAM;eMMC 5.1;13 MP, f/2.2, PDAF;Dual-LED dual-tone flash;1080p@30fps;5 MP, f/2.0;;1080p@30fps;Wi-Fi 802.11 a/b/g/n, dual-band;4.0, A2DP, LE;GPS, GLONASS;No;No;microUSB 2.0;Fingerprint (front-mounted), accelerometer, gyro, proximity, compass;Li-Ion 3070 mAh, non-removable;Mint Green, Glacier White, Champanage Gold, Sapphire Blue, Matte Black;M5, MZ-MEIZU_M5, M611H;About 120 EUR;Glass front, aluminum back, aluminum frame;GFXBench: 3.7fps (ES 3.1 onscreen);;;;;;;;;
https://www.gsmarena.com/meizu_m3_max-8321.php;https://fdn2.gsmarena.com/vv/bigpic/meizu-m3m.jpg;Meizu M3 Max;Released 2016, September;189g, 7.9mm thickness;Android 6.0, Flyme 5.2;64GB storage, microSDXC;30;N/A;448,443 hits;"6.0""";1080x1920 pixels;3 GB RAM;Helio P10;4100 mAh Li-Ion;GSM 850 / 900 / 1800 / 1900 - SIM 1 & SIM 2;HSDPA;LTE (unspecified);;HSPA, LTE;2016, September. Released 2016, September;Discontinued;163.4 x 81.6 x 7.9 mm (6.43 x 3.21 x 0.31 in);189 g (6.67 oz);Hybrid Dual SIM (Nano-SIM, dual stand-by);;IPS LCD;6.0 inches, 99.2 cm(~74.4% screen-to-body ratio);1080 x 1920 pixels, 16:9 ratio (~367 ppi density);;Android 6.0 (Marshmallow), Flyme 5.2;Mediatek MT6755 Helio P10 (28 nm);Octa-core (4x1.8 GHz Cortex-A53 & 4x1.0 GHz Cortex-A53);Mali-T860MP2;microSDXC (uses shared SIM slot);64GB 3GB RAM;eMMC 5.1;"13 MP, f/2.2, 1/3"", PDAF";Dual-LED dual-tone flash;1080p@30fps;5 MP, f/2.0;;;Wi-Fi 802.11 a/b/g/n, dual-band;4.1, A2DP, LE;GPS, GLONASS;No;No;microUSB 2.0;Fingerprint (front-mounted), accelerometer, gyro, proximity, compass;Li-Ion 4100 mAh, non-removable;Champagne Gold, Silver, Gray, Rose Gold;;About 270 EUR;;GFXBench: 1.9fps (ES 3.1 onscreen);;;;Yes;Yes;;;;
https://www.gsmarena.com/meizu_m3e-8264.php;https://fdn2.gsmarena.com/vv/bigpic/meizu-m3e.jpg;Meizu M3e;Released 2016, August;172g, 7.9mm thickness;Android 5.1, Flyme 5.2;32GB storage, microSDXC;29;N/A;433,755 hits;"5.5""";1080x1920 pixels;3 GB RAM;Helio P10;3100 mAh Li-Ion;GSM 850 / 900 / 1800 / 1900 - SIM 1 & SIM 2;HSDPA;LTE (unspecified);;HSPA, LTE;2016, August. Released 2016, August;Discontinued;153.6 x 75.8 x 7.9 mm (6.05 x 2.98 x 0.31 in);172 g (6.07 oz);Dual SIM (Nano-SIM, dual stand-by);;IPS LCD;5.5 inches, 82.6 cm(~70.9% screen-to-body ratio);1080 x 1920 pixels, 16:9 ratio (~403 ppi density);;Android 5.1 (Lollipop), Flyme 5.2;Mediatek MT6755 Helio P10 (28 nm);Octa-core (4x1.8 GHz Cortex-A53 & 4x1.0 GHz Cortex-A53);Mali-T860MP2;microSDXC;32GB 3GB RAM;eMMC 5.1;"13 MP, f/2.2, 1/3"", PDAF";Dual-LED dual-tone flash;1080p@30fps;5 MP, f/2.0;;;Wi-Fi 802.11 a/b/g/n, dual-band, hotspot;4.1, A2DP, LE;GPS;No;No;microUSB 2.0;Fingerprint (front-mounted), accelerometer, gyro, proximity, compass;Li-Ion 3100 mAh, non-removable;Blue, Gold, Gray, Pink, Silver;;About 220 EUR;;;;;;Yes;Yes;;;;
https://www.gsmarena.com/meizu_mx6-8078.php;https://fdn2.gsmarena.com/vv/bigpic/meizu-mx6.jpg;Meizu MX6;Released 2016, July;155g, 7.3mm thickness;Android 6.0, Flyme 7.3;32GB storage, no card slot;81;0.1%;1,130,949 hits;"5.5""";1080x1920 pixels;3/4 GB RAM;Helio X20;3060 mAh Li-Ion;GSM 850 / 900 / 1800 / 1900 - SIM 1 & SIM 2;HSDPA;LTE (unspecified);;HSPA 42.2/5.76 Mbps, LTE-A (2CA) Cat6 300/50 Mbps;2016, July. Released 2016, July;Discontinued;153.6 x 75.2 x 7.3 mm (6.05 x 2.96 x 0.29 in);155 g (5.47 oz);Dual SIM (Nano-SIM, dual stand-by);;TDDI;5.5 inches, 82.6 cm(~71.5% screen-to-body ratio);1080 x 1920 pixels, 16:9 ratio (~403 ppi density);;Android 6.0 (Marshmallow), Flyme 7.3;Mediatek MT6797 Helio X20 (20 nm);Deca-core (2x2.3GHz Cortex-A72, 4x1.9GHz Cortex-A53, 4x1.4GHz Cortex-A53);Mali-T880 MP4;No;32GB 3GB RAM, 32GB 4GB RAM;;"12 MP, f/2.0, 1/2.9"", 1.25µm, PDAF";Dual-LED dual-tone flash, HDR, panorama;4K@30fps, 1080p@30fps;5 MP, f/2.0;;1080p@30fps;Wi-Fi 802.11 a/b/g/n/ac, dual-band, Wi-Fi Direct;4.1, A2DP, LE;GPS, GLONASS, BDS;No;No;USB Type-C;Fingerprint (front-mounted), accelerometer, gyro, proximity, compass;Li-Ion 3060 mAh, non-removable;Gray, Silver, Champagne Gold, Rose Gold;MX6, MZ-MX6;About 300 EUR;;Basemark X: 12621;;;;Yes;Yes;;;;
https://www.gsmarena.com/meizu_m3s-8148.php;https://fdn2.gsmarena.com/vv/bigpic/meizu-m3s.jpg;Meizu M3s;Released 2016, June;138g, 8.3mm thickness;Android 5.1, Flyme 5.1;16GB/32GB storage, microSDXC;64;0.1%;1,940,286 hits;"5.0""";720x1280 pixels;2/3 GB RAM;MT6750;3020 mAh Li-Ion;GSM 850 / 900 / 1800 / 1900 - SIM 1 & SIM 2;HSDPA 900 / 1900 / 2100;LTE (unspecified);;HSPA, LTE;2016, June. Released 2016, June;Discontinued;141.9 x 69.9 x 8.3 mm (5.59 x 2.75 x 0.33 in);138 g (4.87 oz);Hybrid Dual SIM (Nano-SIM, dual stand-by);;IPS LCD;5.0 inches, 68.9 cm(~69.5% screen-to-body ratio);720 x 1280 pixels, 16:9 ratio (~294 ppi density);;Android 5.1 (Lollipop), Flyme 5.1;Mediatek MT6750 (28 nm);Octa-core (4x1.5 GHz Cortex-A53 & 4x1.0 GHz Cortex-A53);Mali-T860MP2;microSDXC (uses shared SIM slot);16GB 2GB RAM, 32GB 3GB RAM;eMMC 5.1;13 MP, f/2.2, PDAF;Dual-LED dual-tone flash;1080p@30fps;5 MP, f/2.0;;;Wi-Fi 802.11 a/b/g/n, dual-band, hotspot;4.0, A2DP, LE;GPS, GLONASS;No;No;microUSB 2.0;Fingerprint (front-mounted), accelerometer, gyro, proximity, compass;Li-Ion 3020 mAh, non-removable;Silver, Gray, Pink, Gold;M3s, MZ-M3s;About 120 EUR;;;;;;;;;;;
https://www.gsmarena.com/meizu_m3-8062.php;https://fdn2.gsmarena.com/vv/bigpic/meizu-m3.jpg;Meizu M3;Released 2016, May;132g, 8.3mm thickness;Android 5.1, Flyme 5.1;16GB/32GB storage, microSDXC;42;0.1%;864,270 hits;"5.0""";720x1280 pixels;2/3 GB RAM;MT6750;2870 mAh Li-Ion;GSM 850 / 900 / 1800 / 1900 - SIM 1 & SIM 2;HSDPA 900 / 1900 / 2100;LTE (unspecified);;HSPA, LTE;2016, April. Released 2016, May;Discontinued;141.5 x 69.5 x 8.3 mm (5.57 x 2.74 x 0.33 in);132 g (4.66 oz);Hybrid Dual SIM (Nano-SIM, dual stand-by);;IPS LCD;5.0 inches, 68.9 cm(~70.1% screen-to-body ratio);720 x 1280 pixels, 16:9 ratio (~294 ppi density);;Android 5.1 (Lollipop), Flyme 5.1;Mediatek MT6750 (28 nm);Octa-core (4x1.5 GHz Cortex-A53 & 4x1.0 GHz Cortex-A53);Mali-T860MP2;microSDXC (uses shared SIM slot);16GB 2GB RAM, 32GB 3GB RAM;eMMC 5.1;13 MP, f/2.2, PDAF;Dual-LED dual-tone flash;1080p@30fps;5 MP, f/2.0;;;Wi-Fi 802.11 a/b/g/n, dual-band, hotspot;4.0, A2DP, LE;GPS, GLONASS;No;No;microUSB 2.0;Accelerometer, gyro, proximity, compass;Li-Ion 2870 mAh, non-removable;Gray, White, Blue, Pink, Gold;;About 130 EUR;;;;;;;;;;;
https://www.gsmarena.com/meizu_pro_6-7971.php;https://fdn2.gsmarena.com/vv/bigpic/meizu-pro-6.jpg;Meizu Pro 6;Released 2016, May;160g, 7.3mm thickness;Android 6.0, Flyme 8;32GB/64GB storage, no card slot;182;0.1%;1,587,233 hits;"5.2""";1080x1920 pixels;4 GB RAM;Helio X25;2560 mAh Li-Ion;GSM 850 / 900 / 1800 / 1900 - SIM 1 & SIM 2;HSDPA 850 / 900 / 1900 / 2100;1, 3, 7, 38, 39, 40, 41;;HSPA, LTE-A (2CA) Cat6 300/50 Mbps;2016, April. Released 2016, May;Discontinued;147.7 x 70.8 x 7.3 mm (5.81 x 2.79 x 0.29 in);160 g (5.64 oz);Dual SIM (Nano-SIM, dual stand-by);;Super AMOLED;5.2 inches, 74.9 cm(~71.6% screen-to-body ratio);1080 x 1920 pixels, 16:9 ratio (~423 ppi density);Corning Gorilla Glass 4;Android 6.0 (Marshmallow), Flyme 8;Mediatek MT6797T Helio X25 (20 nm);Deca-core (2x2.5 GHz Cortex-A72, 4x2 GHz Cortex-A53, 4x1.4 GHz Cortex-A53);Mali-T880 MP4;No;32GB 4GB RAM, 64GB 4GB RAM;;"21 MP, f/2.2, 31mm (standard), 1/2.4"", PDAF, Laser AF";Тen-LED dual-tone flash, HDR, panorama;4K@30fps, 720p@100fps;"5 MP, f/2.0, 1/4"", 1.4µm";;1080p@30fps;Wi-Fi 802.11 a/b/g/n/ac, dual-band, Wi-Fi Direct;4.1, A2DP, LE;GPS, GLONASS, BDS;Yes;No;USB Type-C 3.1;Fingerprint (front-mounted), accelerometer, gyro, proximity, compass, barometer;Li-Ion 2560 mAh, non-removable;Gray, Gold, Silver, Flames Red, Rose Gold;PRO 6;About 410 EUR;;Basemark OS II 2.0: 1919Basemark X: 15209;;3D Touch display;32-bit/192kHz audio;;;;;;
https://www.gsmarena.com/meizu_m3_note-8005.php;https://fdn2.gsmarena.com/vv/bigpic/meizu-m3-note.jpg;Meizu M3 Note;Released 2016, April;163g, 8.2mm thickness;Android 5.1, Flyme UI;16GB/32GB storage, microSDXC;194;0.2%;3,595,132 hits;"5.5""";1080x1920 pixels;2/3 GB RAM;Helio P10;4100 mAh Li-Ion;GSM 850 / 900 / 1800 / 1900 - SIM 1 & SIM 2;HSDPA 850 / 900 / 1900 / 2100;1, 3, 7, 38, 39, 40, 41;;HSPA 42.2/5.76 Mbps, LTE-A (2CA) Cat6 300/50 Mbps;2016, April. Released 2016, April;Discontinued;153.6 x 75.5 x 8.2 mm (6.05 x 2.97 x 0.32 in);163 g (5.75 oz);Hybrid Dual SIM (Nano-SIM, dual stand-by);;IPS LCD;5.5 inches, 82.6 cm(~71.2% screen-to-body ratio);1080 x 1920 pixels, 16:9 ratio (~403 ppi density);Dinorex T2X-1 scratch/shock resistant glass;Android 5.1 (Lollipop), Flyme UI;Mediatek MT6755 Helio P10 (28 nm);Octa-core (4x1.8 GHz Cortex-A53 & 4x1.0 GHz Cortex-A53);Mali-T860MP2;microSDXC (uses shared SIM slot);16GB 2GB RAM, 32GB 3GB RAM;eMMC 5.1;13 MP, f/2.2, PDAF;Dual-LED dual-tone flash, HDR, panorama;1080p@30fps;5 MP, f/2.0;;1080p@30fps;Wi-Fi 802.11 a/b/g/n, dual-band, Wi-Fi Direct, hotspot;4.0, A2DP, LE;GPS, GLONASS;No;No;microUSB 2.0, OTG;Fingerprint (front-mounted), accelerometer, gyro, proximity, compass;Li-Ion 4100 mAh, non-removable;Gray, White, Gold;m3 note, MZ-m3 note;About 180 EUR;;Basemark OS II 2.0: 852Basemark X: 4567;;;;;;;;;
https://www.gsmarena.com/meizu_m1_metal-7674.php;https://fdn2.gsmarena.com/vv/bigpic/meizu-metal1.jpg;Meizu M1 Metal;Released 2015, October;162g, 8.2mm thickness;Android, 5.1.1, Flyme 5.1;16GB/32GB storage, microSDXC;128;N/A;1,291,085 hits;"5.5""";1080x1920 pixels;2 GB RAM;Helio X10;3140 mAh Li-Ion;GSM 900 / 1800 / 1900 - SIM 1 & SIM 2;HSDPA 900 / 1900 / 2100;1, 3, 38, 39, 40, 41;;HSPA 42.2/5.76 Mbps, LTE Cat4 150/50 Mbps;2015, October. Released 2015, October;Discontinued;150.7 x 75.3 x 8.2 mm (5.93 x 2.96 x 0.32 in);162g (5.71 oz);Hybrid Dual SIM (Nano-SIM, dual stand-by);;IPS LCD;5.5 inches, 82.6 cm(~72.8% screen-to-body ratio);1080 x 1920 pixels, 16:9 ratio (~403 ppi density);Dinorex T2X-1 scratch/shock resistant glass;Android, 5.1.1 (Lollipop), Flyme 5.1;Mediatek MT6795 Helio X10 (28 nm);Octa-core 2.0 GHz Cortex-A53;PowerVR G6200;microSDXC (uses shared SIM slot);16GB 2GB RAM, 32GB 2GB RAM;eMMC 5.0;13 MP, f/2.2, AF;Dual-LED dual-tone flash, HDR, panorama;1080p@30fps;5 MP, f/2.0;;1080p@30fps;Wi-Fi 802.11 a/b/g/n/ac, dual-band, Wi-Fi Direct, hotspot;4.1, A2DP, LE;GPS, GLONASS, BDS;No;No;microUSB 2.0, OTG;Fingerprint (front-mounted), accelerometer, gyro, proximity, compass;Li-Ion 3140 mAh, non-removable;White, Gold, Gray, Blue, Pink;;About 170 EUR;;Basemark OS II 2.0: 1039Basemark X: 8526;;;;;;;;;
https://www.gsmarena.com/meizu_pro_5-7573.php;https://fdn2.gsmarena.com/vv/bigpic/meizu-pro-5.jpg;Meizu PRO 5;Released 2015, October;168g, 7.5mm thickness;Android 5.1, Flyme 5;32GB/64GB storage, microSDXC;240;N/A;1,704,970 hits;"5.7""";1080x1920 pixels;3/4 GB RAM;Exynos 7420 Octa;3050 mAh Li-Ion;GSM 850 / 900 / 1800 / 1900 - SIM 1 & SIM 2;HSDPA 850 / 900 / 1900 / 2100 - M576 model;1, 3, 7, 38, 39, 40, 41 - M576 model;;HSPA, LTE-A (2CA) Cat6 300/50 Mbps;2015, September. Released 2015, October;Discontinued;156.7 x 78 x 7.5 mm (6.17 x 3.07 x 0.30 in);168 g (5.93 oz);Hybrid Dual SIM (Nano-SIM, dual stand-by);;AMOLED;5.7 inches, 89.6 cm(~73.3% screen-to-body ratio);1080 x 1920 pixels, 16:9 ratio (~386 ppi density);Corning Gorilla Glass 3;Android 5.1 (Lollipop), Flyme 5;Exynos 7420 Octa (14 nm);Octa-core (4x2.1 GHz Cortex-A57 & 4x1.5 GHz Cortex-A53);Mali-T760MP8;microSDXC (uses shared SIM slot);32GB 3GB RAM, 64GB 4GB RAM;eMMC 5.1;"21 MP, f/2.2, 31mm (standard), 1/2.4"", 1.12µm, PDAF, Laser AF";Dual-LED dual-tone flash, HDR, panorama;4K@30fps, 1080p@30fps;5 MP, f/2.0, 27mm (wide);;1080p@30fps;Wi-Fi 802.11 a/b/g/n/ac, dual-band, Wi-Fi Direct, hotspot;4.1, A2DP, LE;GPS, GLONASS, BDS;Yes;No;USB Type-C;Fingerprint (front-mounted), accelerometer, gyro, proximity, compass;Li-Ion 3050 mAh, non-removable;Gray, Gold, Silver, Black/Silver;;About 390 EUR;;Basemark OS II 2.0: 1837Basemark X: 20038;;;32-bit/192kHz audio;;;Up to 48 h;;;
https://www.gsmarena.com/meizu_m2-7455.php;https://fdn2.gsmarena.com/vv/bigpic/meizu-m2.jpg;Meizu M2;Released 2015, July;131g, 8.7mm thickness;Android 5.1, Flyme 4.5;16GB storage, microSDXC;152;0.1%;4,023,927 hits;"5.0""";720x1280 pixels;2 GB RAM;MT6735;2500 mAh Li-Ion;GSM 850 / 900 / 1800 / 1900 - SIM 1 & SIM 2;HSDPA 900 / 1900 / 2100;LTE (unspecified);;HSPA, LTE;2015, July. Released 2015, July;Discontinued;140.1 x 68.9 x 8.7 mm (5.52 x 2.71 x 0.34 in);131 g (4.62 oz);Hybrid Dual SIM (Nano-SIM, dual stand-by);;IPS LCD;5.0 inches, 68.9 cm(~71.4% screen-to-body ratio);720 x 1280 pixels, 16:9 ratio (~294 ppi density);Asahi Dragontrail Glass;Android 5.1 (Lollipop), Flyme 4.5;Mediatek MT6735 (28 nm);Quad-core 1.3 GHz Cortex-A53;Mali-T720MP2;microSDXC (uses shared SIM slot);16GB 2GB RAM;;13 MP, f/2.2, AF;LED flash;1080p@30fps;5 MP, f/2.0;;;Wi-Fi 802.11 a/b/g/n, dual-band, hotspot;4.0, A2DP, LE;GPS, GLONASS;No;No;microUSB 2.0;Accelerometer, proximity, compass;Li-Ion 2500 mAh, non-removable;Gray, White, Blue, Pink;m2;About 130 EUR;;;;;;;;Up to 45 h;Up to 680 h;Up to 23 h;
https://www.gsmarena.com/meizu_mx5-7240.php;https://fdn2.gsmarena.com/vv/bigpic/meizu-mx5.jpg;Meizu MX5;Released 2015, July;149g, 7.6mm thickness;Android 5.0.1, Flyme 4.5;16GB/32GB/64GB storage, no card slot;213;0.1%;2,653,484 hits;"5.5""";1080x1920 pixels;3 GB RAM;Helio X10;3150 mAh Li-Ion;GSM 850 / 900 / 1800 / 1900 - SIM 1 & SIM 2;HSDPA;LTE (unspecified);;HSPA, LTE Cat4 150/50 Mbps;2015, June. Released 2015, July;Discontinued;149.9 x 74.7 x 7.6 mm (5.90 x 2.94 x 0.30 in);149 g (5.26 oz);Dual SIM (Nano-SIM, dual stand-by);;AMOLED;5.5 inches, 83.4 cm(~74.5% screen-to-body ratio);1080 x 1920 pixels, 16:9 ratio (~401 ppi density);Corning Gorilla Glass 3;Android 5.0.1 (Lollipop), Flyme 4.5;Mediatek MT6795 Helio X10 (28 nm);Octa-core 2.2 GHz Cortex-A53;PowerVR G6200;No;16GB 3GB RAM, 32GB 3GB RAM, 64GB 3GB RAM;eMMC 5.0;"20.7 MP, f/2.2, 1/2.3"", 1.2µm, Laser AF";Dual-LED dual-tone flash, HDR, panorama;4K@30fps, 1080p@30fps, 720p@100fps;5 MP, f/2.2;;1080p@30fps;Wi-Fi 802.11 a/b/g/n/ac, dual-band, Wi-Fi Direct, hotspot;4.1, A2DP, LE;GPS, GLONASS, BDS;No;No;microUSB 2.0, OTG;Fingerprint (front-mounted), accelerometer, gyro, proximity, compass;Li-Ion 3150 mAh, non-removable;Gray, Gold, Silver, Black/Silver;MX5;About 210 EUR;;Basemark OS II 2.0: 1252Basemark X: 10403;;;;Yes;Yes;;;;
https://www.gsmarena.com/meizu_m2_note-7266.php;https://fdn2.gsmarena.com/vv/bigpic/meizu-m1-note2.jpg;Meizu M2 Note;Released 2015, June;149g, 8.7mm thickness;Android 5.0, Flyme 4.5;16GB/32GB storage, microSDXC;227;0.1%;5,178,082 hits;"5.5""";1080x1920 pixels;2 GB RAM;MT6753;3100 mAh Li-Ion;GSM 850 / 900 / 1800 / 1900 - SIM 1 & SIM 2;HSDPA 850 / 900 / 1900 / 2100;1, 3, 7, 38, 39, 40, 41;;HSPA 42.2/5.76 Mbps, LTE Cat4 150/50 Mbps;2015, June. Released 2015, June;Discontinued;150.9 x 75.2 x 8.7 mm (5.94 x 2.96 x 0.34 in);149 g (5.26 oz);Hybrid Dual SIM (Nano-SIM, dual stand-by);;IGZO IPS LCD;5.5 inches, 82.6 cm(~72.8% screen-to-body ratio);1080 x 1920 pixels, 16:9 ratio (~403 ppi density);Asahi Dragontrail Glass or Dinorex T2X-1 scratch/shock resistant glass;Android 5.0 (Lollipop), Flyme 4.5;Mediatek MT6753 (28 nm);Octa-core 1.3 GHz Cortex-A53;Mali-T720MP3;microSDXC (uses shared SIM slot);16GB 2GB RAM, 32GB 2GB RAM;;"13 MP, f/2.2, 1/3"", AF";Dual-LED dual-tone flash, HDR, panorama;1080p, 1080p@30fps;"5 MP, f/2.0, 1/5"", 1.12µm";;1080p@30fps;Wi-Fi 802.11 a/b/g/n, dual-band, Wi-Fi Direct, hotspot;4.0, A2DP, LE;GPS, GLONASS;No;No;microUSB 2.0, OTG;Accelerometer, gyro, proximity, compass;Li-Ion 3100 mAh, non-removable;Gray, White, Blue, Pink;m2 note, MZ-m2 note;About 200 EUR;;;;;;;;;;;
https://www.gsmarena.com/meizu_m1-6978.php;https://fdn2.gsmarena.com/vv/bigpic/meizu-m1-note-mini.jpg;Meizu M1;Released 2015, April;128g, 8.9mm thickness;Android 4.4.4;8GB storage, microSDXC;77;N/A;598,483 hits;"5.0""";768x1280 pixels;1 GB RAM;MT6732;2500 mAh Li-Ion;GSM 900 / 1800 / 1900;HSDPA 900 / 1900 / 2100;1, 3, 38, 41;;HSPA 42.2/5.76 Mbps, LTE Cat4 150/50 Mbps;2015, January. Released 2015, April;Discontinued;140.2 x 72.1 x 8.9 mm (5.52 x 2.84 x 0.35 in);128 g (4.52 oz);Micro-SIM;;TFT;5.0 inches, 70.7 cm(~69.9% screen-to-body ratio);768 x 1280 pixels, 5:3 ratio (~300 ppi density);Corning Gorilla Glass 3;Android 4.4.4 (KitKat);Mediatek MT6732 (28 nm);Quad-core 1.5 GHz Cortex-A53;Mali-T760MP2;microSDXC (dedicated slot);8GB 1GB RAM;;13 MP, f/2.2, AF;LED flash, HDR, panorama;1080p@30fps;5 MP, f/2.0;;;Wi-Fi 802.11 a/b/g/n, dual-band, Wi-Fi Direct, hotspot;4.0, A2DP, LE;GPS, GLONASS;No;No;microUSB 2.0, OTG;Accelerometer, gyro, proximity, compass;Li-Ion 2500 mAh, non-removable;White, BLue, Yellow, Green, Pink, Mint;;About 100 EUR;;;;;;;;;;;
https://www.gsmarena.com/meizu_m1_note-6890.php;https://fdn2.gsmarena.com/vv/bigpic/meizu-m1-note-1.jpg;Meizu M1 Note;Released 2015, January;145g, 8.9mm thickness;Android 4.4.4, Flyme 4;16GB/32GB storage, no card slot;154;0.1%;2,339,446 hits;"5.5""";1080x1920 pixels;2 GB RAM;MT6752;3140 mAh Li-Ion;GSM 850 / 900 / 1800 / 1900 - SIM 1 & SIM 2;HSDPA 900 / 1900 / 2100;1, 3, 38, 41;;HSPA 42.2/5.76 Mbps, LTE Cat4 150/50 Mbps;2014, December. Released 2015, January;Discontinued;150.7 x 75.2 x 8.9 mm (5.93 x 2.96 x 0.35 in);145 g (5.11 oz);Dual SIM (Micro-SIM, dual stand-by);;IGZO IPS LCD;5.5 inches, 82.6 cm(~72.9% screen-to-body ratio);1080 x 1920 pixels, 16:9 ratio (~403 ppi density);Corning Gorilla Glass 3;Android 4.4.4 (KitKat), Flyme 4;Mediatek MT6752 (28 nm);Octa-core 1.7 GHz Cortex-A53;Mali-T760;No;16GB 2GB RAM, 32GB 2GB RAM;;"13 MP, f/2.2, 1/3"", AF";Dual-LED dual-tone flash, HDR, panorama;1080p@30fps;5 MP, f/2.0;;;Wi-Fi 802.11 a/b/g/n, dual-band, Wi-Fi Direct, hotspot;4.0, A2DP, LE;GPS, GLONASS;No;No;microUSB 2.0, OTG;Accelerometer, gyro, proximity, compass;Li-Ion 3140 mAh, non-removable;White, Blue, Yellow, Green, Pink;;About 130 EUR;;Basemark OS II 2.0: 880Basemark X: 4617;;;;;;Up to 60 h;;Up to 40 h;
https://www.gsmarena.com/meizu_mx4_pro-6815.php;https://fdn2.gsmarena.com/vv/bigpic/meizu-mx4-pro1.jpg;Meizu MX4 Pro;Released 2014, December;158g, 9mm thickness;Android 4.4.4, Flyme 4;16GB/32GB/64GB storage, no card slot;180;0.1%;1,988,732 hits;"5.5""";1536x2560 pixels;3 GB RAM;Exynos 5430 Octa;3350 mAh Li-Ion;GSM 850 / 900 / 1800 / 1900;HSDPA 850 / 900 / 1900 / 2100;1, 3, 7;;HSPA, LTE Cat4 150/50 Mbps;2014, October. Released 2014, December;Discontinued;150.1 x 77 x 9 mm (5.91 x 3.03 x 0.35 in);158 g (5.57 oz);Micro-SIM;;IPS LCD;5.5 inches, 85.2 cm(~73.7% screen-to-body ratio);1536 x 2560 pixels, 5:3 ratio (~546 ppi density);Corning Gorilla Glass 3;Android 4.4.4 (KitKat), Flyme 4;Exynos 5430 Octa (20 nm);Octa-core (4x2.0 GHz Cortex-A15 & 4x1.5 GHz Cortex-A7);Mali-T628MP6;No;16GB 3GB RAM, 32GB 3GB RAM, 64GB 3GB RAM;eMMC 5.0;"20.7 MP, f/2.2, 1/2.3"", AF";Dual-LED dual-tone flash, HDR, panorama;4K@30fps, 1080p@30fps;5 MP, f/2.0;;1080p@30fps;Wi-Fi 802.11 a/b/g/n/ac, dual-band, Wi-Fi Direct, hotspot;4.0, A2DP, LE;GPS, GLONASS, BDS, QZSS;Yes;No;microUSB 2.0, OTG;Fingerprint (front-mounted), accelerometer, gyro, proximity, compass;Li-Ion 3350 mAh, non-removable;Gray, Gold, White;MX4 Pro;About 400 EUR;;Basemark OS II 2.0: 863Basemark X: 9111;;;;;;;;;
https://www.gsmarena.com/meizu_mx4-6627.php;https://fdn2.gsmarena.com/vv/bigpic/meizu-mx4-new.jpg;Meizu MX4;Released 2014, September;147g, 8.9mm thickness;Android 4.4.4, Flyme 4;16GB/32GB/64GB storage, no card slot;232;0.1%;3,364,993 hits;"5.36""";1152x1920 pixels;2 GB RAM;MT6595;3100 mAh Li-Ion;GSM 850 / 900 / 1800 / 1900;HSDPA 850 / 900 / 1900 / 2100;1, 3, 7;;HSPA, LTE Cat4 150/50 Mbps;2014, September. Released 2014, September;Discontinued;144 x 75.2 x 8.9 mm (5.67 x 2.96 x 0.35 in);147 g (5.19 oz);Micro-SIM;;IPS LCD;5.36 inches, 81.8 cm(~75.5% screen-to-body ratio);1152 x 1920 pixels, 5:3 ratio (~418 ppi density);Corning Gorilla Glass 3;Android 4.4.4 (KitKat), Flyme 4;Mediatek MT6595;Octa-core (4x2.2 GHz Cortex-A17 & 4x1.7 GHz Cortex-A7);PowerVR G6200;No;16GB 2GB RAM, 32GB 2GB RAM, 64GB 2GB RAM;;"20.7 MP, f/2.2, 1/2.3"", AF";Dual-LED dual-tone flash, HDR, panorama;4K@30fps, 1080p@30fps;2 MP;;1080p@30fps;Wi-Fi 802.11 a/b/g/n/ac, dual-band, Wi-Fi Direct;4.0, A2DP;GPS, GLONASS, BDS, QZSS;No;No;microUSB 2.0 (MHL TV-out), OTG;Accelerometer, gyro, proximity, compass;Li-Ion 3100 mAh, non-removable;Gray, Gold, White;;About 340 EUR;;Basemark OS II 2.0: 666Basemark X: 8324;;;;;;;;;
https://www.gsmarena.com/meizu_mx3-5679.php;https://fdn2.gsmarena.com/vv/bigpic/meizu-mx3.jpg;Meizu MX3;Released 2013, October;143g, 9.1mm thickness;Android 4.2, Flyme 3;16GB/32GB/128GB storage, no card slot;94;N/A;849,223 hits;"5.1""";1080x1800 pixels;2 GB RAM;Exynos 5410 Octa;2400 mAh Li-Po;GSM 850 / 900 / 1800 / 1900;HSDPA 850 / 2100;;;HSPA;2013, September. Released 2013, October;Discontinued;139 x 71.9 x 9.1 mm (5.47 x 2.83 x 0.36 in);143 g (5.04 oz);Micro-SIM;;IPS LCD;5.1 inches, 74.0 cm(~74.1% screen-to-body ratio);1080 x 1800 pixels, 5:3 ratio (~412 ppi density);Corning Gorilla Glass;Android 4.2 (Jelly Bean), Flyme 3;Exynos 5410 Octa (28 nm);Octa-core (4x1.6 GHz Cortex-A15 & 4x1.2 GHz Cortex-A7);PowerVR SGX544MP3;No;16GB 2GB RAM, 32GB 2GB RAM, 64GB 2GB RAM, 128GB 2GB RAM;eMMC 5.0;"8 MP, f/2.0, 1/3.2"", 1.4µm, AF";LED flash;1080p@30fps;2 MP;;1080p@30fps;Wi-Fi 802.11 a/b/g/n, dual-band, Wi-Fi Direct;4.0, A2DP;GPS, GLONASS;Yes;No;microUSB 2.0 (MHL TV-out), OTG;Accelerometer, gyro, proximity, compass;Li-Po 2400 mAh, non-removable;"Black (front panel), several color options (back panel); white";;About 370 EUR;;;;;;;;Up to 40 h;Up to 429 h (2G) / Up to 393 h (3G);Up to 12 h (2G) / Up to 14 h (3G);
https://www.gsmarena.com/meizu_mx2-5142.php;https://fdn2.gsmarena.com/vv/bigpic/meizu-mx2.jpg;Meizu MX2;Released 2012, December;142g, 10.2mm thickness;Android 4.1.1;16GB/32GB/64GB storage, no card slot;121;N/A;580,406 hits;"4.4""";800x1280 pixels;2 GB RAM;Exynos 4412 Quad;1800 mAh Li-Ion;GSM 900 / 1800;HSDPA 2100;;;HSPA 21.1/5.76 Mbps;2012, November. Released 2012, December;Discontinued;124.9 x 64.9 x 10.2 mm (4.92 x 2.56 x 0.40 in);142 g (5.01 oz);Micro-SIM;;IPS LCD;4.4 inches, 56.1 cm(~69.3% screen-to-body ratio);800 x 1280 pixels, 16:10 ratio (~343 ppi density);Corning Gorilla Glass;Android 4.1.1 (Jelly Bean);Exynos 4412 Quad (32 nm);Quad-core 1.6 GHz Cortex-A9;Mali-400MP4;No;16GB 2GB RAM, 32GB 2GB RAM, 64GB 2GB RAM;;8 MP, f/2.4, AF;LED flash;1080p@30fps;1.2 MP;;720p@30fps;Wi-Fi 802.11 b/g/n, Wi-Fi Direct, hotspot;4.0, A2DP;GPS, GLONASS;No;No;microUSB 2.0 (MHL TV-out), OTG;Accelerometer, gyro, proximity, compass;Li-Ion 1800 mAh, non-removable;Black front & white back;;About 310 EUR;;;;;;;;Up to 46 h;Up to 380 h (2G) / Up to 330 h (3G);Up to 13 h (2G) / Up to 10 h (3G);
https://www.gsmarena.com/meizu_mx_4_core-4697.php;https://fdn2.gsmarena.com/vv/bigpic/meizu-mx-quad-core.jpg;Meizu MX 4-core;Released 2012, August;139g, 10.3mm thickness;Android 4.0;32GB/64GB storage, no card slot;74;N/A;707,770 hits;"4.0""";640x960 pixels;1 GB RAM;Exynos;1700 mAh Li-Po;GSM 850 / 900 / 1800 / 1900;HSDPA 850 / 900 / 1700 / 1900 / 2100;;;HSPA 21.1/5.76 Mbps;2012, April. Released 2012, August;Discontinued;121.3 x 63.3 x 10.3 mm (4.78 x 2.49 x 0.41 in);139 g (4.90 oz);Micro-SIM;;ASV;4.0 inches, 47.6 cm(~62.0% screen-to-body ratio);640 x 960 pixels, 3:2 ratio (~288 ppi density);;Android 4.0 (Ice Cream Sandwich);Exynos;Quad-core 1.4 GHz Cortex-A9;Mali-400;No;32GB 1GB RAM, 64GB 1GB RAM;;8 MP, f/2.2, AF;LED flash;1080p@30fps;VGA;;;Wi-Fi 802.11 b/g/n, hotspot;2.1, A2DP, EDR;GPS, A-GPS;;No;microUSB 2.0 (MHL TV-out), OTG;Accelerometer, gyro, proximity, compass;Non-removable Li-Po 1700 mAh battery;Black (front)/ white, green, blue, pink, violet (back);;About 310 EUR;;;;;;;;;;;MP3/WAV/eAAC+/FLAC playerMP4/H.264 playerOrganizerDocument viewer/editorPhoto viewerVoice memo/dialPredictive text input
https://www.gsmarena.com/meizu_mx-4373.php;https://fdn2.gsmarena.com/vv/bigpic/meizu-mx.jpg;Meizu MX;Released 2012, March;139g, 10.3mm thickness;Android 2.3.5, up to 4.0;16GB storage, no card slot;77;N/A;676,622 hits;"4.0""";640x960 pixels;1 GB RAM;Exynos;1600 mAh Li-Ion;GSM 850 / 900 / 1800 / 1900;HSDPA 850 / 900 / 1700 / 1900 / 2100;;;HSPA 21.1/5.76 Mbps;2011, December. Released 2012, March;Discontinued;121.3 x 63.3 x 10.3 mm (4.78 x 2.49 x 0.41 in);139 g (4.90 oz);Micro-SIM;;ASV;4.0 inches, 47.6 cm(~62.0% screen-to-body ratio);640 x 960 pixels, 3:2 ratio (~288 ppi density);;Android 2.3.5 (Gingerbread), upgradable to 4.0 (Ice Cream Sandwich);Exynos;Dual-core 1.4 GHz Cortex-A9;Mali-400;No;16GB 1GB RAM;;8 MP, f/2.2, AF;LED flash;1080p@30fps;VGA;;;Wi-Fi 802.11 b/g/n, hotspot;2.1, A2DP, EDR;GPS, A-GPS;;No;microUSB 2.0 (MHL TV-out), OTG;Accelerometer, gyro, proximity, compass;Non-removable Li-Ion 1600 mAh battery;Black/White;;About 270 EUR;;;;;;;;;;;MP3/WAV/eAAC+/FLAC playerMP4/H.264 playerOrganizerDocument viewerPhoto viewerVoice memo/dialPredictive text input
https://www.gsmarena.com/meizu_pro_5_mini-7741.php;https://fdn2.gsmarena.com/vv/bigpic/smartphone.jpg;Meizu PRO 5 mini;Cancelled;;Android 5.1, Flyme 5;32GB storage, microSDXC;95;N/A;504,238 hits;"4.7""";1080x1920 pixels;3 GB RAM;Helio X20;;GSM 850 / 900 / 1800 / 1900 - SIM 1 & SIM 2;HSDPA;LTE (unspecified);;HSPA, LTE Cat4 150/50 Mbps;Not announced yet;Cancelled;-;-;Hybrid Dual SIM (Nano-SIM, dual stand-by);;AMOLED;4.7 inches, 60.9 cm;1080 x 1920 pixels, 16:9 ratio (~469 ppi density);Corning Gorilla Glass 3;Android 5.1 (Lollipop), Flyme 5;Mediatek MT6797 Helio X20 (20 nm);Deca-core (2x2.3 GHz Cortex-A72, 4x2 GHz Cortex-A53, 4x1.4 GHz Cortex-A53);Mali-T880 MP4;microSDXC (uses shared SIM slot);32GB 3GB RAM;;16 MP, f/2.2, AF;Dual-LED dual-tone flash, HDR, panorama;1080p@30fps;5 MP, f/2.0;;;Wi-Fi 802.11 a/b/g/n/ac, dual-band, Wi-Fi Direct, hotspot;4.1, A2DP, LE;GPS, GLONASS, BDS;No;No;microUSB 2.0;Fingerprint (front-mounted), accelerometer, gyro, proximity, compass;Li-Ion, non-removable;Gray, Gold, Silver, Black/Silver;;About 360 EUR;;;;;;Yes;Yes;;;;
