Link;Image;Name;Release date;Weight;OS;Storage;Fans;Popularity;Hits;Screen_size;Screen_resolution;RAM;SOC;Battery;net2g;net3g;net4g;speed;year;status;dimensions;weight;sim;bodyother;displaytype;displaysize;displayresolution;displayprotection;os;chipset;cpu;gpu;memoryslot;internalmemory;cam1modules;cam1features;cam1video;cam2modules;cam2video;wlan;bluetooth;gps;nfc;radio;usb;sensors;batdescription1;batstandby1;battalktime1;colors;price;displayother;featuresother;gprstext;edge;memoryother;optionalother
https://www.gsmarena.com/nec_terrain-5553.php;https://fdn2.gsmarena.com/vv/bigpic/nec-terrain.jpg;NEC Terrain;Released 2013, June;171.8g, 14.5mm thickness;Android 4.0;8GB storage, microSDHC;20;0.1%;307,848 hits;"3.1""";640x480 pixels;1 GB RAM;Snapdragon S4 Plus;1900 mAh Li-Ion;GSM 850 / 900 / 1800 / 1900;HSDPA 850 / 1900 / 2100;4, 17;HSPA, LTE;2013, June. Released 2013, June;Discontinued;127.5 x 64.5 x 14.5 mm (5.02 x 2.54 x 0.57 in);171.8 g (6.07 oz);Yes;IP67 dust/water resistant (up to 1m for 30 min)MIL-STD-810G compliant;TFT;3.1 inches, 29.8 cm(~36.2% screen-to-body ratio);640 x 480 pixels, 4:3 ratio (~258 ppi density);Corning Gorilla Glass 2;Android 4.0 (Ice Cream Sandwich);Qualcomm MSM8960 Snapdragon S4 Plus;Dual-core 1.5 GHz Krait;Adreno 225;microSDHC (dedicated slot);8GB 1GB RAM;5 MP, AF;LED flash;720p@30fps;VGA;;Wi-Fi 802.11 b/g/n, hotspot;4.0, A2DP;GPS;Yes;FM radio;microUSB 2.0;Accelerometer, proximity, compass;Li-Ion 1900 mAh, removable;Up to 348 h;Up to 10 h;Black;About 330 EUR;;;;;;
https://www.gsmarena.com/nec_804n-1611.php;https://fdn2.gsmarena.com/vv/bigpic/nec-804N.gif;NEC 804N;Released 2006, April;115g, 23mm thickness;Feature phone;450MB storage, microSD slot;9;N/A;298,619 hits;"2.2""";240x320 pixels; ;;720 mAh Li-Ion;GSM 900 / 1800 / 1900;UMTS 2100;;Yes, 384 kbps;2006, April;Discontinued;93 x 48 x 23 mm (3.66 x 1.89 x 0.91 in);115 g (4.06 oz);Mini-SIM;;TFT, 65K colors;2.2 inches, 15.0 cm(~33.6% screen-to-body ratio);240 x 320 pixels, 4:3 ratio (~182 ppi density);;;;;;microSD (dedicated slot);450MB;2 MP;;Yes;Videocall camera;;No;1.2;No;;No;2.0;;Removable Li-Ion 720 mAh battery;Up to 210 h;Up to 4 h 20 min;Plumeria White, Coral Pink, Lapis Blue;;Second external 0.9-inch STN, 65K colors display (96 x 64 pixels);MP3 player with music assist buttonsMail artPC SyncBilungual menusOR code readingDocument viewer (Word, Excel, PowerPoint, PDF)Organizer;;;;
https://www.gsmarena.com/nec_e1108-1927.php;https://fdn2.gsmarena.com/vv/bigpic/nec-e1108.gif;NEC e1108;Released 2006;84g, 18.5mm thickness;Feature phone;28MB storage, microSD slot;7;N/A;139,621 hits;"1.8""";128x160 pixels; ;;1530 mAh Li-Ion;GSM 900 / 1800 / 1900;;;;2006;Discontinued;103 x 44 x 18.5 mm (4.06 x 1.73 x 0.73 in);84 g (2.96 oz);Mini-SIM;;TFT, 65K colors;1.8 inches, 10.2 cm(~22.5% screen-to-body ratio);128 x 160 pixels (~114 ppi density);;;;;;microSD (dedicated slot);28MB;1.3 MP;;Yes;No;;No;No;No;;No;Proprietary;;Removable Li-Ion battery;Up to 100 h;Up to 2 h 20 min;Fluorescent Green, Metallic Orange;;;MP3 playerPredictive text inputOrganizer;Class 10;No;;
https://www.gsmarena.com/nec_n344i-1610.php;https://fdn2.gsmarena.com/vv/bigpic/nec-N344i.gif;NEC N344i;Cancelled;95g, 11.9mm thickness;Feature phone;5MB storage, no card slot;7;N/A;116,613 hits;"1.8""";128x160 pixels; ;;720 mAh Li-Ion;GSM 900 / 1800 / 1900;;;;2005;Cancelled;109 x 47 x 11.9 mm (4.29 x 1.85 x 0.47 in);95 g (3.35 oz);Mini-SIM;;TFT, 65K colors;1.8 inches, 10.2 cm(~19.9% screen-to-body ratio);128 x 160 pixels (~114 ppi density);;;;;;No;5MB;VGA;;Yes;No;;No;Yes;No;;No;Proprietary;;Removable Li-Ion 720 mAh battery;Up to 200 h;Up to 3 h;Black;;;Predictive text inputOrganizerPC SyncPhoto editorExchangable covers;Class 10;No;;
https://www.gsmarena.com/nec_e373-1603.php;https://fdn2.gsmarena.com/vv/bigpic/nec-e373.gif;NEC e373;Released 2006, May;90g, 19.2mm thickness;Feature phone;32MB storage, no card slot;7;N/A;204,568 hits;"1.9""";176x220 pixels; ;;1000 mAh Li-Ion;GSM 900 / 1800 / 1900;UMTS 2100;;Yes, 384 kbps;2006, May;Discontinued;92 x 44 x 19.2 mm, 78 cc (3.62 x 1.73 x 0.76 in);90 g (3.17 oz);Mini-SIM;;TFT, 65K colors;1.9 inches, 11.4 cm(~28.1% screen-to-body ratio);176 x 220 pixels (~148 ppi density);;;;;;No;32MB;VGA;;Yes;VGA videocall camera;;No;No;No;;No;Proprietary;;Removable Li-Ion 1000 mAh battery;Up to 250 h;Up to 3 h 40 min;Black;;12 colour led backlight;MP3 playerPredictive text inputOrganizerVoice memo;;;;
https://www.gsmarena.com/nec_e636-1476.php;https://fdn2.gsmarena.com/vv/bigpic/nec-e636.gif;NEC e636;Released 2006, February;110g, 13.9mm thickness;Feature phone;32MB storage, miniSD slot;9;N/A;436,510 hits;"2.2""";240x320 pixels; ;;900 mAh Li-Ion;GSM 900 / 1800 / 1900;UMTS 2100;;Yes, 384 kbps;2006, February;Discontinued;102 x 48 x 13.9 mm, 65 cc (4.02 x 1.89 x 0.55 in);110 g (3.88 oz);Mini-SIM;;TFT, 256K colors;2.2 inches, 33 x 45 mm, 15.0 cm(~30.6% screen-to-body ratio);240 x 320 pixels, 4:3 ratio (~182 ppi density);;;;;;miniSD;32MB;2 MP;;Yes;CIF videocall camera;;No;Yes;No;;No;Proprietary;;Removable Li-Ion 900 mAh battery;Up to 270 h;Up to 4 h;Black;;Second external mono OLED display;MP3/AAC/MP4 playerPredictive text inputOrganizerVoice memoSyncML;;;;
https://www.gsmarena.com/nec_n500i-1475.php;https://fdn2.gsmarena.com/vv/bigpic/nec-n500i.gif;NEC N500i;Released 2006, February;99g, 25mm thickness;Feature phone;54MB storage, no card slot;7;N/A;120,771 hits;"1.9""";176x220 pixels; ;;850 mAh Li-Ion;GSM 900 / 1800 / 1900;;;;2006, February;Discontinued;93 x 46 x 25 mm, 80 cc (3.66 x 1.81 x 0.98 in);99 g (3.49 oz);Mini-SIM;;TFT, 65K colors;1.9 inches, 30 x 37 mm, 11.4 cm(~26.6% screen-to-body ratio);176 x 220 pixels (~148 ppi density);;;;;;No;54MB;1.3 MP;LED flash;Yes;No;;No;Yes;No;;No;Proprietary;;Removable Li-Ion 850 mAh battery;Up to 200 h;Up to 2 h 50 min;Black;;Second external 4096 colors OLED display;MP3/AAC/MP4 playerPredictive text inputOrganizerVoice memoSyncML;Class 10;Class 10;;
https://www.gsmarena.com/nec_n500is-1428.php;https://fdn2.gsmarena.com/vv/bigpic/nec-n500is.gif;NEC N500iS;Released 2006, February;95g, 13.6mm thickness;Feature phone;54MB storage, no card slot;7;N/A;266,932 hits;;176x220 pixels, 1.9 inch; ;;820 mAh Li-Ion;GSM 900 / 1800 / 1900;;;;2006, February;Discontinued;101 x 48 x 13.6 mm (3.98 x 1.89 x 0.54 in);95 g (3.35 oz);Mini-SIM;;TFT, 65K colors;;176 x 220 pixels, 1.9 inch;;;;;;No;54MB;1.3 MP;;Yes;No;;No;Yes;No;;No;Proprietary;;Removable Li-Ion 820 mAh battery;Up to 200 h;Up to 3 h;Black;;Second external mono OLED display (39x96 pixels);MP3/AAC/MP4 playerPredictive text inputOrganizerVoice memoSyncML;Class 10;Class 10;;
https://www.gsmarena.com/nec_n908-1719.php;https://fdn2.gsmarena.com/vv/bigpic/nec-n908.gif;NEC N908;Released 2006, July;84g, 12.8mm thickness;Feature phone;31MB storage, microSD slot;11;N/A;324,752 hits;"2.2""";240x320 pixels; ;;860 mAh Li-Ion;GSM 900 / 1800 / 1900;;;;2006, July;Discontinued;83.4 x 53.2 x 12.8 mm (3.28 x 2.09 x 0.50 in);84 g (2.96 oz);Mini-SIM;;TFT resistive touchscreen, 256K colors;2.2 inches, 15.0 cm(~33.8% screen-to-body ratio);240 x 320 pixels, 4:3 ratio (~182 ppi density);;;;;;microSD (dedicated slot);31MB;1.3 MP;;Yes;No;;No;1.2;No;;No;;;Removable Li-Ion battery;Up to 100 h;Up to 3 h 20 min;Silver , Black;;Handwriting recognition;Photo editorMP3 playerStopwatchUnit/Currency converterCalculator;Class 10;No;;
https://www.gsmarena.com/nec_n938-1374.php;https://fdn2.gsmarena.com/vv/bigpic/nec-n938.gif;NEC N938;Released 2005, Q2;79g, 14mm thickness;Feature phone;2MB storage, no card slot;9;N/A;235,004 hits;;176x220 pixels; ;;550 mAh Li-Ion;GSM 900 / 1800;;;;2005, Q2;Discontinued;87 x 56 x 14 mm (3.43 x 2.20 x 0.55 in);79 g (2.79 oz);Mini-SIM;;TFT resistive touchscreen, 65K colors;;176 x 220 pixels;;;;;;No;2MB;VGA;LED flash;No;No;;No;1.1;No;;No;;;Removable Li-Ion 550 mAh battery;Up to 130 h;Up to 2 h;White;;Handwriting recognitionDownloadable pictures;Organizer;Yes;No;;
https://www.gsmarena.com/nec_e353-1339.php;https://fdn2.gsmarena.com/vv/bigpic/nec-e353.gif;NEC e353;Released 2005, Q4;90g, 16mm thickness;Feature phone;32MB storage, no card slot;7;N/A;129,526 hits;;176x220 pixels; ;;770 mAh Li-Ion;GSM 900 / 1800 / 1900;UMTS 2100;;Yes, 384 kbps;2005, Q4;Discontinued;117 x 46 x 16 mm (4.61 x 1.81 x 0.63 in);90 g (3.17 oz);Mini-SIM;;TFT, 65K colors;;176 x 220 pixels;;;;;;No;32MB;VGA;;Yes;CIF videocall camera;;No;No;No;;No;Proprietary;;Removable Li-Ion 770 mAh battery;Up to 190 h;Up to 3 h;Silver, Black;;Downloadable pictures;MP3 playerPredictive text inputOrganizer;;;;
https://www.gsmarena.com/nec_e121-1399.php;https://fdn2.gsmarena.com/vv/bigpic/nec-e121.gif;NEC e121;Released 2005, Q4;95g, 12.4mm thickness;Feature phone;3.6MB storage, no card slot;8;N/A;128,937 hits;"1.8""";128x160 pixels; ;;800 mAh Li-Ion;GSM 900 / 1800 / 1900;;;;2005, Q4;Discontinued;106 x 44 x 12.4 mm (4.17 x 1.73 x 0.49 in);95 g (3.35 oz);Mini-SIM;;CSTN, 65K colors;1.8 inches, 29 x 35 mm, 10.2 cm(~21.9% screen-to-body ratio);128 x 160 pixels (~114 ppi density);;;;;;No;3.6MB;VGA;;No;No;;No;No;No;;No;Proprietary;;Removable Li-Ion 800 mAh battery;Up to 150 h;Up to 2 h 30 min;Silver;;Downloadable pictures;Predictive text inputOrganizerVoice memo;Class 10;No;;
https://www.gsmarena.com/nec_e122-1338.php;https://fdn2.gsmarena.com/vv/bigpic/nec-e122.gif;NEC e122;Released 2005, Q4;90g, 18mm thickness;Feature phone;2.5MB storage, no card slot;7;N/A;139,726 hits;;128x128 pixels; ;;720 mAh Li-Ion;GSM 900 / 1800 / 1900;;;;2005, Q4;Discontinued;102.5 x 43 x 18 mm (4.04 x 1.69 x 0.71 in);90 g (3.17 oz);Mini-SIM;;CSTN, 65K colors;;128 x 128 pixels, 1:1 ratio;;;;;;No;2.5MB;VGA;;No;No;;No;No;No;;No;Proprietary;;Removable Li-Ion 720 mAh battery;Up to 180 h;Up to 3 h;Silver, Black;;Downloadable pictures;Predictive text inputOrganizer;Class 10;No;;
https://www.gsmarena.com/nec_e949_l1-1266.php;https://fdn2.gsmarena.com/vv/bigpic/nec-l1-e949.gif;NEC e949/L1;Released 2005, Q2;96g, 11.9mm thickness;Feature phone;25MB storage, no card slot;11;N/A;367,996 hits;"1.9""";176x220 pixels; ;;600 mAh Li-Ion;GSM 900 / 1800 / 1900;;;;2005, Q2;Discontinued;102 x 47.9 x 11.9 mm (4.02 x 1.89 x 0.47 in);96 g (3.39 oz);Mini-SIM;;TFT, 65K colors;1.9 inches, 30 x 37 mm, 11.4 cm(~23.3% screen-to-body ratio);176 x 220 pixels (~148 ppi density);;;;;;No;25MB;1.3 MP;;Yes;No;;No;1.2;No;;No;Proprietary;;Removable Li-Ion 600 mAh battery;Up to 140 h;Up to 2 h 20 min;Black;;Second external mono OLED display (96x39 pixels);MP3/AAC/MP4 playerPredictive text inputOrganizerVoice memoCurrency convertorSyncML;Class 10;No;;
https://www.gsmarena.com/nec_n600i-1329.php;https://fdn2.gsmarena.com/vv/bigpic/nec-n600i.gif;NEC N600i;Released 2005, Q3;113g, 24.5mm thickness;Feature phone;20MB storage, microSD slot;8;N/A;142,228 hits;"2.0""";240x320 pixels; ;;1000 mAh Li-Ion;GSM 900 / 1800 / 1900;UMTS 2100;;Yes, 384 kbps;2005, Q3;Discontinued;94.4 x 47.5 x 24.5 mm (3.72 x 1.87 x 0.96 in);113 g (3.99 oz);Mini-SIM;;TFT, 65K colors;2.0 inches, 30 x 40 mm, 12.4 cm(~27.6% screen-to-body ratio);240 x 320 pixels, 4:3 ratio (~200 ppi density);;;;;;microSD (dedicated slot);20MB;1.3 MP;LED flash;Yes;VGA videocall camera;;No;1.1;No;;No;Proprietary;;Removable Li-Ion 1000 mAh battery;Up to 200 h;Up to 3 h 20 min;Silver;;Second external B/W STN display (30 x 120 pixels)Incoming LED indicatorDownloadable pictures;MP3 playerPredictive text inputOrganizer;;;;
https://www.gsmarena.com/nec_e540_n411i-1094.php;https://fdn2.gsmarena.com/vv/bigpic/nec-n411i-e540.gif;NEC e540/N411i;Released 2005, Q1;95g, 24mm thickness;Feature phone;26MB storage, no card slot;9;N/A;258,784 hits;"1.9""";176x220 pixels; ;;850 mAh Li-Ion;GSM 900 / 1800 / 1900;;;;2005, Q1;Discontinued;93 x 46 x 24 mm (3.66 x 1.81 x 0.94 in);95 g (3.35 oz);Mini-SIM;;TFT, 65K colors;1.9 inches, 30 x 37 mm, 11.4 cm(~26.6% screen-to-body ratio);176 x 220 pixels (~148 ppi density);;;;;;No;26MB;1.3 MP;;Yes;No;;No;1.2;No;;No;Proprietary;;Removable Li-Ion 850 mAh battery;Up to 200 h;Up to 3 h;Silver;;Second external 4096 colors STN display (128 x 128 pixels)Incoming LED indicatorDownloadable pictures;MP3 playerPredictive text inputSyncMLOrganizerVoice memo/dial;Class 10;No;400 short messages400 emails;
https://www.gsmarena.com/nec_n401i-1082.php;https://fdn2.gsmarena.com/vv/bigpic/nec-n401i.gif;NEC N401i;Released 2005, Q1;90g, 23mm thickness;Feature phone;22MB storage, no card slot;7;N/A;134,517 hits;"1.9""";176x220 pixels; ;;850 mAh Li-Ion;GSM 900 / 1800 / 1900;;;;2005, Q1;Discontinued;90 x 44 x 23 mm, 85 cc (3.54 x 1.73 x 0.91 in);90 g (3.17 oz);Mini-SIM;;65K colors;1.9 inches, 30 x  37 mm, 11.4 cm(~28.7% screen-to-body ratio);176 x 220 pixels (~148 ppi density);;;;;;No;22MB;VGA;LED flash;Yes;No;;No;No;No;;No;Proprietary;;Removable Li-Ion 850 mAh battery;Up to 200 h;Up to 3 h 20 min;;;Second external 4096 colors LCD display (30 x 120 pixels)Incoming LED indicatorDownloadable pictures;MP3 playerPredictive text inputOrganizerVoice memo/dial;Yes;No;;
https://www.gsmarena.com/nec_n343i-1174.php;https://fdn2.gsmarena.com/vv/bigpic/nec-n343i.gif;NEC N343i;Released 2005, Q2;95g, 12.7mm thickness;Feature phone;1.3MB storage, no card slot;11;N/A;290,465 hits;;128x160 pixels; ;;800 mAh Li-Ion;GSM 900 / 1800 / 1900;;;;2005, Q2;Discontinued;109 x 43 x 12.7 mm (4.29 x 1.69 x 0.5 in);95 g (3.35 oz);Mini-SIM;;CSTN, 65K colors;;128 x 160 pixels;;;;;;No;1.3MB;VGA;;Yes;No;;No;No;No;;No;Proprietary;;Removable Li-Ion 800 mAh battery;Up to 200 h;Up to 3 h;;;Downloadable pictures;Predictive text inputOrganizer;Class 10;No;;
https://www.gsmarena.com/nec_n900ig-967.php;https://fdn2.gsmarena.com/vv/bigpic/nen900g.gif;NEC N900iG;Released 2004, Q4;132g, 28mm thickness;Feature phone;miniSD slot;7;N/A;165,621 hits;;240x320 pixels; ;;530 mAh Li-Ion;GSM 900 / 1800 / 1900;UMTS 2100;;Yes, 384 kbps;2004, Q4;Discontinued;103 x 50 x 28 mm (4.06 x 1.97 x 1.10 in);132 g (4.66 oz);Mini-SIM;;TFT, 65K colors;;240 x 320 pixels, 4:3 ratio;;;;;;miniSD;;1.3 MP;;Yes;CIF videocall camera;;No;No;No;;No;Proprietary;;Removable Li-Ion battery;Up to 150 h;Up to 2 h;Ocean Blue;;Second external 65K colors TFT display (90 x 120 pixels)Downloadable pictures;Bar-code readerPredictive text inputOrganizer;;;;
https://www.gsmarena.com/nec_n200-1020.php;https://fdn2.gsmarena.com/vv/bigpic/nen200.gif;NEC N200;Released 2005, Q1;70g, 18.6mm thickness;Feature phone;No card slot;8;N/A;328,327 hits;;128x160 pixels; ;;700 mAh Li-Ion;GSM 900 / 1800;;;;2005, Q1;Discontinued;70 x 51 x 18.6 mm (2.76 x 2.01 x 0.73 in);70 g (2.47 oz);Mini-SIM;;TFT, 65K colors;;128 x 160 pixels;;;;;;No;;VGA;;Yes;No;;No;No;No;;No;;;Removable Li-Ion battery;Up to 110 h;Up to 2 h;;;WallpapersDownloadable pictures;Predictive text inputOrganizerVoice memo;Yes;No;;
https://www.gsmarena.com/nec_n160-995.php;https://fdn2.gsmarena.com/vv/bigpic/nen160.gif;NEC N160;Released 2004, Q4;80g, 22.6mm thickness;Feature phone;30MB storage, no card slot;7;N/A;164,442 hits;;128x128 pixels; ;;720 mAh Li-Ion;GSM 900 / 1800;;;;2004, Q4;Discontinued;82.5 x 45 x 22.6 mm (3.25 x 1.77 x 0.89 in);80 g (2.82 oz);Mini-SIM;;CSTN, 65K colors;;128 x 128 pixels, 1:1 ratio;;;;;;No;30MB;VGA;;Yes;No;;No;No;No;;No;;;Removable Li-Ion 720 mAh battery;;;Black;;Second external 65K colorsdisplay, (96 x 64 pixels)Downloadable pictures;Predictive text inputOrganizer;Class 10;No;;
https://www.gsmarena.com/nec_n923-1025.php;https://fdn2.gsmarena.com/vv/bigpic/nen923.gif;NEC N923;Released 2004,Q4;70g, 9.5mm thickness;Feature phone;2.7MB storage, no card slot;9;N/A;182,595 hits;;120x160 pixels; ;;300 mAh Li-Ion;GSM 900 / 1800;;;;2004,Q4;Discontinued;85 x 54 x 9.5 mm (3.35 x 2.13 x 0.37 in);70 g (2.47 oz);Mini-SIM;;TFT, 65K colors;;120 x 160 pixels, 4:3 ratio;;;;;;No;2.7MB;VGA;;Yes;No;;No;No;No;;No;;;Removable Li-Ion 300 mAh battery;Up to 120 h;Up to 2 h;;;Wallpapers, screensaversDownloadable logos;Predictive text inputOrganizer;Yes;No;;
https://www.gsmarena.com/nec_n150-994.php;https://fdn2.gsmarena.com/vv/bigpic/nen150.gif;NEC N150;Released 2004, Q4;80g, 20mm thickness;Feature phone;3MB storage, no card slot;7;N/A;103,890 hits;;128x128 pixels; ;;720 mAh Li-Ion;GSM 900 / 1800;;;;2004, Q4;Discontinued;91 x 44 x 20 mm (3.58 x 1.73 x 0.79 in);80 g (2.82 oz);Mini-SIM;;STN, 65K colors;;128 x 128 pixels, 1:1 ratio;;;;;;No;3MB;VGA;;Yes;No;;No;No;No;;No;Proprietary;;Removable Li-Ion battery;Up to 180 h;Up to 2 h 30 min;Silver, Blue;;Downloadable pictures;MP3 playerPredictive text inputOrganizerVoice memo;Class 10;No;;
https://www.gsmarena.com/nec_e238-945.php;https://fdn2.gsmarena.com/vv/bigpic/nee238.gif;NEC e238;Released 2004, Q4;95g, 23mm thickness;Feature phone;26MB storage, no card slot;8;N/A;142,081 hits;;176x220 pixels; ;;850 mAh Li-Ion;GSM 900 / 1800 / 1900;;;;2004, Q4;Discontinued;90 x 44 x 23 mm (3.54 x 1.73 x 0.91 in);95 g (3.35 oz);Mini-SIM;;TFT, 65K colors;;176 x 220 pixels;;;;;;No;26MB;VGA;LED flash;Yes;No;;No;No;No;;No;Proprietary;;Removable Li-Ion 850 mAh battery;Up to 200 h;Up to 3 h;Silver, Blue;;Second external 4096 colors display (STN, 30 x 120 pixels)Downloadable pictures;MP3 playerPredictive text inputOrganizer;Class 10;No;400 short messages;
https://www.gsmarena.com/nec_n940-919.php;https://fdn2.gsmarena.com/vv/bigpic/nen940.gif;NEC N940;Released 2004, Q4;112g, 20.7mm thickness;Feature phone;No card slot;10;N/A;371,497 hits;;176x220 pixels; ;;1200 mAh Li-Ion;GSM 900 / 1800;;;;2004, Q4;Discontinued;101.5 x 51.5 x 20.7 mm (4.00 x 2.03 x 0.81 in);112 g (3.95 oz);Mini-SIM;;TFT tochscreen, 256K colors;;176 x 220 pixels;;;;;;No;;VGA;LED flash;Yes;No;;No;No;No;;No;;;Removable Li-Ion 1200 mAh battery;;;Black, Silver;;Handwriting recognitionDownloadable pictures;TV tunerOrganizer;Yes;No;;
https://www.gsmarena.com/nec_n930-1149.php;https://fdn2.gsmarena.com/vv/bigpic/nec-n930.gif;NEC N930;Released 2004, Q4;72g, 11.9mm thickness;Feature phone;2MB storage, no card slot;9;N/A;260,527 hits;;176x220 pixels; ;;800 mAh Li-Ion;GSM 900 / 1800;;;;2004, Q4;Discontinued;85.5 x 54 x 11.9 mm (3.37 x 2.13 x 0.47 in);72 g (2.54 oz);Mini-SIM;;TFT tochscreen, 65K colors;;176 x 220 pixels;;;;;;No;2MB;VGA;LED flash;Yes;No;;No;1.1;No;;No;;;Removable Li-Ion battery;Up to 100 h;Up to 2 h;Black, Silver;;Handwriting recognitionDownloadable pictures;Organizer;Yes;No;;
https://www.gsmarena.com/nec_n630-1238.php;https://fdn2.gsmarena.com/vv/bigpic/nec-n630.gif;NEC N630;Released 2005, Q1;95g, 22mm thickness;Feature phone;2MB storage, no card slot;8;N/A;107,688 hits;;176x220 pixels; ;;700 mAh Li-Ion;GSM 900 / 1800 / 1900;;;;2005, Q1;Discontinued;99 x 47 x 22 mm (3.90 x 1.85 x 0.87 in);95 g (3.35 oz);Mini-SIM;Flashlight;TFT resistive touchscreen, 65K colors;;176 x 220 pixels;;;;;;No;2MB;VGA;;No;No;;No;No;No;;FM radio;Proprietary;Compass, thermometer, sound level meter;Removable Li-Ion 700 mAh battery;Up to 140 h;Up to 2 h;Silver;;Chinese handwriting recognitionDownloadable pictures;Push to talk (VoIP service)Predictive text inputOrganizerStopwatchImproved durabilityThermometerAutomatic volume control;Class 8;No;;
https://www.gsmarena.com/nec_n850-1237.php;https://fdn2.gsmarena.com/vv/bigpic/nec-n850.gif;NEC N850;Released 2005, Q1;95g, 24mm thickness;Feature phone;26MB storage, no card slot;7;N/A;87,050 hits;"1.9""";176x220 pixels; ;;830 mAh Li-Ion;GSM 900 / 1800 / 1900;;;;2005, Q1;Discontinued;93 x 46 x 24 mm (3.66 x 1.81 x 0.94 in);95 g (3.35 oz);Mini-SIM;;TFT, 65K colors;1.9 inches, 30 x 37 mm, 11.4 cm(~26.6% screen-to-body ratio);176 x 220 pixels (~148 ppi density);;;;;;No;26MB;1.3 MP;;QCIF;No;;No;1.2;No;;No;Proprietary;;Removable Li-Ion battery;Up to 100 h;Up to 2 h 30 min;Silver;;Second external STN, 4096 colors display (128 x 128 pixels)Downloadable pictures;MP3 playerPredictive text inputOrganizerVoice dial/memo;Class 10;No;;
https://www.gsmarena.com/nec_n840-920.php;https://fdn2.gsmarena.com/vv/bigpic/nen840.gif;NEC N840;Released 2004, Q4;118g, 25mm thickness;Feature phone;32MB storage, miniSD slot;8;N/A;211,227 hits;"2.2""";240x320 pixels; ;;1100 mAh Li-Ion;GSM 850 / 900 / 1800 / 1900;;;;2004, Q4;Discontinued;100 x 48 x 25 mm (3.94 x 1.89 x 0.98 in);118 g (4.16 oz);Mini-SIM;;TFT, 256K colors;2.2 inches, 33 x 45 mm, 15.0 cm(~31.2% screen-to-body ratio);240 x 320 pixels, 4:3 ratio (~182 ppi density);;;;;;miniSD, 128 MB included;32MB;2 MP;LED flash;Yes;No;;No;1.2;No;;No;Proprietary;;Removable Li-Ion 1100 mAh battery;Up to 100 h;Up to 2 h 40 min;Silver;;Second external STN, 65K colors display (120 x 30 pixels)Downloadable pictures;MP3 playerPredictive text inputOrganizerVoice memo;Class 10;No;;
https://www.gsmarena.com/nec_n750-1239.php;https://fdn2.gsmarena.com/vv/bigpic/nec-n750.gif;NEC N750;Released 2005, Q1;97g, 23.6mm thickness;Feature phone;No card slot;7;N/A;84,795 hits;;176x220 pixels; ;;700 mAh Li-Ion;GSM 900 / 1800 / 1900;;;;2005, Q1;Discontinued;92.9 x 45.8 x 23.6 mm (3.66 x 1.80 x 0.93 in);97 g (3.42 oz);Mini-SIM;;TFT, 256K colors;;176 x 220 pixels;;;;;;No;;1.3 MP;;Yes;No;;No;1.1;No;;No;Proprietary;;Removable Li-Ion 700 mAh battery;Up to 140 h;Up to 2 h;Silver;;Second external OLED, 65K colors display (96 x 64 pixels)Downloadable pictures;Predictive text inputOrganizer;Class 10;No;;
https://www.gsmarena.com/nec_802-899.php;https://fdn2.gsmarena.com/vv/bigpic/ne802.gif;NEC 802;Released 2004, Q3;125g, 26mm thickness;Feature phone;miniSD slot;7;N/A;185,389 hits;;240x320 pixels; ;;820 mAh Li-Ion;GSM 900 / 1800;UMTS 2100;;Yes, 384 kbps;2004, Q3;Discontinued;100 x 50 x 26 mm (3.94 x 1.97 x 1.02 in);125 g (4.41 oz);Mini-SIM;;TFT, 65K colors;;240 x 320 pixels, 4:3 ratio;;;;;;miniSD;;1.3 MP;;Yes;Videocall camera;;No;No;No;;No;Proprietary;;Removable Li-Ion battery;Up to 430 h;Up to 2 h 20 min;Royal bronze, Turquoise blue, Platinum silver;;Second external TFT display, (120 x 90 pixels), 65K colorsDownloadable pictures;Predictive text inputPhoto editorOrganizer;;;;
https://www.gsmarena.com/nec_n500-937.php;https://fdn2.gsmarena.com/vv/bigpic/nen500.gif;NEC N500;Released 2004, Q4;80g, 14.5mm thickness;Feature phone;No card slot;8;N/A;379,355 hits;;176x220 pixels; ;;540 mAh Li-Ion;GSM 900 / 1800;;;;2004, Q4;Discontinued;86 x 48 x 14.5 mm (3.39 x 1.89 x 0.57 in);80 g (2.82 oz);Mini-SIM;;TFT resistive touchscreen, 256K colors;;176 x 220 pixels;;;;;;No;;VGA;;Yes;No;;No;No;No;;No;;;Removable Li-Ion battery;Up to 120 h;Up to 2 h;White, black;;Downloadable pictures;Predictive text inputOrganizer;Yes;No;;
https://www.gsmarena.com/nec_n342i-928.php;https://fdn2.gsmarena.com/vv/bigpic/nen342i.gif;NEC N342i;Released 2004, Q4;90g, 24mm thickness;Feature phone;2MB storage, no card slot;7;N/A;115,078 hits;;128x160 pixels; ;;780 mAh Li-Ion;GSM 900 / 1800 / 1900;;;;2004, Q4;Discontinued;86 x 47 x 24 mm (3.39 x 1.85 x 0.94 in);90 g (3.17 oz);Mini-SIM;;CSTN, 65K colors;;128 x 160 pixels;;;;;;No;2MB;VGA;;No;No;;No;No;No;;No;Proprietary;;Removable Li-Ion 780 mAh battery;Up to 200 h;Up to 3 h;Silver;;Second external STN mono display (96 x 64 pixels)Downloadable wallpapers;Predictive text inputOrganizerVoice memo;Class 10;No;;
https://www.gsmarena.com/nec_e101-930.php;https://fdn2.gsmarena.com/vv/bigpic/nee101.gif;NEC e101;Released 2004, Q4;85g, 24mm thickness;Feature phone;No card slot;8;N/A;136,852 hits;"1.8""";128x160 pixels; ;;780 mAh Li-Ion;GSM 900 / 1800 / 1900;;;;2004, Q4;Discontinued;84 x 45 x 24 mm, 80 cc (3.31 x 1.77 x 0.94 in);85 g (3.00 oz);Mini-SIM;;CSTN, 65K colors;1.8 inches, 29 x 35 mm, 10.2 cm(~27.0% screen-to-body ratio);128 x 160 pixels (~114 ppi density);;;;;;No;;VGA;;No;No;;No;No;No;;No;;;Removable Li-Ion 780 mAh battery;Up to 200 h;Up to 3 h 20 min;Silver;;Second external STN mono display (96 x 64 pixels)Downloadable pictures;Predictive text inputOrganizerVoice memo;Class 10;No;1.5 MB user memoryMMS 700KBJava 600KB;
https://www.gsmarena.com/nec_n110-873.php;https://fdn2.gsmarena.com/vv/bigpic/nen110.gif;NEC N110;Released 2004, Q3;85g, 24mm thickness;Feature phone;2.3MB storage, no card slot;7;N/A;103,445 hits;;128x160 pixels; ;;780 mAh Li-Ion;GSM 900 / 1800;;;;2004, Q3;Discontinued;84 x 45 x 24 mm (3.31 x 1.77 x 0.94 in);85 g (3.00 oz);Mini-SIM;;STN, 65K colors;;128 x 160 pixels;;;;;;No;2.3MB;VGA;;Yes;No;;No;No;No;;No;;;Removable Li-Ion 780 mAh battery;Up to 250 h;;Silver, Blue;;Second external mono display (96 x 64 pixels)Downloadable pictures;Predictive text inputOrganizer;Class 10;No;;
https://www.gsmarena.com/nec_n109-874.php;https://fdn2.gsmarena.com/vv/bigpic/nen109.gif;NEC N109;Released 2004, Q3;73g, 15mm thickness;Feature phone;2MB storage, no card slot;7;N/A;96,601 hits;;128x160 pixels; ;;570 mAh Li-Ion;GSM 900 / 1800;;;;2004, Q3;Discontinued;102 x 45 x 15 mm (4.02 x 1.77 x 0.59 in);73 g (2.57 oz);Mini-SIM;;CSTN, 65K colors;;128 x 160 pixels;;;;;;No;2MB;VGA;LED flash;Yes;No;;No;No;No;;No;;;Removable Li-Ion 570 mAh battery;Up to 120 h;Up to 2 h 40 min;Silver, Black, Blue;;Downloadable pictures;Predictive text inputOrganizerWorld clock;Yes;No;;
https://www.gsmarena.com/nec_n100-878.php;https://fdn2.gsmarena.com/vv/bigpic/nen100.gif;NEC N100;Released 2004, Q3;77g, 16mm thickness;Feature phone;2MB storage, no card slot;7;N/A;109,908 hits;;128x160 pixels; ;;570 mAh Li-Ion;GSM 900 / 1800;;;;2004, Q3;Discontinued;102 x 45 x 16 mm (4.02 x 1.77 x 0.63 in);77 g (2.72 oz);Mini-SIM;;CSTN, 65K colors;;128 x 160 pixels;;;;;;No;2MB;VGA;;Yes;No;;No;No;No;;No;;;Removable Li-Ion 570 mAh battery;Up to 120 h;Up to 2 h 40 min;;;Downloadable pictures;Predictive text inputOrganizer;Yes;No;;
https://www.gsmarena.com/nec_n920-865.php;https://fdn2.gsmarena.com/vv/bigpic/nen920.gif;NEC N920;Released 2004, Q3;70g, 9.6mm thickness;Feature phone;2MB storage, no card slot;13;N/A;178,731 hits;;128x160 pixels; ;;630 mAh Li-Ion;GSM 900 / 1800;;;;2004, Q3;Discontinued;85 x 54 x 9.6 mm (3.35 x 2.13 x 0.38 in);70 g (2.47 oz);Mini-SIM;;TFT, 65K colors;;128 x 160 pixels;;;;;;No;2MB;VGA;LED flash;Yes;No;;No;No;No;;No;;;Removable Li-Ion battery;Up to 200 h;Up to 3 h;;;WallpapersDownloadable pictures;Predictive text inputOrganizer;Yes;No;;
https://www.gsmarena.com/nec_e338-858.php;https://fdn2.gsmarena.com/vv/bigpic/nee338.gif;NEC e338;Released 2004, Q3;114g, 23.3mm thickness;Feature phone;No card slot;8;N/A;218,766 hits;"2.0""";176x220 pixels; ;;1300 mAh Li-Ion;GSM 900 / 1800 / 1900;UMTS 2100;;Yes, 384 kbps;2004, Q3;Discontinued;93.8 x 47.1 x 23.3 mm, 89 cc (3.69 x 1.85 x 0.92 in);114 g (4.02 oz);Mini-SIM;;TFT, 65K colors;2.0 inches, 31 x 39 mm, 12.6 cm(~28.5% screen-to-body ratio);176 x 220 pixels (~141 ppi density);;;;;;No;;CIF, rotating lens;;No;No;;No;No;No;;No;Proprietary;;Removable Li-Ion 1300 mAh battery;Up to 180 h;Up to 2 h 30 min;;;;Video and audio streamingSyncMLAudio/video playerPredictive text inputOrganizerVoice memo;;;In 18 MB internal memory:- 4 MB maximum for MMS- 960 KB maximum for JAVA appl.- 5 MB for personal files;Audio formats: MIDI, MP3, AAC, WMA, WAVPicture formats: GIF, PNG, BMP,WBMP, JPEG, MPEG4 Video, WMV
https://www.gsmarena.com/nec_n620-831.php;https://fdn2.gsmarena.com/vv/bigpic/nen620.gif;NEC N620;Released 2004, Q3;102g, 20mm thickness;Feature phone;2MB storage, no card slot;10;N/A;114,908 hits;;176x220 pixels; ;;800 mAh Li-Ion;GSM 900 / 1900;;;;2004, Q3;Discontinued;99.5 x 52.5 x 20 mm (3.92 x 2.07 x 0.79 in);102 g (3.60 oz);Mini-SIM;;TFT resistive touchscreen, 256K colors;;176 x 220 pixels;;;;;;No;2MB;VGA;;Yes;No;;No;No;No;;No;;;Removable Li-Ion 800 mAh battery;Up to 200 h;Up to 2 h;Silver and Dark Blue;;Wallpapers, screensaversChinese handwriting recognitionDownloadable logos;Predictive text inputOrganizer;Yes;No;;
https://www.gsmarena.com/nec_n610-830.php;https://fdn2.gsmarena.com/vv/bigpic/nen610.gif;NEC N610;Released 2004, Q3;95g, 21.2mm thickness;Feature phone;No card slot;8;N/A;102,588 hits;;176x220 pixels; ;;700 mAh Li-Ion;GSM 900 / 1900;;;;2004, Q3;Discontinued;89 x 48.5 x 21.2 mm (3.50 x 1.91 x 0.83 in);95 g (3.35 oz);Mini-SIM;;TFT resistive touchscreen, 256K colors;;176 x 220 pixels;;;;;;No;;VGA;;Yes;No;;No;No;No;;No;;;Removable Li-Ion battery;Up to 150 h;Up to 2 h;Red, Black, Silver;;Wallpapers, screensaversChinese handwriting recognitionDownloadable logos;Predictive text inputOrganizer;Yes;No;;
https://www.gsmarena.com/nec_e228-810.php;https://fdn2.gsmarena.com/vv/bigpic/nee228.gif;NEC e228;Released 2004, Q2;125g, 21mm thickness;Feature phone;19MB storage, Memory Stick Duo slot;11;N/A;220,089 hits;"2.2""";176x220 pixels; ;;1100 mAh Li-Ion;GSM 900 / 1800;UMTS 2100;;Yes, 384 kbps;2004, Q2;Discontinued;129 x 54 x 21 mm (5.08 x 2.13 x 0.83 in);125 g (4.41 oz);Mini-SIM;;TFT, 65K colors;2.2 inches, 35 x 44 mm, 15.2 cm(~21.9% screen-to-body ratio);176 x 220 pixels (~128 ppi density);;;;;;Memory Stick Duo;19MB;VGA;;Yes;Yes;;No;No;No;;No;;;Removable Li-Ion 1100 mAh battery;Up to 100 h;Up to 2 h;;;;SyncMLMP3/MP4 playerPredictive text inputOrganizerVoice memo;;;;
https://www.gsmarena.com/nec_n410i-809.php;https://fdn2.gsmarena.com/vv/bigpic/nen410i.gif;NEC N410i;Released 2004, March;118g, 24mm thickness;Feature phone;32MB storage, no card slot;9;N/A;127,994 hits;"2.2""";240x320 pixels; ;;950 mAh Li-Ion;GSM 900 / 1800 / 1900;;;;2004, March;Discontinued;101 x 49 x 24 mm, 103 cc (3.98 x 1.93 x 0.94 in);118 g (4.16 oz);Mini-SIM;;TFT, 65K colors;2.2 inches, 33 x 45 mm, 15.0 cm(~30.3% screen-to-body ratio);240 x 320 pixels, 4:3 ratio (~182 ppi density);;;;;;No;32MB;1.3 MP;LED flash;Yes;No;;No;No;No;;No;Proprietary;;Removable Li-Ion 950 mAh battery;Up to 270 h;Up to 4 h 30 min;;;Second STN, 65K colors (108 x 80 pixels)Incoming call LED with 12 colorsWallpapersDownloadable wallpapers, animations;MP4 playerPredictive text inputOrganizerVoice memoProfiles;Class 8;No;;
https://www.gsmarena.com/nec_n400i-712.php;https://fdn2.gsmarena.com/vv/bigpic/nen400i.gif;NEC N400i;Released 2004, March;110g, 24mm thickness;Feature phone;4MB storage, no card slot;8;N/A;112,668 hits;"2.2""";240x320 pixels; ;;950 mAh Li-Ion;GSM 900 / 1800 / 1900;;;;2004, March;Discontinued;101 x 49 x 24 mm, 100 cc (3.98 x 1.93 x 0.94 in);110 g (3.88 oz);Mini-SIM;;65K colors;2.2 inches, 33 x 45 mm, 15.0 cm(~30.3% screen-to-body ratio);240 x 320 pixels, 4:3 ratio (~182 ppi density);;;;;;No;4MB;VGA;LED flash;Yes;No;;No;No;No;;No;Proprietary;;Removable Li-Ion 950 mAh battery;Up to 270 h;Up to 4 h;;;Second LCD 65K colors (108 x 80 pixels)Incoming call LED with 12 colorsWallpapersDownloadable wallpapers, animations;Predictive text inputOrganizerVoice dial/memoProfiles;Class 8;No;Total inbox mail size 600KB60 sec. voice memo;
https://www.gsmarena.com/nec_n331i-713.php;https://fdn2.gsmarena.com/vv/bigpic/nen331i.gif;NEC N331i;Released 2004, March;110g, 24mm thickness;Feature phone;No card slot;8;N/A;96,343 hits;;128x160 pixels; ;;700 mAh Li-Ion;GSM 900 / 1800 / 1900;;;;2004, March;Discontinued;101 x 48 x 24 mm, 90 cc (3.98 x 1.89 x 0.94 in);110 g (3.88 oz);Mini-SIM;;TFT, 65K colors;;128 x 160 pixels;;;;;;No;;CIF;;No;No;;No;No;No;;No;;;Removable Li-Ion 700 mAh battery;Up to 200 h;Up to 4 h;;;Second LCD display with 12 colors (30x96 pixels)WallpapersDownloadable wallpapers, animations;Predictive text inputOrganizerVoice memoProfiles;Class 10;No;;
https://www.gsmarena.com/nec_e313-671.php;https://fdn2.gsmarena.com/vv/bigpic/nee313.gif;NEC e313;Released 2004, Q1;126g, 20mm thickness;Feature phone;19MB storage, Memory Stick Duo slot;12;N/A;239,366 hits;;220x176 pixels; ;;1100 mAh Li-Ion;GSM 900 / 1800;UMTS 2100;;Yes, 384 kbps;2004, Q1;Discontinued;146 x 54 x 20 mm, 125 cc (5.75 x 2.13 x 0.79 in);126 g (4.44 oz);Mini-SIM;;TFT, 65K colors;;220 x 176 pixels;;;;;;Memory Stick Duo;19MB;VGA;;No;No;;No;No;GPS;;No;;;Removable Li-Ion 1100 mAh battery;Up to 110 h;Up to 2 h;Silver;;;MP3/MP4 playerPredictive text inputOrganizer;;;4 MB max for MMS;
https://www.gsmarena.com/nec_n910-615.php;https://fdn2.gsmarena.com/vv/bigpic/nen910.gif;NEC N910;Released 2004, Q1;76g, 22mm thickness;Feature phone;No card slot;11;N/A;171,570 hits;;128x160 pixels; ;;720 mAh Li-Ion;GSM 900 / 1800;;;;2004, Q1;Discontinued;57 x 52 x 22 mm (2.24 x 2.05 x 0.87 in);76 g (2.68 oz);Mini-SIM;;TFT, 65K colors;;128 x 160 pixels;;;;;;No;;VGA;;No;No;;No;No;No;;No;;;Removable Li-Ion battery;Up to 200 h;Up to 3 h;;;Second external display 96 x 64 pixels (256 colors OLED)Wallpapers;Predictive text inputOrganizer;Yes;No;;
https://www.gsmarena.com/nec_n900-646.php;https://fdn2.gsmarena.com/vv/bigpic/nen900.gif;NEC N900;Released 2004, Q1;70g, 8.6mm thickness;Feature phone;2MB storage, no card slot;12;N/A;185,355 hits;"1.8""";120x160 pixels; ;;750 mAh Li-Ion;GSM 900 / 1800;;;;2004, Q1;Discontinued;85 x 54 x 8.6 mm (3.35 x 2.13 x 0.34 in);70 g (2.47 oz);Mini-SIM;;TFT, 65K colors;1.8 inches, 29 x 35 mm, 10.0 cm(~21.9% screen-to-body ratio);120 x 160 pixels, 4:3 ratio (~111 ppi density);;;;;;No;2MB;VGA;LED flash;No;No;;No;No;No;;No;;;Removable Li-Ion battery;Up to 70 h;Up to 2 h;;;Wallpapers, screensaversDownloadable logos;Predictive text inputOrganizerVoice memo;Class 8;No;;
https://www.gsmarena.com/nec_n830-802.php;https://fdn2.gsmarena.com/vv/bigpic/nen830.gif;NEC N830;Released 2004, Q2;110g, 24mm thickness;Feature phone;No card slot;8;N/A;165,461 hits;"2.2""";320x240 pixels; ;;760 mAh Li-Ion;GSM 900 / 1800 / 1900;;;;2004, Q2;Discontinued;101 x 49 x 24 mm (3.98 x 1.93 x 0.94 in);110 g (3.88 oz);Mini-SIM;;TFT, 65K colors;2.2 inches, 33 x 45 mm, 15.0 cm(~30.3% screen-to-body ratio);320 x 240 pixels, 4:3 ratio (~182 ppi density);;;;;;No;;1.3 MP;;No;No;;No;No;No;;No;Proprietary;;Removable Li-Ion battery;Up to 100 h;Up to 3 h 30 min;;;Second STN 65K colors (108 x 80 pixels)Downloadable wallpapers,animations;Photo editorPredictive text inputOrganizerVoice recordingProfiles;Class 8;No;;
https://www.gsmarena.com/nec_n820-773.php;https://fdn2.gsmarena.com/vv/bigpic/nen820.gif;NEC N820;Released 2003, Q4;110g, 24mm thickness;Feature phone;4MB storage, no card slot;8;N/A;132,999 hits;"2.2""";320x240 pixels; ;;680 mAh Li-Ion;GSM 900 / 1800 / 1900;;;;2003, Q4;Discontinued;101 x 48 x 24 mm, 90 cc (3.98 x 1.89 x 0.94 in);110 g (3.88 oz);Mini-SIM;;TFT, 65K colors;2.2 inches, 33 x 45 mm, 15.0 cm(~30.9% screen-to-body ratio);320 x 240 pixels, 4:3 ratio (~182 ppi density);;;;;;No;4MB;VGA;LED flash;No;No;;No;No;No;;No;Proprietary;;Removable Li-Ion battery;Up to 100 h;Up to 5 h;;;Second STN 65K colors (108 x 80 pixels)Downloadable wallpapers, animations;Photo editorPredictive text inputOrganizerVoice recordingProfiles;Class 8;No;;
https://www.gsmarena.com/nec_n710-824.php;https://fdn2.gsmarena.com/vv/bigpic/nen710.gif;NEC N710;Released 2004, Q1;95g, 26mm thickness;Feature phone;2MB storage, no card slot;9;N/A;89,287 hits;"1.8""";128x160 pixels; ;;700 mAh Li-Ion;GSM 900 / 1800 / 1900;;;;2004, Q1;Discontinued;91 x 45 x 26 mm (3.58 x 1.77 x 1.02 in);95 g (3.35 oz);Mini-SIM;;TFT, 65K colors;1.8 inches, 29 x 35 mm, 10.2 cm(~24.9% screen-to-body ratio);128 x 160 pixels (~114 ppi density);;;;;;No;2MB;VGA;LED flash;No;No;;No;No;No;;No;Proprietary;;Removable Li-Ion battery;Up to 100 h;Up to 5 h;Silver, Pink;;Second external display 96 x 30 pixels (12 colors LCD)WallpapersDownloadable pictures and animations;Predictive text inputOrganizerPhoto editorVoice memo;Class 8;No;;
https://www.gsmarena.com/nec_n700-562.php;https://fdn2.gsmarena.com/vv/bigpic/nen700.gif;NEC N700;Released 2003, Q4;95g, 23mm thickness;Feature phone;No card slot;8;N/A;123,527 hits;"1.8""";128x160 pixels; ;;1050 mAh Li-Ion;GSM 900 / 1800;;;;2003, Q4;Discontinued;90 x 43 x 23 mm (3.54 x 1.69 x 0.91 in);95 g (3.35 oz);Mini-SIM;;TFT, 65K colors;1.8 inches, 29 x 35 mm, 10.2 cm(~26.3% screen-to-body ratio);128 x 160 pixels (~114 ppi density);;;;;;No;;CIF;LED flash;No;No;;No;No;No;;No;;;Removable Li-Ion battery;Up to 240 h;Up to 5 h;Silver, Gold;;Second external display 96 x 30 pixels (12 colors LCD)WallpapersDownloadable pictures and animations;Predictive text inputVoice memoOrganizer;Class 8;No;;
https://www.gsmarena.com/nec_n600-561.php;https://fdn2.gsmarena.com/vv/bigpic/nen600.gif;NEC N600;Released 2003, Q4;110g, 25mm thickness;Feature phone;No card slot;8;N/A;82,721 hits;;176x240 pixels; ;;1050 mAh Li-Ion;GSM 900 / 1800;;;;2003, Q4;Discontinued;93.5 x 48 x 25 mm (3.68 x 1.89 x 0.98 in);110 g (3.88 oz);Mini-SIM;;TFT resistive touchscreen, 65K colors;;176 x 240 pixels, 4:3 ratio;;;;;;No;;VGA;;No;No;;No;No;No;;No;;;Removable Li-Ion battery;Up to 110 h;Up to 2 h 20 min;Silver;;Second external mono LCD display (96 x 64 pixels)WallpapersDownloadable pictures and animations;Predictive text inputVoice memoOrganizer;Yes;No;Handwriting recognition software;
https://www.gsmarena.com/nec_c616v-783.php;https://fdn2.gsmarena.com/vv/bigpic/nec616v.gif;NEC c616v;Released 2003, Q4;130g, 26mm thickness;Feature phone;19MB storage, Memory Stick Duo slot;12;N/A;162,540 hits;"2.2""";176x240 pixels; ;;780 mAh Li-Ion;GSM 900 / 1800;UMTS 2100;;Yes, 384 kbps;2003, Q4;Discontinued;103 x 53 x 26 mm, 120 cc (4.06 x 2.09 x 1.02 in);130 g (4.59 oz);Mini-SIM;;TFT, 65K colors;2.2 inches, 35 x 43 mm, 14.9 cm(~27.3% screen-to-body ratio);176 x 240 pixels, 4:3 ratio (~135 ppi density);;;;;;Memory Stick Duo;19MB;VGA;;Yes;Yes;;No;1.1;GPS, A-GPS;;No;Proprietary;;Removable Li-Ion 780 mAh battery;Up to 120 h;Up to 1h 50 min;Silver or Graphite;;Second external monochrome display (120 x 30 pixels)WallpapersDownloadable pictures;Predictive text inputMP3 playerH.263 playerOrganizerVoice recorder;;;;
https://www.gsmarena.com/nec_e616-533.php;https://fdn2.gsmarena.com/vv/bigpic/nee616.gif;NEC e616;Released 2003, Q4;130g, 26mm thickness;Feature phone;19MB storage, Memory Stick Duo slot;17;N/A;381,800 hits;"2.2""";176x240 pixels; ;;780 mAh Li-Ion;GSM 900 / 1800;UMTS 2100;;Yes, 384 kbps;2003, Q4;Discontinued;103 x 53 x 26 mm, 120 cc (4.06 x 2.09 x 1.02 in);130 g (4.59 oz);Mini-SIM;;TFT, 65K colors;2.2 inches, 35 x 43 mm, 14.9 cm(~27.3% screen-to-body ratio);176 x 240 pixels, 4:3 ratio (~135 ppi density);;;;;;Memory Stick Duo;19MB;CIF;LED flash;Yes;Yes;;No;1.1;GPS;;No;Proprietary;;Removable Li-Ion 780 mAh battery;Up to 120 h;Up to 1 h 50 min;Silver;;Second external monochrome display (120 x 30 pixels)WallpapersDownloadable pictures and animations;MP3/H.263 playerPredictive text inputOrganizer;;;;
https://www.gsmarena.com/nec_e808y-485.php;https://fdn2.gsmarena.com/vv/bigpic/nee808y.gif;NEC e808y;Released 2003, Q3;190g, 20mm thickness;Feature phone;64MB storage, no card slot;12;N/A;133,594 hits;;132x160 pixels, 8 lines; ;;1000 mAh Li-Ion;GSM 900 / 1800;UMTS 2100;;Yes, 384 kbps;2003, Q3;Discontinued;143 x 75 x 20 mm (5.63 x 2.95 x 0.79 in);190 g (6.70 oz);Mini-SIM;;TFT, 65K colors;;132 x 160 pixels, 8 lines;;;;;;No;64MB;CIF;;Yes;Yes;;No;No;No;;No;Proprietary;;Removable Li-Ion battery;Up to 70 h;Up to 3 h;2 - Gold, Black;;Wallpapers;Media player (audio and video)OrganizerVoice dial/memoVideo downloadFormats: MP4-Video, MP4 AAC, WMA, AMR, JPG, GIF, BMP, MIDI;;;20 sec voice memo12 sec video recorder;
https://www.gsmarena.com/nec_e808-482.php;https://fdn2.gsmarena.com/vv/bigpic/nee808.gif;NEC e808;Released 2003, Q1;200g, 23mm thickness;Feature phone;64MB storage, no card slot;11;N/A;152,021 hits;;162x132 pixels, 8 lines; ;;1200 mAh Li-Ion;GSM 900 / 1800;UMTS 2100;;Yes, 384 kbps;2003, Q1;Discontinued;105 x 80 x 23 mm (4.13 x 3.15 x 0.91 in);200 g (7.05 oz);Mini-SIM;;TFT, 65K colors;;162 x 132 pixels, 8 lines;;;;;;No;64MB;CIF;;Yes;Yes;;No;No;No;;No;Proprietary;;Removable Li-Ion 1200 mAh battery;Up to 200 h;Up to 3 h 20 min;2 - Gold, Black;;Wallpapers;Media player (audio and video)OrganizerVoice dialVoice memoVideo download;;;20 sec voice memo12 sec video recorder;
https://www.gsmarena.com/nec_e606-481.php;https://fdn2.gsmarena.com/vv/bigpic/nee606.gif;NEC e606;Released 2003, Q1;145g, 32mm thickness;Feature phone;32MB storage, no card slot;13;N/A;177,983 hits;;132x160 pixels, 8 lines; ;;1200 mAh Li-Ion;GSM 900 / 1800;UMTS 2100;;Yes, 384 kbps;2003, Q1;Discontinued;109 x 53 x 32 mm, 140 cc (4.29 x 2.09 x 1.26 in);145 g (5.11 oz);Mini-SIM;;TFT, 65K colors;;132 x 160 pixels, 8 lines;;;;;;No;32MB;CIF;;Yes;Yes;;No;1.1;No;;No;Proprietary;;Removable Li-Ion 1200 mAh battery;Up to 200 h;Up to 3 h 20 min;;;Navi keyWallpapers;Media player (audio and video)Predictive text inputOrganizerVoice dial/memoVideo downloadFormats: MP4-Video, MP4 AAC, WMA, AMR, JPG, GIF, BMP, MIDI;;;20 sec voice memo12 sec video recorder;
https://www.gsmarena.com/nec_e530-548.php;https://fdn2.gsmarena.com/vv/bigpic/nee530.gif;NEC e530;Released 2003, Q4;110g, 24mm thickness;Feature phone;2MB storage, no card slot;9;N/A;81,328 hits;;162x216 pixels; ;;800 mAh Li-Ion;GSM 900 / 1800;;;;2003, Q4;Discontinued;101 x 48 x 24 mm, 90 cc (3.98 x 1.89 x 0.94 in);110 g (3.88 oz);Mini-SIM;;TFT, 65K colors;;162 x 216 pixels, 4:3 ratio;;;;;;No;2MB;CIF;;No;No;;No;No;No;;No;Proprietary;;Removable Li-Ion 800 mAh battery;Up to 200 h;Up to 3 h 20 min;Silver;;Second LCD 4096 colors (80 x 108 pixels)Download wallpapers, animations;Predictive text inputOrganizerVoice memoProfiles;Yes;No;10 x 15 sec. voice memo;
https://www.gsmarena.com/nec_e525-415.php;https://fdn2.gsmarena.com/vv/bigpic/nee525.gif;NEC e525;Released 2003;110g, 24mm thickness;Feature phone;1MB storage, no card slot;9;N/A;168,064 hits;;162x216 pixels; ;;800 mAh Li-Ion;GSM 850 / 900 / 1800 / 1900;;;;2003;Discontinued;101 x 48 x 24 mm, 90 cc (3.98 x 1.89 x 0.94 in);110 g (3.88 oz);Mini-SIM;;TFT, 65K colors;;162 x 216 pixels, 4:3 ratio;;;;;;No;1MB;CIF;;No;No;;No;No;No;;No;Proprietary;;Removable Li-Ion 800 mAh battery;Up to 200 h;Up to 3 h 20 min;Silver;;Second LCD 4096 colors (80 x 108 pixels);Predictive text inputOrganizerVoice memoProfiles;Class 8;No;20 x 20 sec. voice memo;
https://www.gsmarena.com/nec_e232-547.php;https://fdn2.gsmarena.com/vv/bigpic/nee232.gif;NEC e232;Released 2003, Q2;90g, 23mm thickness;Feature phone;No card slot;8;N/A;71,303 hits;;128x160 pixels; ;;700 mAh Li-Ion;GSM 900 / 1800 / 1900;;;;2003, Q2;Discontinued;90 x 43 x 23 mm, 97 cc (3.54 x 1.69 x 0.91 in);90 g (3.17 oz);Mini-SIM;;TFT, 65K colors;;128 x 160 pixels;;;;;;No;;CIF;;No;No;;No;No;No;;No;;;Removable Li-Ion 700 mAh battery;Up to 220 h;Up to 3 h 30 min;;;Second 12 colors LED (30 x 96 pixels)Download wallpapers, animations;Predictive text inputOrganizerVoice memo;Yes;No;10 x 20 sec. voice memo;
https://www.gsmarena.com/nec_n341i-414.php;https://fdn2.gsmarena.com/vv/bigpic/nen341i.gif;NEC N341i;Released 2003;110g, 24mm thickness;Feature phone;No card slot;9;N/A;115,603 hits;;162x216 pixels; ;;800 mAh Li-Ion;GSM 900 / 1800;;;;2003;Discontinued;101 x 48 x 24 mm, 90 cc (3.98 x 1.89 x 0.94 in);110 g (3.88 oz);Mini-SIM;;TFT, 65K colors;;162 x 216 pixels, 4:3 ratio;;;;;;No;;CIF;;No;No;;No;No;No;;No;Proprietary;;Removable Li-Ion 800 mAh battery;Up to 200 h;Up to 3 h 20 min;Silver;;Second LCD 4096 colors (80 x 108 pixels)Downloadable wallpapers, animations;Predictive text inputOrganizerVoice memoProfiles;Class 8;No;;
https://www.gsmarena.com/nec_n223i-601.php;https://fdn2.gsmarena.com/vv/bigpic/nen223i.gif;NEC N223i;Released 2003;110g, 26mm thickness;Feature phone;No card slot;9;N/A;72,212 hits;;120x160 pixels; ;;780 mAh Li-Ion;GSM 900 / 1800;;;;2003;Discontinued;88 x 45 x 26 mm, 90 cc (3.46 x 1.77 x 1.02 in);110 g (3.88 oz);Mini-SIM;;CSTN, 4096 colors;;120 x 160 pixels, 4:3 ratio;;;;;;No;;No;;;;;No;No;No;;No;;;Removable Li-Ion 780 mAh battery;Up to 200 h;Up to 3 h 20 min;Silver;;Second LCD (120 x 30 pixels) with 12 colorDownload wallpaper, animation;Predictive text inputOrganizerVoice memoProfiles;Class 8;No;10 x 20 sec voice memo;
https://www.gsmarena.com/nec_n22i-413.php;https://fdn2.gsmarena.com/vv/bigpic/nen22i.gif;NEC N22i;Released 2003;110g, 27mm thickness;Feature phone;No card slot;9;N/A;92,190 hits;;120x160 pixels; ;;800 mAh Li-Ion;GSM 900 / 1800;;;;2003;Discontinued;101 x 48 x 27 mm, 94 cc (3.98 x 1.89 x 1.06 in);110 g (3.88 oz);Mini-SIM;;CSTN, 4096 colors;;120 x 160 pixels, 4:3 ratio;;;;;;No;;No;;;;;No;No;No;;No;;;Removable Li-Ion 800 mAh battery;Up to 200 h;Up to 3 h 20 min;Silver;;Second LCD (120 x 30 pixels) with 12 color backlightDownloadable wallpapers, animations;Predictive text inputOrganizerVoice memoProfilesInterchangeable covers;Class 8;No;10 x 20 sec voice memo;
https://www.gsmarena.com/nec_n21i-302.php;https://fdn2.gsmarena.com/vv/bigpic/nen21i.gif;NEC N21i;Released 2002;120g, 24.7mm thickness;Feature phone;No card slot;9;N/A;144,763 hits;;120x160 pixels, 10 lines; ;;1550 mAh Li-Ion;GSM 900 / 1800;;;;2002;Discontinued;102 x 52 x 24.7 mm (4.02 x 2.05 x 0.97 in);120 g (4.23 oz);Mini-SIM;;CSTN, 256 colors;;120 x 160 pixels, 10 lines, 4:3 ratio;;;;;;No;;No;;;;;No;No;No;;No;;;Removable Li-Ion battery;165 h;3 h;Silver;;LED in 7 colors, color assigned to contact groupsDynamic font sizeDownload wallpaper, animation and CLI pictures;Predictive text inputOrganizerVoice memo/dialProfilesScratchpad;Class 8;No;;
https://www.gsmarena.com/nec_db7000-301.php;https://fdn2.gsmarena.com/vv/bigpic/nedb7000.gif;NEC DB7000;Released 2002;120g, 24.7mm thickness;Feature phone;No card slot;9;N/A;103,386 hits;;120x160 pixels; ;;1550 mAh Li-Ion;GSM 900 / 1800;;;;2002;Discontinued;102 x 52 x 24.7 mm (4.02 x 2.05 x 0.97 in);120 g (4.23 oz);Mini-SIM;;CSTN, 256 colors;;120 x 160 pixels, 4:3 ratio;;;;;;No;;No;;;;;No;No;No;;No;;;Removable Li-Ion battery;165 h;3 h;Silver;;LED in 7 colors, color assigned to contact groupsDynamic font sizeDownload wallpaper, animation and CLI pictures;Predictive text inputOrganizerVoice memoProfilesScratchpad;Class 8;No;;
https://www.gsmarena.com/nec_db6000-231.php;https://fdn2.gsmarena.com/vv/bigpic/nedb6000.gif;NEC DB6000;Released 2001;26mm thickness;Feature phone;No card slot;9;N/A;97,049 hits;;120x160 pixels; ;;600 mAh Li-Ion;GSM 900 / 1800;;;;2001;Discontinued;94 x 50 x 26 mm, 100 cc (3.70 x 1.97 x 1.02 in);;Mini-SIM;;Monochrome graphic;;120 x 160 pixels, 4:3 ratio;;;;;;No;;No;;;;;No;No;No;;No;;;Removable Li-Ion battery;195 h;5 h;Silver;;Dynamic font sizeWake up picture downloadable via WAP;Predictive text inputOrganizerVoice memoProfilesScratchpad;No;No;;
https://www.gsmarena.com/nec_db5000-230.php;https://fdn2.gsmarena.com/vv/bigpic/nedb5000.gif;NEC DB5000;Released 2001;99g, 23mm thickness;Feature phone;No card slot;7;N/A;71,207 hits;;97x59 pixels; ;;600 mAh Li-Ion;GSM 900 / 1800;;;;2001;Discontinued;90 x 46 x 23 mm, 85 cc (3.54 x 1.81 x 0.91 in);99 g (3.49 oz);Mini-SIM;;Monochrome graphic;;97 x 59 pixels, 5:3 ratio;;;;;;No;;No;;;;;No;No;No;;No;;;Removable Li-Ion battery;200 h;5 h;Silver;;See who is calling feature7 colour LEDDynamic font size;Predictive text inputProfilesOrganizerScratchpad;No;No;;
https://www.gsmarena.com/nec_db4100-205.php;https://fdn2.gsmarena.com/vv/bigpic/nedb4100.gif;NEC DB4100;Released 2000;99g, 22mm thickness;Feature phone;No card slot;8;N/A;59,966 hits;;97x59 pixels; ;;800 mAh Li-Ion;GSM 900 / 1800;;;;2000;Discontinued;120 x 42 x 22 mm, 89 cc (4.72 x 1.65 x 0.87 in);99 g (3.49 oz);Mini-SIM;;Alphanumeric;;97 x 59 pixels, 5:3 ratio;;;;;;No;;No;;;;;No;No;No;;No;;;Removable Li-Ion battery;195 h;330 min;;;Dynamic font sizeSoftkeys;ProfilesOrganizerScratchpad;No;No;;
https://www.gsmarena.com/nec_db4000-157.php;https://fdn2.gsmarena.com/vv/bigpic/ned4000b.gif;NEC DB4000;Released 2000;99g, 22mm thickness;Feature phone;No card slot;7;N/A;65,988 hits;;97x59 pixels; ;;550 mAh Li-Ion;GSM 900 / 1800;;;;2000;Discontinued;120 x 42 x 22 mm, 89 cc (4.72 x 1.65 x 0.87 in);99 g (3.49 oz);Mini-SIM;;Alphanumeric;;97 x 59 pixels, 5:3 ratio;;;;;;No;;No;;;;;No;No;No;;No;;;Removable Li-Ion battery;195 h;330 min;Metallic;;Dynamic font sizeSoftkeys;ProfilesOrganizerScratchpad;No;No;;
https://www.gsmarena.com/nec_db2000-156.php;https://fdn2.gsmarena.com/vv/bigpic/ned2000b.gif;NEC DB2000;Released 1999;130g, 19mm thickness;Feature phone;No card slot;10;N/A;93,274 hits;;4x12 chars; ;;550 mAh Li-Ion;GSM 900 / 1800;;;;1999;Discontinued;131 x 41 x 19 mm, 100 cc (5.16 x 1.61 x 0.75 in);130 g (4.59 oz);Mini-SIM;;Alphanumeric;;4 x 12 chars;;;;;;No;;No;;;;;No;No;No;;No;;;Removable Li-Ion battery;150 - 300 h;200 - 480 min;Metallic;;Fixed icons;OrganizerScratchpad;No;No;;
https://www.gsmarena.com/nec_db500-155.php;https://fdn2.gsmarena.com/vv/bigpic/nedb500b.gif;NEC DB500;Released 1999;135g, 26mm thickness;Feature phone;No card slot;6;N/A;64,400 hits;;4x12 chars; ;;550 mAh NiMH;GSM 900 / 1800;;;;1999;Discontinued;134 x 48 x 26 mm, 120 cc (5.28 x 1.89 x 1.02 in);135 g (4.76 oz);Mini-SIM;;Alphanumeric;;4 x 12 chars;;;;;;No;;No;;;;;No;No;No;;No;;;Removable NiMH battery;130 - 150 h;120 - 400 min;4;;Fixed icons;OrganizerScratchpadInterchangeable front covers;No;No;;
https://www.gsmarena.com/nec_g9d+-154.php;https://fdn2.gsmarena.com/vv/bigpic/neg9dpb.gif;NEC G9D+;Released 1997;200g, 22.5mm thickness;Feature phone;No card slot;8;N/A;75,175 hits;;4x12 chars; ;;550 mAh NiMH;GSM 900;;;;1997;Discontinued;145 x 49 x 22.5 mm (5.71 x 1.93 x 0.89 in);200 g (7.05 oz);Mini-SIM;;Alphanumeric;;4 x 12 chars;;;;;;No;;No;;;;;No;No;No;;No;;;Removable NiMH battery;28 h;105 min;;;Fixed icons;;No;No;;
