Link;Image;Name;Release date;Weight;OS;Storage;Fans;Popularity;Hits;Screen_size;Screen_resolution;RAM;SOC;Battery;net2g;net3g;net4g;speed;year;status;dimensions;weight;sim;displaytype;displaysize;displayresolution;displayprotection;os;chipset;cpu;gpu;memoryslot;internalmemory;memoryother;cam1modules;cam1features;cam1video;cam2modules;cam2video;wlan;bluetooth;gps;nfc;radio;usb;sensors;batdescription1;colors;models;price;cam2features;batstandby1;battalktime1;gprstext;edge;optionalother;featuresother
https://www.gsmarena.com/qmobile_noir_a1-8757.php;https://fdn2.gsmarena.com/vv/bigpic/QMobile_Noir_A1.jpg;QMobile Noir A1;Released 2017, July;182g, 8.3mm thickness;Android 7, Amigo OS 4;64GB storage, microSDXC;6;0.1%;127,245 hits;"5.5""";1080x1920 pixels;4 GB RAM;Helio P10;4010 mAh Li-Ion;GSM 850 / 900 / 1800 / 1900 - SIM 1 & SIM 2;HSDPA 850 / 900 / 1900 / 2100;1, 3, 5, 40, 41;HSPA 42.2/5.76 Mbps, LTE-A (2CA) Cat6 300/50 Mbps;2017, June. Released 2017, July;Discontinued;154.5 x 76.5 x 8.3 mm (6.08 x 3.01 x 0.33 in);182 g (6.42 oz);Hybrid Dual SIM (Nano-SIM/ Micro-SIM, dual stand-by);IPS LCD;5.5 inches, 83.4 cm(~70.6% screen-to-body ratio);1080 x 1920 pixels, 16:9 ratio (~401 ppi density);Corning Gorilla Glass (unspecified version);Android 7 (Nougat), Amigo OS 4;Mediatek MT6755 Helio P10 (28 nm);Octa-core (4x2.0 GHz Cortex-A53 & 4x1.0 GHz Cortex-A53);Mali-T860MP2;microSDXC (uses shared SIM slot);64GB 4GB RAM;eMMC 5.1;"13 MP, f/2.0, 1/3.1"", 1.12µm, PDAF";LED flash, panorama, HDR;1080p@30fps;"16 MP, f/2.2, 26mm (wide), 1/3.06"", 1.0µm";;Wi-Fi 802.11 a/b/g/n, Wi-Fi Direct;4.0, A2DP;GPS;No;FM radio;microUSB 2.0, OTG;Fingerprint (front-mounted), accelerometer, gyro, proximity, compass;Li-Ion 4010 mAh, non-removable;Black, Gray, Gold;Noir A1;About 27500 INR;;;;;;;
https://www.gsmarena.com/qmobile_noir_e2-8758.php;https://fdn2.gsmarena.com/vv/bigpic/QMobile_Noir_E2-.jpg;QMobile Noir E2;Released 2017, June;9.1mm thickness;Android 7.0;16GB storage, microSDXC;3;N/A;133,201 hits;"5.2""";720x1280 pixels;3 GB RAM;Helio P10;4000 mAh Li-Po;GSM 850 / 900 / 1800 / 1900 - SIM 1 & SIM 2;HSDPA 850 / 2100;3, 5;HSPA, LTE;2017, June. Released 2017, June;Discontinued;148.7 x 72.4 x 9.1 mm (5.85 x 2.85 x 0.36 in);-;Hybrid Dual SIM;IPS LCD;5.2 inches, 74.5 cm(~69.2% screen-to-body ratio);720 x 1280 pixels, 16:9 ratio (~282 ppi density);;Android 7.0 (Nougat);Mediatek MT6755 Helio P10 (28 nm);Octa-core (4x2.0 GHz Cortex-A53 & 4x1.0 GHz Cortex-A53);Mali-T860MP2;microSDXC (uses shared SIM slot);16GB 3GB RAM;eMMC 5.1;13 MP, f/2.2, AF;LED flash, HDR, panorama;1080p@30fps;8 MP, f/2.2;;Wi-Fi 802.11 b/g/n, Wi-Fi Direct;4.0, A2DP;GPS;No;FM radio;microUSB 2.0;Fingerprint (front-mounted), accelerometer, proximity, compass;Li-Po 4000 mAh, removable;Gold;E2 Noir;About 15500 INR;;;;;;;
https://www.gsmarena.com/qmobile_j7_pro-8759.php;https://fdn2.gsmarena.com/vv/bigpic/QMobile_J7_Pro.jpg;QMobile J7 Pro;Released 2017, May;175g, 9.2mm thickness;Android 6.0;32GB storage, microSDXC;1;N/A;79,101 hits;"5.5""";720x1280 pixels;3 GB RAM;MT6737T;3150 mAh Li-Po;GSM 850 / 900 / 1800 / 1900 - SIM 1 & SIM 2;HSDPA 850 / 1700(AWS) / 1900 / 2100;3, 5, 40, 41;HSPA 42.2/11.5 Mbps, LTE Cat4 150/50 Mbps;2017, May. Released 2017, May;Discontinued;154 x 76.6 x 9.2 mm (6.06 x 3.02 x 0.36 in);175 g (6.17 oz);Hybrid Dual SIM (Micro-SIM, dual stand-by);IPS LCD;5.5 inches, 83.4 cm(~70.7% screen-to-body ratio);720 x 1280 pixels, 16:9 ratio (~267 ppi density);Corning Gorilla Glass 3;Android 6.0 (Marshmallow);Mediatek MT6737T (28 nm);Quad-core 1.4 GHz Cortex-A53;Mali-T720;microSDXC (uses shared SIM slot);32GB 3GB RAM;eMMC 5.0;13 MP, PDAF;LED flash, HDR, panorama;1080p@30fps;8 MP;;Wi-Fi 802.11 b/g/n, Wi-Fi Direct;4.0, A2DP;GPS;No;FM radio;microUSB 2.0, OTG;Accelerometer, proximity, compass;Li-Po 3150 mAh, non-removable;Gold, Blue;;About 18000 INR;;;;;;;
https://www.gsmarena.com/qmobile_m6-8760.php;https://fdn2.gsmarena.com/vv/bigpic/QMobile_M6.jpg;QMobile M6;Released 2017, March;180g, 8.2mm thickness;Android 6.0, Amigo 3.5;64GB storage, microSDXC;6;N/A;87,053 hits;"5.5""";1080x1920 pixels;4 GB RAM;Helio P10;5000 mAh Li-Po;GSM 850 / 900 / 1800 / 1900 - SIM 1 & SIM 2;HSDPA 900 / 1900 / 2100;3, 5, 40;HSPA 42.2/5.76 Mbps, LTE-A (2CA) Cat6 300/50 Mbps;2017, March. Released 2017, March;Discontinued;152.3 x 75.3 x 8.2 mm (6.00 x 2.96 x 0.32 in);180 g (6.35 oz);Dual SIM (Micro-SIM, dual stand-by);AMOLED;5.5 inches, 83.4 cm(~72.7% screen-to-body ratio);1080 x 1920 pixels, 16:9 ratio (~401 ppi density);;Android 6.0 (Marshmallow), Amigo 3.5;Mediatek MT6755 Helio P10 (28 nm);Octa-core (4x2.0 GHz Cortex-A53 & 4x1.0 GHz Cortex-A53);Mali-T860MP2;microSDXC (dedicated slot);64GB 4GB RAM;eMMC 5.1;"13 MP, f/2.0, 1/3.1"", 1.12µm, PDAF";LED flash, panorama, HDR;1080p@30fps;"8 MP, f/2.2, 1/4"", 1.12µm";;Wi-Fi 802.11 b/g/n, Wi-Fi Direct;4.0, A2DP;GPS;No;FM radio, recording;microUSB 2.0, OTG;Fingerprint (front-mounted), accelerometer, gyro, proximity, compass;Li-Po 5000 mAh, non-removable;Gold, Coffee;;About 29500 INR;;;;;;;
https://www.gsmarena.com/qmobile_m6_lite-8761.php;https://fdn2.gsmarena.com/vv/bigpic/QMobile_M6_Lite.jpg;QMobile M6 Lite;Released 2017, March;184g, 10mm thickness;Android 6.0;16GB storage, microSDXC;0;N/A;58,862 hits;"5.0""";720x1280 pixels;3 GB RAM;MT6737;4000 mAh Li-Po;GSM 850 / 900 / 1800 / 1900 - SIM 1 & SIM 2;HSDPA 900 / 2100;3, 5, 40;HSPA, LTE;2017, March. Released 2017, March;Discontinued;144 x 71 x 10 mm (5.67 x 2.80 x 0.39 in);184 g (6.49 oz);Dual SIM (Micro-SIM, dual stand-by);IPS LCD;5.0 inches, 68.9 cm(~67.4% screen-to-body ratio);720 x 1280 pixels, 16:9 ratio (~294 ppi density);;Android 6.0 (Marshmallow);Mediatek MT6737 (28 nm);Quad-core 1.3 GHz Cortex-A53;Mali-T720MP2;microSDXC (dedicated slot);16GB 3GB RAM;eMMC 5.0;13 MP, f/2.2, AF;LED flash, HDR, panorama;1080p@30fps;5 MP, f/2.2;;Wi-Fi 802.11 b/g/n, Wi-Fi Direct;4.0, A2DP;GPS;No;FM radio;microUSB 2.0;Accelerometer, proximity, compass;Li-Po 4000 mAh, removable;Gold;M6 Lite;About 16500 INR;;;;;;;
https://www.gsmarena.com/qmobile_king_kong_max-8762.php;https://fdn2.gsmarena.com/vv/bigpic/QMobile_KING_KONG_MAX.jpg;QMobile King Kong Max;Released 2017, January;162g, 8.2mm thickness;Android 6.0;32GB storage, microSDXC;0;N/A;62,046 hits;"5.3""";720x1280 pixels;3 GB RAM;MT6750;4000 mAh Li-Po;GSM 850 / 900 / 1800 / 1900 - SIM 1 & SIM 2;HSDPA 900 / 2100;1, 3, 5, 7, 20, 38, 39, 40, 41;HSPA, LTE;2017, January. Released 2017, January;Discontinued;149 x 73.2 x 8.2 mm (5.87 x 2.88 x 0.32 in);162 g (5.71 oz);Dual SIM (Micro-SIM, dual stand-by);IPS LCD;5.3 inches, 77.4 cm(~71.0% screen-to-body ratio);720 x 1280 pixels, 16:9 ratio (~277 ppi density);;Android 6.0 (Marshmallow);Mediatek MT6750 (28 nm);Octa-core (4x1.5 GHz Cortex-A53 & 4x1.0 GHz Cortex-A53);Mali-T860MP2;microSDXC;32GB 3GB RAM;eMMC 5.1;13 MP, AF;LED flash, HDR, panorama;1080p@30fps;5 MP;;Wi-Fi 802.11 b/g/n, Wi-Fi Direct;4.0, A2DP;GPS;No;FM radio;microUSB 2.0;Accelerometer, gyro, proximity, compass;Li-Po 4000 mAh, non-removable;Gold;;About 18500 INR;;;;;;;
https://www.gsmarena.com/qmobile_m350_pro-8764.php;https://fdn2.gsmarena.com/vv/bigpic/QMobile_M350_Pro.jpg;QMobile M350 Pro;Released 2017, February;179g, 9.4mm thickness;Android 6, Amigo 3;16GB storage, microSDXC;0;N/A;61,105 hits;"5.0""";720x1280 pixels;2 GB RAM;MT6580M;5000 mAh Li-Ion;GSM 850 / 900 / 1800 / 1900 - SIM 1 & SIM 2;HSDPA 850 / 2100;;HSPA 21.1/5.76 Mbps;2017, February. Released 2017, February;Discontinued;145.5 x 71 x 9.4 mm (5.73 x 2.80 x 0.37 in);179 g (6.31 oz);Dual SIM (Micro-SIM, dual stand-by);IPS LCD;5.0 inches, 68.9 cm(~66.7% screen-to-body ratio);720 x 1280 pixels, 16:9 ratio (~294 ppi density);;Android 6 (Marshmallow), Amigo 3;Mediatek MT6580M (28 nm);Quad-core 1.3 GHz Cortex-7;Mali-400MP2;microSDXC (dedicated slot);16GB 2GB RAM;;"8 MP, f/2.2, 1/4.0"", AF";LED flash, panorama, HDR;1080p@30fps;5 MP, f/2.4;;Wi-Fi 802.11 b/g/n, dual-band, Wi-Fi Direct;4.0, A2DP;GPS;No;FM radio;microUSB 2.0;Accelerometer, gyro, proximity;Li-Ion 5000 mAh, non-removable;Black, Gold, White;M350, M350 Pro;;;;;;;;
https://www.gsmarena.com/qmobile_energy_x2-8763.php;https://fdn2.gsmarena.com/vv/bigpic/QMobile_Energy_X2.jpg;QMobile Energy X2;Released 2017, February;184g, 9.9mm thickness;Android 6.0;16GB storage, microSDXC;0;N/A;64,447 hits;"5.0""";720x1280 pixels;2 GB RAM;MT6580M;5000 mAh Li-Ion;GSM 850 / 900 / 1800 / 1900 - SIM 1 & SIM 2;HSDPA 850 / 2100;;HSPA;2017, February. Released 2017, February;Discontinued;143 x 73 x 9.9 mm (5.63 x 2.87 x 0.39 in);184 g (6.49 oz);Dual SIM (Micro-SIM, dual stand-by);IPS LCD;5.0 inches, 68.9 cm(~66.0% screen-to-body ratio);720 x 1280 pixels, 16:9 ratio (~294 ppi density);;Android 6.0 (Marshmallow);Mediatek MT6580M (28 nm);Quad-core 1.3 GHz Cortex-7;Mali-400MP2;microSDXC (dedicated slot);16GB 2GB RAM;;8 MP, f/2.0, AF;LED flash, HDR, panorama;1080p@30fps;5 MP;;Wi-Fi 802.11 b/g/n, Wi-Fi Direct;4.0, A2DP;GPS;No;FM radio;microUSB 2.0, OTG;Accelerometer, proximity;Li-Ion 5000 mAh, non-removable;Gold, Silver, Gray;ENERGY X2;;;;;;;;
https://www.gsmarena.com/qmobile_e1-8765.php;https://fdn2.gsmarena.com/vv/bigpic/QMobile_E1.jpg;QMobile E1;Released 2017, January;8.9mm thickness;Android 6.0;16GB storage, microSDXC;0;N/A;70,701 hits;"5.0""";720x1280 pixels;3 GB RAM;MT6735P;4000 mAh Li-Po;GSM 850 / 900 / 1800 / 1900 - SIM 1 & SIM 2;HSDPA 850 / 2100;3, 5;HSPA 42.2/11.5 Mbps, LTE Cat4 150/50 Mbps;2017, January. Released 2017, January;Discontinued;143.8 x 72 x 8.9 mm (5.66 x 2.83 x 0.35 in);-;Dual SIM (Micro-SIM, dual stand-by);IPS LCD;5.0 inches, 68.9 cm(~66.6% screen-to-body ratio);720 x 1280 pixels, 16:9 ratio (~294 ppi density);;Android 6.0 (Marshmallow);Mediatek MT6735P (28 nm);Quad-core 1.0 GHz Cortex-A53;Mali-T720MP2;microSDXC;16GB 3GB RAM;;8 MP, f/2.2, AF;LED flash;1080p@30fps;5 MP, f/2.4;;Wi-Fi 802.11 b/g/n, Wi-Fi Direct;4.0, A2DP;GPS;No;FM radio;microUSB 2.0;Accelerometer, proximity, compass;Li-Po 4000 mAh, removable;Black, Gold;E1;;;;;;;;
https://www.gsmarena.com/qmobile_noir_s6_plus-8766.php;https://fdn2.gsmarena.com/vv/bigpic/QMobile_S6_Plus.jpg;QMobile Noir S6 Plus;Released 2016, June;150g, 8.7mm thickness;Android 6.0;16GB storage, microSDXC;0;N/A;59,220 hits;"5.5""";720x1280 pixels;2 GB RAM;MT6580;2500 mAh Li-Po;GSM 850 / 900 / 1800 / 1900 - SIM 1 & SIM 2;HSDPA 900 / 2100;;HSPA 21.1/5.76 Mbps;2016, June. Released 2016, June;Discontinued;144.4 x 72.5 x 8.7 mm (5.69 x 2.85 x 0.34 in);150 g (5.29 oz);Dual SIM;IPS LCD;5.5 inches, 83.4 cm(~79.7% screen-to-body ratio);720 x 1280 pixels, 16:9 ratio (~267 ppi density);;Android 6.0 (Marshmallow);Mediatek MT6580 (28 nm);Quad-core 1.3 GHz Cortex-A7;Mali-400MP2;microSDXC;16GB 2GB RAM;;"8 MP, f/2.0, 1/4.0"", AF";LED flash, panorama, HDR;1080p@30fps;5 MP, f/2.0;;Wi-Fi 802.11 b/g/n, dual-band, Wi-Fi Direct;4.0, A2DP;GPS;No;FM radio;microUSB 2.0;Fingerprint (rear-mounted), accelerometer, proximity;Li-Po 2500 mAh, removable;Gold;S6, S6S, S6 PLUS;;;;;;;;
https://www.gsmarena.com/qmobile_noir_j7-8767.php;https://fdn2.gsmarena.com/vv/bigpic/QMobile_J7.jpg;QMobile Noir J7;Released 2016, October;183g, 8.8mm thickness;Android 6.0, Amigo 3.2;32GB storage, microSDXC;0;N/A;55,374 hits;"5.5""";720x1280 pixels;3 GB RAM;MT6595;3100 mAh Li-Ion;GSM 850 / 900 / 1800 / 1900 - SIM 1 & SIM 2;HSDPA 900 / 1900 / 2100;3, 5, 40;HSPA 42.2/5.76 Mbps, LTE-A (2CA) Cat6 300/50 Mbps;2016, October. Released 2016, October;Discontinued;154 x 76.8 x 8.8 mm (6.06 x 3.02 x 0.35 in);183 g (6.46 oz);Dual SIM;IPS LCD;5.5 inches, 83.4 cm(~70.5% screen-to-body ratio);720 x 1280 pixels, 16:9 ratio (~267 ppi density);;Android 6.0 (Marshmallow), Amigo 3.2;Mediatek MT6595;Octa-core 2.2 GHz Cortex-A53;PowerVR G6200;microSDXC;32GB 3GB RAM;;13 MP, AF;LED flash, HDR, panorama;1080p@30fps;5 MP;;Wi-Fi 802.11 b/g/n, Wi-Fi Direct;4.0, A2DP;GPS;No;FM radio;microUSB 2.0;Accelerometer, proximity, compass;Li-Ion 3100 mAh, non-removable;Gold;;;;;;;;;
https://www.gsmarena.com/qmobile_noir_z12_pro-8353.php;https://fdn2.gsmarena.com/vv/bigpic/QMobile_Noir_Z12_PRO.jpg;QMobile Noir Z12 Pro;Released 2016, September;166g, 8.2mm thickness;Android 6.0, Amigo 3.2;32GB storage, microSDXC;6;N/A;236,266 hits;"5.5""";1080x1920 pixels;3 GB RAM;MT6753;3150 mAh Li-Po;GSM 850 / 900 / 1800 / 1900 - SIM 1 & SIM 2;HSDPA 900 / 1900 / 2100;1, 3, 7, 20, 38, 39, 40, 41;HSPA 42.2/5.76 Mbps, LTE Cat4 150/50 Mbps;2016, September. Released 2016, September;Discontinued;154.5 x 75.6 x 8.2 mm (6.08 x 2.98 x 0.32 in);166 g (5.86 oz);Hybrid Dual SIM (Nano-SIM/ Micro-SIM, dual stand-by);IPS LCD;5.5 inches, 83.4 cm(~71.4% screen-to-body ratio);1080 x 1920 pixels, 16:9 ratio (~401 ppi density);Corning Gorilla Glass 3;Android 6.0 (Marshmallow), Amigo 3.2;Mediatek MT6753 (28 nm);Octa-core 1.3 GHz Cortex-A53;Mali-T720MP3;microSDXC (uses shared SIM slot);32GB 3GB RAM;;"13 MP, f/2.0, 1/3.1"", 1.12µm, PDAF";LED flash, panorama, HDR;1080p@30fps;8 MP, f/2.2;;Wi-Fi 802.11 b/g/n, Wi-Fi Direct;4.0, A2DP;GPS;No;FM radio;USB Type-C 2.0;Fingerprint (rear-mounted), accelerometer, gyro, proximity, compass;Li-Po 3150 mAh, non-removable;Mocha Gold, Latte Gold;Z12 PRO;;LED flash;;;;;;
https://www.gsmarena.com/qmobile_noir_z14-8354.php;https://fdn2.gsmarena.com/vv/bigpic/QMobile_Noir_Z14.jpg;QMobile Noir Z14;Released 2016, September;170g, 7.6mm thickness;Android 6.0.1, Amigo 3.2;32GB storage, microSDXC;6;N/A;215,195 hits;"5.5""";1080x1920 pixels;4 GB RAM;Helio P10;3130 mAh Li-Po;GSM 850 / 900 / 1800 / 1900 - SIM 1 & SIM 2;HSDPA 900 / 1900 / 2100;1, 3, 7, 20, 38, 39, 40, 41;HSPA 42.2/5.76 Mbps, LTE-A (2CA) Cat6 300/50 Mbps;2016, September. Released 2016, September;Discontinued;153 x 75.3 x 7.6 mm (6.02 x 2.96 x 0.30 in);170 g (6.00 oz);Hybrid Dual SIM (Nano-SIM/ Micro-SIM, dual stand-by);IPS LCD;5.5 inches, 83.4 cm(~72.4% screen-to-body ratio);1080 x 1920 pixels, 16:9 ratio (~401 ppi density);Corning Gorilla Glass;Android 6.0.1 (Marshmallow), Amigo 3.2;Mediatek MT6755 Helio P10 (28 nm);Octa-core (4x1.8 GHz Cortex-A53 & 4x1.0 GHz Cortex-A53);Mali-T860MP2;microSDXC (uses shared SIM slot);32GB 4GB RAM;eMMC 5.1;13 MP, f/2.0, PDAF;LED flash, panorama, HDR;1080p@30fps;8 MP;;Wi-Fi 802.11 b/g/n, Wi-Fi Direct;4.0, A2DP;GPS;No;FM radio;USB Type-C 2.0, OTG;Fingerprint (front-mounted), accelerometer, gyro, proximity, compass;Li-Po 3130 mAh, non-removable;Gold, Silver, Rose Gold;Z14;;;Up to 558 h (3G);Up to 38 h 30 min (3G);;;;
https://www.gsmarena.com/qmobile_noir_lt680-8355.php;https://fdn2.gsmarena.com/vv/bigpic/QMobile_Noir_LT680.jpg;QMobile Noir LT680;Released 2016, August;157.8g, 9.2mm thickness;Android 5.1;16GB storage, microSDHC;2;N/A;53,337 hits;"5.0""";720x1280 pixels;2 GB RAM;MT6735P;4000 mAh Li-Po;GSM 900 / 1800 - SIM 1 & SIM 2;HSDPA 2100;3;HSPA 42.2/11.5 Mbps, LTE Cat4 150/50 Mbps;2016, August. Released 2016, August;Discontinued;145 x 71.5 x 9.2 mm (5.71 x 2.81 x 0.36 in);157.8 g (5.57 oz);Dual SIM (Micro-SIM);IPS LCD;5.0 inches, 68.9 cm(~66.5% screen-to-body ratio);720 x 1280 pixels, 16:9 ratio (~294 ppi density);Asahi Dragontrail Glass;Android 5.1 (Lollipop);Mediatek MT6735P (28 nm);Quad-core 1.0 GHz Cortex-A53;Mali-T720MP2;microSDHC (dedicated slot);16GB 2GB RAM;;8 MP, AF;LED flash;1080p@30fps;5 MP;;Wi-Fi 802.11 b/g/n, hotspot;4.0, A2DP;GPS;No;FM radio;microUSB 2.0;Accelerometer, proximity, compass;Li-Po 4000 mAh, removable;Black, Gold;;;;Up to 666 h (2G) / Up to 571 h (3G);Up to 17 h (2G) / Up to 7 h (3G);;;;
https://www.gsmarena.com/qmobile_noir_lt700_pro-8356.php;https://fdn2.gsmarena.com/vv/bigpic/QMobile_Noir_LT700_PRO.jpg;QMobile Noir LT700 Pro;Released 2016, July;8.5mm thickness;Android 6.0, Amigo 3.1;16GB storage, microSDHC;2;N/A;141,455 hits;"5.0""";720x1280 pixels;3 GB RAM;MT6735;2400 mAh Li-Po;GSM 850 / 900 / 1800 / 1900 - SIM 1 & SIM 2;HSDPA 900 / 1900 / 2100;1, 3, 7, 20, 38, 39, 40, 41;HSPA, LTE;2016, July. Released 2016, July;Discontinued;145.3 x 70.5 x 8.5 mm (5.72 x 2.78 x 0.33 in);-;Dual SIM;IPS LCD;5.0 inches, 68.9 cm(~67.3% screen-to-body ratio);720 x 1280 pixels, 16:9 ratio (~294 ppi density);;Android 6.0 (Marshmallow), Amigo 3.1;Mediatek MT6735 (28 nm);Quad-core 1.3 GHz Cortex-A53;Mali-T720MP2;microSDHC (dedicated slot);16GB 3GB RAM;;13 MP, f/2.2, PDAF;LED flash, panorama, HDR;1080p@30fps;5 MP, f/2.2;;Wi-Fi 802.11 b/g/n, Wi-Fi Direct;2.0, A2DP;GPS;No;FM radio;microUSB 2.0;Accelerometer, proximity, compass;Li-Po 2400 mAh, removable;Pearl White, Grey;LT700 PRO, LT700;;;Up to 240 h (2G) / Up to 267 h (3G);Up to 28 h (2G) / Up to 11 h (3G);;;;
https://www.gsmarena.com/qmobile_noir_s4-8358.php;https://fdn2.gsmarena.com/vv/bigpic/QMobile_Noir_S4.jpg;QMobile Noir S4;Released 2016, June;150g, 8.7mm thickness;Android 6.0;16GB storage, microSDXC;1;N/A;80,677 hits;"5.0""";720x1280 pixels;2 GB RAM;MT6580;3000 mAh Li-Ion;GSM 850 / 900 / 1800 / 1900 - SIM 1 & SIM 2;HSDPA 2100;;HSPA 21.1/5.76 Mbps;2016, June. Released 2016, June;Discontinued;144.4 x 72.5 x 8.7 mm (5.69 x 2.85 x 0.34 in);150 g (5.29 oz);Dual SIM;IPS LCD;5.0 inches, 68.9 cm(~65.8% screen-to-body ratio);720 x 1280 pixels, 16:9 ratio (~294 ppi density);;Android 6.0 (Marshmallow);Mediatek MT6580 (28 nm);Quad-core 1.3 GHz Cortex-A7;Mali-400MP2;microSDXC;16GB 2GB RAM;;"8 MP, f/2.0, 1/4.0"", AF";LED flash, panorama, HDR;1080p@30fps;8 MP, f/2.0;;Wi-Fi 802.11 b/g/n, Wi-Fi Direct;4.0, A2DP;GPS;No;FM radio;microUSB 2.0;Accelerometer, proximity;Li-Ion 3000 mAh, removable;Gold;;;;Up to 430 h (2G) / Up to 410 h (3G);Up to 12 h (2G) / Up to 10 h (3G);;;;
https://www.gsmarena.com/qmobile_noir_lt750-8357.php;https://fdn2.gsmarena.com/vv/bigpic/QMobile_Noir_LT750.jpg;QMobile Noir LT750;Released 2016, June;8.1mm thickness;Android 5.1, Amigo 3.1;16GB storage, microSDHC;2;N/A;54,038 hits;"5.0""";720x1280 pixels;3 GB RAM;MT6735;2400 mAh Li-Po;GSM 850 / 900 / 1800 / 1900 - SIM 1 & SIM 2;HSDPA 900 / 1900 / 2100;1, 3, 7, 20, 38, 39, 40, 41;HSPA, LTE;2016, June. Released 2016, June;Discontinued;144.2 x 71.5 x 8.1 mm (5.68 x 2.81 x 0.32 in);-;Dual SIM;IPS LCD;5.0 inches, 68.9 cm(~66.8% screen-to-body ratio);720 x 1280 pixels, 16:9 ratio (~294 ppi density);;Android 5.1 (Lollipop), Amigo 3.1;Mediatek MT6735 (28 nm);Quad-core 1.3 GHz Cortex-A53;Mali-T720MP2;microSDHC;16GB 3GB RAM;;8 MP, f/2.2, PDAF;LED flash, panorama, HDR;1080p@30fps;5 MP, f/2.2;;Wi-Fi 802.11 b/g/n, Wi-Fi Direct, hotspot;2.0, A2DP;GPS;No;FM radio;microUSB 2.0, OTG;Accelerometer, proximity, compass;Li-Po 2400 mAh, removable;White/Gold;;;;Up to 240 h (2G) / Up to 267 h (3G);Up to 28 h (2G) / Up to 11 h (3G);;;;
https://www.gsmarena.com/qmobile_noir_i6_metal_hd-8359.php;https://fdn2.gsmarena.com/vv/bigpic/QMobile_Noir_i6_Metal_HD.jpg;QMobile Noir i6 Metal HD;Released 2016, May;9.7mm thickness;Android 6.0;16GB storage, microSDXC;1;N/A;84,113 hits;"5.0""";720x1280 pixels;1 GB RAM;MT6580;2000 mAh Li-Ion;GSM 850 / 900 / 1800 / 1900 - SIM 1 & SIM 2;HSDPA 900 / 2100;;HSPA 21.1/5.76 Mbps;2016, May. Released 2016, May;Discontinued;145 x 73.1 x 9.7 mm (5.71 x 2.88 x 0.38 in);-;Dual SIM;IPS LCD;5.0 inches, 68.9 cm(~65.0% screen-to-body ratio);720 x 1280 pixels, 16:9 ratio (~294 ppi density);;Android 6.0 (Marshmallow);Mediatek MT6580 (28 nm);Quad-core 1.3 GHz Cortex-A7;Mali-400MP2;microSDXC;16GB 1GB RAM;;8 MP, AF;LED flash, panorama, HDR;1080p@30fps;2 MP;;Wi-Fi 802.11 b/g/n, Wi-Fi Direct;4.0, A2DP;GPS;No;FM radio;microUSB 2.0;Accelerometer, proximity, compass;Li-Ion 2000 mAh, removable;Gold, Rose Gold, Silver Black;i6 Metal HD;;;Up to 336 h (3G);Up to 23 h (2G) / Up to 20 h (3G);;;;
https://www.gsmarena.com/qmobile_noir_a6-8360.php;https://fdn2.gsmarena.com/vv/bigpic/QMobile_Noir_A6.jpg;QMobile Noir A6;Released 2016, May;8.6mm thickness;Android 5.1;32GB storage, microSDXC;1;N/A;68,102 hits;"5.0""";720x1280 pixels;3 GB RAM;MT6735;2500 mAh Li-Ion;GSM 850 / 900 / 1800 / 1900 - SIM 1 & SIM 2;HSDPA 900 / 2100;1, 3, 20;HSPA 42.2/5.76 Mbps, LTE Cat4 150/50 Mbps;2016, May. Released 2016, May;Discontinued;143 x 70.7 x 8.6 mm (5.63 x 2.78 x 0.34 in);-;Dual SIM (Mini-SIM/ Micro-SIM, dual stand-by);IPS LCD;5.0 inches, 68.9 cm(~68.2% screen-to-body ratio);720 x 1280 pixels, 16:9 ratio (~294 ppi density);;Android 5.1 (Lollipop);Mediatek MT6735 (28 nm);Quad-core 1.3 GHz Cortex-A53;Mali-T720MP2;microSDXC;32GB 3GB RAM;;13 MP, AF;LED flash, panorama, HDR;1080p@30fps;5 MP;;Wi-Fi 802.11 b/g/n, hotspot;4.0, A2DP;GPS;No;FM radio;microUSB 2.0;Fingerprint (front-mounted), accelerometer, proximity, compass;Li-Ion 2500 mAh, removable;Black, White;;;LED flash;Up to 240 h (2G) / Up to 267 h (3G);Up to 28 h (2G) / Up to 11 h (3G);;;;
https://www.gsmarena.com/qmobile_noir_s9-8027.php;https://fdn2.gsmarena.com/vv/bigpic/qmobile-noir-z9-plus.jpg;QMobile Noir S9;Released 2016, March;133g, 8mm thickness;Android 5.1;16GB storage, microSDHC;6;N/A;123,064 hits;"5.0""";720x1280 pixels;2 GB RAM;MT6592M;3000 mAh Li-Po;GSM 900 / 1800 - SIM 1 & SIM 2;HSDPA 2100;;HSPA 21.1/11.5 Mbps;2016, March. Released 2016, March;Discontinued;143.5 x 69.4 x 8 mm (5.65 x 2.73 x 0.31 in);133 g (4.69 oz);Dual SIM;IPS LCD;5.0 inches, 68.9 cm(~69.2% screen-to-body ratio);720 x 1280 pixels, 16:9 ratio (~294 ppi density);Asahi Dragontrail Glass;Android 5.1 (Lollipop);Mediatek MT6592M (28 nm);Octa-core 1.4 GHz Cortex-A7;Mali-450;microSDHC (dedicated slot);16GB 2GB RAM;;13 MP, f/2.2, AF;Dual-LED dual-tone flash, HDR, panorama;1080p@30fps;13 MP, f/2.2, AF;;Wi-Fi 802.11 b/g/n, hotspot;4.0, A2DP;GPS;No;Stereo FM radio;microUSB 2.0, OTG;Fingerprint (rear-mounted), accelerometer, proximity, compass;Li-Po 3000 mAh, non-removable;White, Black;;;LED flash;Up to 430 h (2G) / Up to 410 h (3G);Up to 12 h (2G) / Up to 10 h (3G);;;;
https://www.gsmarena.com/qmobile_noir_z9_plus-8026.php;https://fdn2.gsmarena.com/vv/bigpic/qmobile-noir-z9-plus1.jpg;QMobile Noir Z9 Plus;Released 2016, March;158g, 7.2mm thickness;Android 5.1.1, Amigo 3.1;16GB storage, microSDXC;3;N/A;88,274 hits;"5.5""";720x1280 pixels;2 GB RAM;MT6753;3150 mAh Li-Ion;GSM 850 / 900 / 1800 / 1900 - SIM 1 & SIM 2;HSDPA 900 / 1900 / 2100;1, 3, 7, 20;HSPA 42.2/5.76 Mbps, LTE Cat4 150/50 Mbps;2016, March. Released 2016, March;Discontinued;155 x 76.4 x 7.2 mm (6.10 x 3.01 x 0.28 in);158 g (5.57 oz);Dual SIM;AMOLED;5.5 inches, 83.4 cm(~70.4% screen-to-body ratio);720 x 1280 pixels, 16:9 ratio (~267 ppi density);Corning Gorilla Glass 3;Android 5.1.1 (Lollipop), Amigo 3.1;Mediatek MT6753 (28 nm);Octa-core 1.3 GHz Cortex-A53;Mali-T720MP3;microSDXC (dedicated slot);16GB 2GB RAM;;13 MP, f/2.0, AF;LED flash, HDR, panorama;1080p@30fps;5 MP, f/2.8;;Wi-Fi 802.11 b/g/n, Wi-Fi Direct, hotspot;4.0, A2DP;GPS;No;FM radio;USB Type-C 2.0;Accelerometer, proximity, compass;Li-Ion 3150 mAh, removable;White, Gold, Dark Blue;;;;Up to 315 h (2G) / Up to 252 h (3G);Up to 21 h (2G) / Up to 9 h (3G);;;;
https://www.gsmarena.com/qmobile_noir_z12-7985.php;https://fdn2.gsmarena.com/vv/bigpic/qmobile-noir-z12.jpg;QMobile Noir Z12;Released 2016, February;147g, 6.9mm thickness;Android 5.1.1, Amigo OS 3.1;32GB storage, microSDXC;9;N/A;308,421 hits;"5.5""";720x1280 pixels;3 GB RAM;MT6753;3150 mAh Li-Ion;GSM 850 / 900 / 1800 / 1900;HSDPA;LTE (unspecified);HSPA 42.2/11.5 Mbps, LTE Cat4 150/50 Mbps;2016, February. Released 2016, February;Discontinued;151.9 x 74.6 x 6.9 mm (5.98 x 2.94 x 0.27 in);147 g (5.19 oz);Hybrid Dual SIM (Nano-SIM/ Micro-SIM, dual stand-by);AMOLED;5.5 inches, 83.4 cm(~73.6% screen-to-body ratio);720 x 1280 pixels, 16:9 ratio (~267 ppi density);;Android 5.1.1 (Lollipop), Amigo OS 3.1;Mediatek MT6753 (28 nm);Octa-core 1.3 GHz Cortex-A53;Mali-T720MP3;microSDXC (uses shared SIM slot);32GB 3GB RAM;;13 MP, f/2.0, AF;LED flash;1080p@30fps;5 MP;;Wi-Fi 802.11 b/g/n, Wi-Fi Direct, hotspot;4.0, A2DP;GPS;No;FM radio;USB Type-C 2.0;Accelerometer, proximity;Li-Ion 3150 mAh, non-removable;Gold;Z12;;;;;Yes;Yes;;
https://www.gsmarena.com/qmobile_noir_z10-7874.php;https://fdn2.gsmarena.com/vv/bigpic/qmobile-noir-z10.jpg;QMobile Noir Z10;Released 2015, November;141g, 8.6mm thickness;Android 5.1.1, up to 6.0;16GB storage, microSDXC;14;N/A;270,362 hits;"5.2""";1080x1920 pixels;3 GB RAM;MT6753V;2900 mAh Li-Ion;GSM 850 / 900 / 1800 / 1900;HSDPA 900 / 2100;1, 3, 20;HSPA 42.2/11.5 Mbps, LTE Cat4 150/50 Mbps;2015, October. Released 2015, November;Discontinued;149.5 x 73.6 x 8.6 mm (5.89 x 2.90 x 0.34 in);141 g (4.97 oz);Dual SIM (Micro-SIM, dual stand-by);IPS LCD;5.2 inches, 74.5 cm(~67.7% screen-to-body ratio);1080 x 1920 pixels, 16:9 ratio (~424 ppi density);Corning Gorilla Glass 3;Android 5.1.1 (Lollipop), upgradable to 6.0 (Marshmallow);Mediatek MT6753V;Octa-core 1.3 GHz Cortex-A53;Mali-T720MP3;microSDXC;16GB 3GB RAM;;13 MP, f/2.2, PDAF;LED flash, HDR, panorama;1080p@30fps;5 MP, f/2.2;1080p@30fps;Wi-Fi 802.11 b/g/n, Wi-Fi Direct, DLNA, hotspot;4.0, A2DP;GPS;No;FM radio;microUSB 2.0;Accelerometer, gyro, proximity, compass;Li-Ion 2900 mAh, non-removable;Black, White;Z10;;LED flash;Up to 275 h (3G);Up to 10 h (3G);;;;
https://www.gsmarena.com/qmobile_noir_e8-7787.php;https://fdn2.gsmarena.com/vv/bigpic/qmobile-noir-e8.jpg;QMobile Noir E8;Released 2015, November;210g, 9.6mm thickness;Android 5.1, Amigo 3.1;64GB storage, microSDXC;16;N/A;171,134 hits;"6.0""";1440x2560 pixels;3 GB RAM;Helio X10;3500 mAh Li-Po;GSM 850 / 900 / 1800 / 1900 - SIM 1 & SIM 2;HSDPA 900 / 1900 / 2100;1, 3, 7, 20, 38, 39, 40, 41;HSPA 42.2/5.76 Mbps, LTE Cat4 150/50 Mbps;2015, November. Released 2015, November;Discontinued;164 x 82.3 x 9.6 mm (6.46 x 3.24 x 0.38 in);210 g (7.41 oz);Dual SIM (Micro-SIM, dual stand-by);AMOLED;6.0 inches, 99.2 cm(~73.5% screen-to-body ratio);1440 x 2560 pixels, 16:9 ratio (~490 ppi density);;Android 5.1 (Lollipop), Amigo 3.1;Mediatek MT6795 Helio X10 (28 nm);Octa-core 2.0 GHz Cortex-A53;PowerVR G6200;microSDXC;64GB 3GB RAM;eMMC 5.0;"24 MP, 1/2.3"", PDAF, OIS";Dual-LED dual-tone flash, panorama, HDR;4K@30fps;8 MP, AF;;Wi-Fi 802.11 a/b/g/n/ac, dual-band, Wi-Fi Direct, hotspot;4.0, A2DP, EDR;GPS;Yes;FM radio, recording;microUSB 2.0, OTG;Fingerprint (rear-mounted), accelerometer, gyro, proximity, compass;Li-Po 3500 mAh, non-removable;Black, Gold;;About 400 EUR;;Up to 437 h (2G) / Up to 500 h (3G);Up to 39 h (2G) / Up to 20 h (3G);;;24-bit/192kHz audio;
https://www.gsmarena.com/qmobile_noir_s2-7786.php;https://fdn2.gsmarena.com/vv/bigpic/qmobile-noir-s2.jpg;QMobile Noir S2;Released 2015, November;9.3mm thickness;Android 5.1;8GB storage, microSDHC;1;N/A;99,319 hits;"5.0""";720x1280 pixels;1 GB RAM;MT6580;2000 mAh Li-Ion;GSM 850 / 900 / 1800 / 1900 - SIM 1 & SIM 2;HSDPA 900 / 2100;;HSPA 21.1/5.76 Mbps;2015, November. Released 2015, November;Discontinued;142.5 x 71 x 9.3 mm (5.61 x 2.80 x 0.37 in);-;Dual SIM (Micro-SIM, dual stand-by);IPS LCD;5.0 inches, 68.9 cm(~68.1% screen-to-body ratio);720 x 1280 pixels, 16:9 ratio (~294 ppi density);;Android 5.1 (Lollipop);Mediatek MT6580 (28 nm);Quad-core 1.3 GHz Cortex-A7;Mali-400MP2;microSDHC;8GB 1GB RAM;;8 MP, AF;LED flash, HDR, panorama;1080p@30fps;5 MP;;Wi-Fi 802.11 b/g/n, Wi-Fi Direct, hotspot;4.0, A2DP;GPS;No;FM radio;microUSB 2.0;Accelerometer, proximity, compass;Li-Ion 2000 mAh, removable;Black;S2;;;Up to 336 h (2G) / Up to 336 h (3G);Up to 23 h (2G) / Up to 20 h (3G);;;;
https://www.gsmarena.com/qmobile_noir_s5-7500.php;https://fdn2.gsmarena.com/vv/bigpic/qmobile-noir-s5.jpg;QMobile Noir S5;Released 2015, August;7.5mm thickness;Android 5.0;8GB storage, microSDXC;5;N/A;116,246 hits;"4.8""";720x1280 pixels;1 GB RAM;MT6582;2300 mAh Li-Ion;GSM 850 / 900 / 1800 / 1900 - SIM 1 & SIM 2;HSDPA 900 / 2100;;HSPA 21.1/5.76 Mbps;2015, August. Released 2015, August;Discontinued;141 x 68.4 x 7.5 mm (5.55 x 2.69 x 0.30 in);-;Dual SIM (Micro-SIM, dual stand-by);AMOLED;4.8 inches, 63.5 cm(~65.9% screen-to-body ratio);720 x 1280 pixels, 16:9 ratio (~306 ppi density);Corning Gorilla Glass 3;Android 5.0 (Lollipop);Mediatek MT6582 (28 nm);Quad-core 1.3 GHz Cortex-A7;Mali-400MP2;microSDXC;8GB 1GB RAM;;8 MP, AF;LED flash, panorama, HDR;1080p@30fps;8 MP;;Wi-Fi 802.11 b/g/n, Wi-Fi Direct, hotspot;4.0, A2DP;GPS;No;FM radio;microUSB 2.0;Accelerometer, proximity, gravity;Li-Ion 2300 mAh battery;Black/White;;About 130 EUR;LED flash;Up to 750 h (2G) / Up to 675 h (3G);Up to 24 h (2G) / Up to 12 h (3G);;;;
https://www.gsmarena.com/qmobile_linq_l15-7458.php;https://fdn2.gsmarena.com/vv/bigpic/qmobile-linq-l15.jpg;QMobile Linq L15;Released 2015, July;8.5mm thickness;Android 5.0;8GB storage, microSDXC;4;N/A;145,268 hits;"5.0""";720x1280 pixels;1 GB RAM;MT6582;2800 mAh Li-Ion;GSM 850 / 900 / 1800 / 1900 - SIM 1 & SIM 2;HSDPA 900 / 2100;;HSPA 21.1/5.76 Mbps;2015, July. Released 2015, July;Discontinued;143 x 71 x 8.5 mm (5.63 x 2.80 x 0.33 in);-;Dual SIM (Micro-SIM, dual stand-by);IPS LCD;5.0 inches, 68.9 cm(~67.9% screen-to-body ratio);720 x 1280 pixels, 16:9 ratio (~294 ppi density);Corning Gorilla Glass 3;Android 5.0 (Lollipop);Mediatek MT6582 (28 nm);Quad-core 1.3 GHz Cortex-A7;Mali-400MP2;microSDXC;8GB 1GB RAM;;8 MP, AF;LED flash;720p@30fps;5 MP;;Wi-Fi 802.11 b/g/n, hotspot;4.0, A2DP;GPS;No;FM radio;microUSB 2.0;Accelerometer, proximity;Li-Ion 2800 mAh battery;Black;;;;Up to 374 h (3G);Up to 9 h (3G);;;;
https://www.gsmarena.com/qmobile_noir_z9-7429.php;https://fdn2.gsmarena.com/vv/bigpic/qmobile-noir-z9.jpg;QMobile Noir Z9;Released 2015, July;97g, 5.1mm thickness;Android 5.0;16GB storage, no card slot;10;N/A;337,793 hits;"4.8""";720x1280 pixels;2 GB RAM;Snapdragon 410;2000 mAh Li-Po;GSM 850 / 900 / 1800 / 1900;HSDPA 850 / 1700(AWS) / 1900 / 2100;3, 5, 20;HSPA 21.1/5.76 Mbps, LTE Cat4 150/50 Mbps;2015, July. Released 2015, July;Discontinued;141 x 68 x 5.1 mm (5.55 x 2.68 x 0.20 in);97 g (3.42 oz);Nano-SIM;AMOLED;4.8 inches, 63.5 cm(~66.2% screen-to-body ratio);720 x 1280 pixels, 16:9 ratio (~306 ppi density);Corning Gorilla Glass 3;Android 5.0 (Lollipop);Qualcomm MSM8916 Snapdragon 410 (28 nm);Quad-core 1.2 GHz Cortex-A53;Adreno 306;No;16GB 2GB RAM;eMMC 4.5;8 MP, AF;LED flash, HDR, panorama;1080p@30fps;5 MP;1080p@30fps;Wi-Fi 802.11 b/g/n, hotspot;4.0, A2DP;GPS;No;Stereo FM radio;microUSB 2.0, OTG;Accelerometer, proximity;Li-Po 2000 mAh, non-removable;Black;;About 230 EUR;;Up to 345 h (3G);Up to 8 h (3G);;;;
https://www.gsmarena.com/qmobile_a1-7397.php;https://fdn2.gsmarena.com/vv/bigpic/qmobile-a1.jpg;QMobile A1;Released 2015, July;138g, 9.2mm thickness;Android 5.1, up to 6.0;8GB storage, microSDXC;5;N/A;113,976 hits;"4.5""";480x854 pixels;1 GB RAM;MT6582;1700 mAh Li-Ion;GSM 850 / 900 / 1800 / 1900 - SIM 1 & SIM 2;HSDPA 850 / 2100;;HSPA 42.2/11.5 Mbps;2015, July. Released 2015, July;Discontinued;132 x 67 x 9.2 mm (5.20 x 2.64 x 0.36 in);138 g (4.87 oz);Dual SIM;IPS LCD;4.5 inches, 44.2 cm(~50.0% screen-to-body ratio);480 x 854 pixels, 16:9 ratio (~245 ppi density);;Android 5.1 (Lollipop), upgradable to 6.0 (Marshmallow);Mediatek MT6582 (28 nm);Quad-core 1.3 GHz Cortex-A7;Mali-400MP2;microSDXC;8GB 1GB RAM;;5 MP, AF;LED flash;1080p@30fps;2 MP;;Wi-Fi 802.11 b/g/n, hotspot;4.0, A2DP;GPS;No;Stereo FM radio;microUSB 2.0;Accelerometer, gyro, proximity, compass;Li-Ion 1700 mAh battery;Black;;About 100 EUR;;Up to 160 h (3G);Up to 8 h (3G);;;;
https://www.gsmarena.com/qmobile_noir_s1-7396.php;https://fdn2.gsmarena.com/vv/bigpic/qmobile-noir-s1.jpg;QMobile Noir S1;Released 2015, July;152g, 8.9mm thickness;Android 5.0;8GB storage, microSDXC;0;N/A;222,889 hits;"5.0""";480x854 pixels;1 GB RAM;MT6582M;2000 mAh Li-Ion;GSM 850 / 900 / 1800 / 1900 - SIM 1 & SIM 2;HSDPA 850 / 2100;;HSPA 42.2/11.5 Mbps;2015, July. Released 2015, July;Discontinued;143 x 71.8 x 8.9 mm (5.63 x 2.83 x 0.35 in);152 g (5.36 oz);Dual SIM;IPS LCD;5.0 inches, 68.9 cm(~67.1% screen-to-body ratio);480 x 854 pixels, 16:9 ratio (~196 ppi density);;Android 5.0 (Lollipop);Mediatek MT6582M (28 nm);Quad-core 1.3 GHz Cortex-A7;Mali-400MP2;microSDXC;8GB 1GB RAM;;5 MP, AF;LED flash;720p;5 MP;;Wi-Fi 802.11 b/g/n, hotspot;4.0, LE;A-GPS only;No;FM radio;microUSB 2.0;Accelerometer, proximity;Li-Ion 2000 mAh, removable;Black;S1;About 100 EUR;;Up to 200 h (3G);Up to 10 h (3G);;;;
https://www.gsmarena.com/qmobile_power3-7413.php;https://fdn2.gsmarena.com/vv/bigpic/qmobile-power3.jpg;QMobile Power3;Released 2015, June;13.5mm thickness;Feature phone;32MB 32MB RAM storage, microSDHC slot;0;N/A;63,519 hits;"2.4""";240x320 pixels;32 MB RAM;;2500 mAh Li-Ion;GSM 900 / 1800 - SIM 1 & SIM 2;;;;2015, June. Released 2015, June;Discontinued;124.5 x 51.5 x 13.5 mm (4.90 x 2.03 x 0.53 in);-;Dual SIM;TFT, 65K colors;2.4 inches, 17.8 cm(~27.8% screen-to-body ratio);240 x 320 pixels, 4:3 ratio (~167 ppi density);;;;;;microSDHC;32MB 32MB RAM;;Yes;LED flash;Yes;No;;No;2.0;No;No;FM radio;microUSB 2.0;No;Li-Ion 2500 mAh battery;Black;;About 20 EUR;;;;Yes;No;;MP4/H.263 playerOrganizerVoice memo
https://www.gsmarena.com/qmobile_t50_bolt-7386.php;https://fdn2.gsmarena.com/vv/bigpic/qmobile-bolt-t50.jpg;QMobile T50 Bolt;Released 2015, June;11.2mm thickness;Android 4.4.2;4GB 512MB RAM storage, microSDHC slot;0;N/A;63,284 hits;"4.0""";480x800 pixels;512 MB RAM;Spreadtrum 7715;1200 mAh Li-Ion;GSM 900 / 1800 - SIM 1 & SIM 2;HSDPA 900 / 2100;;HSPA 21.1/5.76 Mbps;2015, June. Released 2015, June;Discontinued;124 x 64.5 x 11.2 mm (4.88 x 2.54 x 0.44 in);-;Dual SIM;TFT, 256K colors;4.0 inches, 45.5 cm(~56.9% screen-to-body ratio);480 x 800 pixels, 5:3 ratio (~233 ppi density);;Android 4.4.2 (KitKat);Spreadtrum 7715;1.0 GHz;;microSDHC;4GB 512MB RAM;;VGA;LED flash;Yes;VGA;;Wi-Fi 802.11 b/g/n, hotspot;4.0, A2DP;A-GPS only;No;FM radio;microUSB 2.0;Accelerometer;Li-Ion 1200 mAh battery;Black;;About 50 EUR;;Up to 155 h (3G);Up to 4 h 30 min (3G);;;;
https://www.gsmarena.com/qmobile_t200_bolt-7332.php;https://fdn2.gsmarena.com/vv/bigpic/qmobile-t200.jpg;QMobile T200 Bolt;Released 2015, June;11.2mm thickness;Android 4.4.2;4GB 512MB RAM storage, microSDHC slot;1;N/A;57,728 hits;"4.0""";480x800 pixels;512 MB RAM;Spreadtrum 7731;1450 mAh Li-Ion;GSM 900 / 1800 - SIM 1 & SIM 2;HSDPA 900 / 2100;;HSPA 21.1/5.76 Mbps;2015, June. Released 2015, June;Discontinued;124 x 64.5 x 11.2 mm (4.88 x 2.54 x 0.44 in);-;Dual SIM;TFT;4.0 inches, 45.5 cm(~56.9% screen-to-body ratio);480 x 800 pixels, 5:3 ratio (~233 ppi density);;Android 4.4.2 (KitKat);Spreadtrum 7731;Quad-core 1.2 GHz;;microSDHC;4GB 512MB RAM;;2 MP;LED flash;Yes;VGA;;Wi-Fi 802.11 b/g/n, hotspot;4.0, A2DP;A-GPS only;No;FM radio;microUSB 2.0;Accelerometer;Li-Ion 1450 mAh battery;Black;;About 60 EUR;;Up to 279 h;Up to 5 h;;;;
https://www.gsmarena.com/qmobile_noir_x950-7317.php;https://fdn2.gsmarena.com/vv/bigpic/qmobile-x950.jpg;QMobile Noir X950;Released 2015, June;5.9mm thickness;Android 4.4.2;16GB storage, microSDHC;3;N/A;98,387 hits;"5.0""";720x1280 pixels;2 GB RAM;MT6752M;2500 mAh Li-Ion;GSM 850 / 900 / 1800 / 1900 - SIM 1 & SIM 2;HSDPA 900 / 2100;1, 3, 7;HSPA 21.1/5.76 Mbps, LTE;2015, June. Released 2015, June;Discontinued;139 x 68 x 5.9 mm (5.47 x 2.68 x 0.23 in);-;Dual SIM;Super AMOLED;5.0 inches, 68.9 cm(~72.9% screen-to-body ratio);720 x 1280 pixels, 16:9 ratio (~294 ppi density);;Android 4.4.2 (KitKat);Mediatek MT6752M;Octa-core 1.5 GHz Cortex-A53;Mali-T760MP2;microSDHC;16GB 2GB RAM;;13 MP;LED flash, HDR, panorama;720p@30fps;5 MP;;Wi-Fi 802.11 b/g/n, hotspot;4.0, A2DP;GPS;No;Stereo FM radio;microUSB 2.0, OTG;Accelerometer, proximity, compass;Li-Ion 2500 mAh battery;Black;;About 200 EUR;;;;;;;
https://www.gsmarena.com/qmobile_qtab_v10-7405.php;https://fdn2.gsmarena.com/vv/bigpic/qtab-v10.jpg;QMobile QTab V10;Released 2015, May;;Android 4.4;8GB storage, microSDHC;1;N/A;85,383 hits;"7.85""";768x1024 pixels;1 GB RAM;MT8382;4700 mAh Li-Ion;GSM 850 / 900 / 1800 / 1900;HSDPA 850 / 900 / 1900 / 2100;;HSPA 42.2/11.5 Mbps;2015, May. Released 2015, May;Discontinued;-;-;Nano-SIM;IPS LCD;7.85 inches, 190.8 cm;768 x 1024 pixels, 4:3 ratio (~163 ppi density);;Android 4.4 (KitKat);Mediatek MT8382 (28 nm);Quad-core 1.3 GHz Cortex-A7;Mali-400MP2;microSDHC (dedicated slot);8GB 1GB RAM;;5 MP, AF;;720p@30fps;2 MP;;Wi-Fi 802.11 b/g/n, hotspot;4.0, A2DP;GPS;No;Stereo FM radio, RDS;microUSB 2.0, OTG;Accelerometer, compass;Li-Ion 4700 mAh battery;Black;;About 120 EUR;;;;;;;
https://www.gsmarena.com/qmobile_explorer_3g-7380.php;https://fdn2.gsmarena.com/vv/bigpic/qmobile-explorer-3g.jpg;QMobile Explorer 3G;Released 2015, May;12.4mm thickness;Feature phone;128MB 64MB RAM storage, microSDHC slot;2;N/A;90,598 hits;"2.8""";240x320 pixels;64 MB RAM;;1450 mAh Li-Ion;GSM 850 / 900 / 1800 / 1900 - SIM 1 & SIM 2;HSDPA 850 / 900 / 1900 / 2100;;HSPA 7.2/5.76 Mbps;2015, May. Released 2015, May;Discontinued;131 x 56 x 12.4 mm (5.16 x 2.20 x 0.49 in);-;Dual SIM;TFT, 65K colors;2.8 inches, 24.3 cm(~33.1% screen-to-body ratio);240 x 320 pixels, 4:3 ratio (~143 ppi density);;;;;;microSDHC;128MB 64MB RAM;;2 MP;;320p@15fps;VGA;;Wi-Fi 802.11 b/g/n;2.0;No;No;FM radio;microUSB 2.0;No;Li-Ion 1450 mAh battery;Black;;About 40 EUR;;;;;;;MP4/H.263 playerOrganizerVoice memo
https://www.gsmarena.com/qmobile_noir_i8-7340.php;https://fdn2.gsmarena.com/vv/bigpic/qmobile-i8.jpg;QMobile Noir i8;Released 2015, May;151g, 8.8mm thickness;Android 5.0;8GB storage, microSDHC;1;N/A;80,015 hits;"4.7""";480x800 pixels;1 GB RAM;MT6582M;2120 mAh Li-Ion;GSM 850 / 900 / 1800 / 1900 - SIM 1 & SIM 2;HSDPA 900 / 2100;;HSPA 21.1/5.76 Mbps;2015, May. Released 2015, May;Discontinued;139 x 71.6 x 8.8 mm (5.47 x 2.82 x 0.35 in);151 g (5.33 oz);Dual SIM (Mini-SIM/ Micro-SIM, dual stand-by);IPS LCD;4.7 inches, 62.9 cm(~63.2% screen-to-body ratio);480 x 800 pixels, 5:3 ratio (~199 ppi density);;Android 5.0 (Lollipop);Mediatek MT6582M (28 nm);Quad-core 1.3 GHz Cortex-A7;Mali-400MP2;microSDHC;8GB 1GB RAM;;8 MP, AF;LED flash;Yes;2 MP;;Wi-Fi 802.11 b/g/n, Wi-Fi Direct, hotspot;4.0, A2DP;GPS;No;FM radio;microUSB 2.0, OTG;Accelerometer, proximity;Li-Ion 2120 mAh battery;Black;;About 100 EUR;;Up to 360 h (2G) / Up to 360 h (3G);Up to 16 h 30 min (2G) / Up to 15 h 30 min (3G);;;;
https://www.gsmarena.com/qmobile_noir_x450-7324.php;https://fdn2.gsmarena.com/vv/bigpic/qmobile-x450.jpg;QMobile Noir X450;Released 2015, May;150g, 8.6mm thickness;Android 4.4.2;8GB storage, microSDHC;0;N/A;61,594 hits;"5.0""";480x854 pixels;1 GB RAM;MT6582M;1950 mAh Li-Ion;GSM 850 / 900 / 1800 / 1900 - SIM 1 & SIM 2;HSDPA 900 / 2100;;HSPA 21.1/5.76 Mbps;2015, May. Released 2015, May;Discontinued;142.8 x 74.3 x 8.6 mm (5.62 x 2.93 x 0.34 in);150 g (5.29 oz);Dual SIM;TFT;5.0 inches, 68.9 cm(~64.9% screen-to-body ratio);480 x 854 pixels, 16:9 ratio (~196 ppi density);;Android 4.4.2 (KitKat);Mediatek MT6582M (28 nm);Quad-core 1.3 GHz Cortex-A7;Mali-400MP2;microSDHC;8GB 1GB RAM;;5 MP, AF;LED flash, panorama;1080p@30fps;2 MP;;Wi-Fi 802.11 b/g/n, hotspot;4.0, A2DP;GPS;No;FM radio;microUSB 2.0;Accelerometer, proximity, compass;Li-Ion 1950 mAh battery;Black;;About 160 EUR;LED flash;Up to 162 h (2G) / Up to 108 h (3G);Up to 13 h 30 min (2G) / Up to 9 h 30 min (3G);;;;
https://www.gsmarena.com/qmobile_noir_z8_plus-7314.php;https://fdn2.gsmarena.com/vv/bigpic/qmobile-z8-plus.jpg;QMobile Noir Z8 Plus;Released 2015, May;7.5mm thickness;Android 4.4.2;16GB storage, microSDXC;6;N/A;143,809 hits;"5.5""";720x1280 pixels;2 GB RAM;Snapdragon 410;2820 mAh Li-Ion;GSM 850 / 900 / 1800 / 1900 - SIM 1 & SIM 2;HSDPA 850 / 1700(AWS) / 1900;3, 5, 20;HSPA 42.2/5.76 Mbps, LTE Cat4 150/50 Mbps;2015, May. Released 2015, May;Discontinued;143.5 x 72 x 7.5 mm (5.65 x 2.83 x 0.30 in);-;Dual SIM;IPS LCD;5.5 inches, 83.4 cm(~80.7% screen-to-body ratio);720 x 1280 pixels, 16:9 ratio (~267 ppi density);Corning Gorilla Glass 3;Android 4.4.2 (KitKat);Qualcomm MSM8916 Snapdragon 410 (28 nm);Quad-core 1.2 GHz Cortex-A53;Adreno 306;microSDXC;16GB 2GB RAM;eMMC 4.5;13 MP, AF;LED flash, HDR, panorama;1080p@30fps;5 MP;1080p@30fps;Wi-Fi 802.11 a/b/g/n, dual-band, Wi-Fi Direct, hotspot;4.0, A2DP;GPS;No;Stereo FM radio;microUSB 2.0, OTG;Accelerometer, gyro, proximity;Li-Ion 2820 mAh, removable;Black;;About 180 EUR;;Up to 710 h (2G) / Up to 660 h (3G);Up to 28 h (2G) / Up to 17 h (3G);;;;
https://www.gsmarena.com/qmobile_noir_x350-7326.php;https://fdn2.gsmarena.com/vv/bigpic/qmobile-x350.jpg;QMobile Noir X350;Released 2015, April;8.5mm thickness;Android 4.4.2;8GB storage, microSDHC;0;N/A;51,616 hits;"4.5""";480x854 pixels;1 GB RAM;MT6582V;1800 mAh Li-Po;GSM 850 / 900 / 1800 / 1900 - SIM 1 & SIM 2;HSDPA 900 / 2100;;HSPA 21.1/5.76 Mbps;2015, April. Released 2015, April;Discontinued;131.5 x 66 x 8.5 mm (5.18 x 2.60 x 0.33 in);-;Dual SIM;TFT, 256K colors;4.5 inches, 55.8 cm(~64.3% screen-to-body ratio);480 x 854 pixels, 16:9 ratio (~218 ppi density);;Android 4.4.2 (KitKat);Mediatek MT6582V/X;Quad-core 1.3 GHz Cortex-A7;Mali-400MP2;microSDHC;8GB 1GB RAM;;5 MP, AF;LED flash;Yes;2 MP;;Wi-Fi 802.11 b/g/n, hotspot;4.0, A2DP;A-GPS only;No;FM radio;microUSB 2.0;Accelerometer, proximity, compass;Li-Po 1800 mAh battery;Black;;About 110 EUR;;Up to 386 h (2G) / Up to 386 h (3G);Up to 16 h 30 min (2G) / Up to 11 h (3G);;;;
https://www.gsmarena.com/qmobile_noir_lt600-7335.php;https://fdn2.gsmarena.com/vv/bigpic/qmobile-lt600.jpg;QMobile Noir LT600;Released 2015, March;6.9mm thickness;Android 4.4.2;8GB storage, microSDHC;1;N/A;49,383 hits;"5.0""";720x1280 pixels;1 GB RAM;Snapdragon 400;2000 mAh Li-Ion;GSM 850 / 900 / 1800 / 1900 - SIM 1 & SIM 2;HSDPA 900 / 2100;39, 40, 41;HSPA, LTE;2015, March. Released 2015, March;Discontinued;143 x 70.7 x 6.9 mm (5.63 x 2.78 x 0.27 in);-;Dual SIM;TFT;5.0 inches, 68.9 cm(~68.2% screen-to-body ratio);720 x 1280 pixels, 16:9 ratio (~294 ppi density);;Android 4.4.2 (KitKat);Qualcomm MSM8926 Snapdragon 400 (28 nm);Quad-core 1.2 GHz Cortex-A7;Adreno 305;microSDHC;8GB 1GB RAM;eMMC 4.5;8 MP, AF;LED flash, panorama;720p@30fps;5 MP;;Wi-Fi 802.11 b/g/n, Wi-Fi Direct, hotspot;4.0, A2DP;GPS;No;FM radio;microUSB 2.0;Accelerometer, proximity, compass;Li-Ion 2000 mAh battery;Black;;About 160 EUR;LED flash;;;;;;
https://www.gsmarena.com/qmobile_noir_m300-7334.php;https://fdn2.gsmarena.com/vv/bigpic/qmobile-m300.jpg;QMobile Noir M300;Released 2015, March;180g, 10.4mm thickness;Android 4.4.2;8GB storage, microSDHC;1;N/A;64,998 hits;"5.0""";720x1280 pixels;1 GB RAM;MT6582;5000 mAh Li-Ion;GSM 850 / 900 / 1800 / 1900 - SIM 1 & SIM 2;HSDPA 900 / 2100;;HSPA 21.1/5.76 Mbps;2015, March. Released 2015, March;Discontinued;144.5 x 71.5 x 10.4 mm (5.69 x 2.81 x 0.41 in);180 g (6.35 oz);Dual SIM;IPS LCD;5.0 inches, 68.9 cm(~66.7% screen-to-body ratio);720 x 1280 pixels, 16:9 ratio (~294 ppi density);;Android 4.4.2 (KitKat);Mediatek MT6582 (28 nm);Quad-core 1.3 GHz Cortex-A7;Mali-400MP2;microSDHC;8GB 1GB RAM;;8 MP, AF;LED flash, panorama;720p@30fps;2 MP;;Wi-Fi 802.11 b/g/n, hotspot;4.0, A2DP;GPS;No;FM radio;microUSB 2.0, OTG;Accelerometer, proximity, compass;Li-Ion 5000 mAh battery;Black;;About 160 EUR;;Up to 1090 h (2G) / Up to 1090 h (3G);Up to 52 h (2G) / Up to 33 h (3G);;;;
https://www.gsmarena.com/qmobile_w1-7331.php;https://fdn2.gsmarena.com/vv/bigpic/qmobile-w1.jpg;QMobile W1;Released 2015, March;10.5mm thickness;Microsoft Windows Phone 8.1;4GB 512MB RAM storage, microSDHC slot;3;N/A;51,904 hits;"4.0""";480x800 pixels;512 MB RAM;Snapdragon 200;1950 mAh Li-Ion;GSM 850 / 900 / 1800 / 1900 - SIM 1 & SIM 2;HSDPA 900 / 2100;;HSPA 21.1/5.76 Mbps;2015, March. Released 2015, March;Discontinued;126 x 64 x 10.5 mm (4.96 x 2.52 x 0.41 in);-;Dual SIM;TFT;4.0 inches, 45.5 cm(~56.5% screen-to-body ratio);480 x 800 pixels, 5:3 ratio (~233 ppi density);;Microsoft Windows Phone 8.1;Qualcomm MSM8212 Snapdragon 200 (28 nm);Quad-core 1.2 GHz Cortex-A7;Adreno 302;microSDHC;4GB 512MB RAM;eMMC 4.5;5 MP, AF;LED flash;720p@30fps;VGA;;Wi-Fi 802.11 b/g/n, hotspot;4.0, A2DP;A-GPS only;No;FM radio;microUSB 2.0;Accelerometer, proximity;Li-Ion 1950 mAh battery;Black;;About 60 EUR;;;;;;;
https://www.gsmarena.com/qmobile_noir_z8-7315.php;https://fdn2.gsmarena.com/vv/bigpic/qmobile-z8.jpg;QMobile Noir Z8;Released 2015, March;120g, 7.5mm thickness;Android 4.4.2;16GB storage, microSDXC;3;N/A;127,685 hits;"5.0""";720x1280 pixels;2 GB RAM;Snapdragon 410;2400 mAh Li-Ion;GSM 850 / 900 / 1800 / 1900 - SIM 1 & SIM 2;HSDPA 850 / 1700(AWS) / 1900;3, 5, 20;HSPA 42.2/5.76 Mbps, LTE Cat4 150/50 Mbps;2015, March. Released 2015, March;Discontinued;143.5 x 72 x 7.5 mm (5.65 x 2.83 x 0.30 in);120 g (4.23 oz);Dual SIM;IPS LCD;5.0 inches, 68.9 cm(~66.7% screen-to-body ratio);720 x 1280 pixels, 16:9 ratio (~294 ppi density);Corning Gorilla Glass 3;Android 4.4.2 (KitKat);Qualcomm MSM8916 Snapdragon 410 (28 nm);Quad-core 1.2 GHz Cortex-A53;Adreno 306;microSDXC;16GB 2GB RAM;eMMC 4.5;13 MP, AF;LED flash, HDR, panorama;1080p@30fps;5 MP;1080p@30fps;Wi-Fi 802.11 a/b/g/n, dual-band, Wi-Fi Direct, hotspot;4.0, A2DP;GPS;No;Stereo FM radio;microUSB 2.0, OTG;Accelerometer, gyro, proximity;Li-Ion 2400 mAh, removable;Black;;About 170 EUR;;Up to 700 h (2G) / Up to 650 h (3G);Up to 26 h (2G) / Up to 15 h (3G);;;;
https://www.gsmarena.com/qmobile_noir_a750-7407.php;https://fdn2.gsmarena.com/vv/bigpic/qmobile-noir-a750.jpg;QMobile Noir A750;Released 2015, February;158g, 8.9mm thickness;Android 4.2;16GB storage, microSDHC;1;N/A;42,523 hits;"5.0""";720x1280 pixels;1 GB RAM;MT6589;2000 mAh Li-Ion;GSM 850 / 900 / 1800 / 1900 - SIM 1 & SIM 2;HSDPA 900 / 2100;;HSPA 21.1/5.76 Mbps;2015, February. Released 2015, February;Discontinued;144.5 x 73.8 x 8.9 mm (5.69 x 2.91 x 0.35 in);158 g (5.29 oz);Dual SIM;IPS LCD;5.0 inches, 68.9 cm(~64.6% screen-to-body ratio);720 x 1280 pixels, 16:9 ratio (~294 ppi density);;Android 4.2 (Jelly Bean);Mediatek MT6589 (28 nm);Quad-core 1.2 GHz Cortex-A7;PowerVR SGX544;microSDHC;16GB 1GB RAM;;13 MP, AF;LED flash, HDR, panorama;1080p@30fps;5 MP;720p;Wi-Fi 802.11 b/g/n, hotspot;4.0, A2DP;GPS;No;FM radio;microUSB 2.0, OTG;Accelerometer, proximity;Li-Ion 2000 mAh battery;Black;;About 220 EUR;;Up to 220 h;Up to 8 h;;;;
https://www.gsmarena.com/qmobile_linq_x70-7403.php;https://fdn2.gsmarena.com/vv/bigpic/qmobile-linq-x70.jpg;QMobile Linq X70;Released 2015, February;9mm thickness;Android 4.4.2;8GB storage, microSDHC;0;N/A;61,765 hits;"4.0""";480x640 pixels;1 GB RAM;MT6582;1500 mAh Li-Ion;GSM 850 / 900 / 1800 / 1900 - SIM 1 & SIM 2;HSDPA 900 / 2100;;HSPA 21.1/5.76 Mbps;2015, February. Released 2015, February;Discontinued;128 x 63 x 9 mm (5.04 x 2.48 x 0.35 in);-;Dual SIM;IPS LCD, 256K colors;4.0 inches, 49.5 cm(~61.4% screen-to-body ratio);480 x 640 pixels, 4:3 ratio (~200 ppi density);;Android 4.4.2 (KitKat);Mediatek MT6582 (28 nm);Quad-core 1.3 GHz Cortex-A7;Mali-400MP2;microSDHC;8GB 1GB RAM;;5 MP;LED flash, panorama, HDR;1080p@30fps;VGA;;Wi-Fi 802.11 b/g/n, hotspot;4.0, A2DP;GPS;No;FM radio;microUSB 2.0;Accelerometer, proximity;Li-Ion 1500 mAh battery;Black;;About 90 EUR;;Up to 390 h (2G) / Up to 320 h (3G);Up to 16 h (2G) / Up to 7 h (3G);;;;
https://www.gsmarena.com/qmobile_noir_z7-7384.php;https://fdn2.gsmarena.com/vv/bigpic/qmobile-noir-z7.jpg;QMobile Noir Z7;Released 2015, February;97.7g, 5.2mm thickness;Android 4.4.2;16GB storage, no card slot;2;N/A;58,907 hits;"4.8""";720x1280 pixels;1 GB RAM;MT6592;2050 mAh Li-Ion;GSM 850 / 900 / 1800 / 1900;HSDPA 900 / 2100;;HSPA 42.2/5.76 Mbps;2015, February. Released 2015, February;Discontinued;139.8 x 67.4 x 5.2 mm (5.50 x 2.65 x 0.20 in);97.7 g (3.46 oz);Micro-SIM;AMOLED;4.8 inches, 63.5 cm(~67.4% screen-to-body ratio);720 x 1280 pixels, 16:9 ratio (~306 ppi density);;Android 4.4.2 (KitKat);Mediatek MT6592 (28 nm);Octa-core 1.7 GHz Cortex-A7;Mali-450MP4;No;16GB 1GB RAM;;8 MP, AF;LED flash, panorama, HDR;1080p@30fps;5 MP;;Wi-Fi 802.11 b/g/n, hotspot;4.0, A2DP;GPS;No;Stereo FM radio;microUSB 2.0, OTG;Accelerometer, gyro, proximity, compass;Li-Ion 2050 mAh, non-removable;Black;;About 210 EUR;;;;;;;
https://www.gsmarena.com/qmobile_linq_l10-7342.php;https://fdn2.gsmarena.com/vv/bigpic/qmobile-l10.jpg;QMobile Linq L10;Released 2015, February;8.8mm thickness;Android 4.4.2;8GB storage, microSDHC;0;N/A;57,944 hits;"5.0""";720x1280 pixels;1 GB RAM;MSM8252;2000 mAh Li-Ion;GSM 850 / 900 / 1800 / 1900 - SIM 1 & SIM 2;HSDPA 900 / 2100;;HSPA 21.1/5.76 Mbps;2015, February. Released 2015, February;Discontinued;146.2 x 74.2 x 8.8 mm (5.76 x 2.92 x 0.35 in);-;Dual SIM;IPS LCD;5.0 inches, 68.9 cm(~63.5% screen-to-body ratio);720 x 1280 pixels, 16:9 ratio (~294 ppi density);;Android 4.4.2 (KitKat);Qualcomm MSM8252;Quad-core 1.2 GHz Cortex-A7;;microSDHC;8GB 1GB RAM;;8 MP, AF;LED flash;720p@30fps;2 MP;;Wi-Fi 802.11 b/g/n, hotspot;4.0, A2DP;GPS;No;FM radio;microUSB 2.0;Accelerometer, proximity, compass;Li-Ion 2000 mAh battery;Black;;About 120 EUR;;;;;;;
https://www.gsmarena.com/qmobile_noir_lt250-7336.php;https://fdn2.gsmarena.com/vv/bigpic/qmobile-lt250.jpg;QMobile Noir LT250;Released 2015, February;119g, 8.8mm thickness;Android 4.4.2;4GB 1GB RAM storage, microSDHC slot;1;N/A;41,940 hits;"4.7""";720x1280 pixels;1 GB RAM;Nvidia Tegra 4i;2000 mAh Li-Ion;GSM 850 / 900 / 1800 / 1900;HSDPA 900 / 1900 / 2100;3, 5, 20;HSPA, LTE Cat3 100/50 Mbps;2015, February. Released 2015, February;Discontinued;140.1 x 67.5 x 8.8 mm (5.52 x 2.66 x 0.35 in);119 g (4.20 oz);Micro-SIM;IPS LCD;4.7 inches, 60.9 cm(~64.4% screen-to-body ratio);720 x 1280 pixels, 16:9 ratio (~312 ppi density);Corning Gorilla Glass 2;Android 4.4.2 (KitKat);Nvidia Tegra 4i;Quad-core 1.7 GHz;ULP GeForce;microSDHC (dedicated slot);4GB 1GB RAM;;8 MP, AF;LED flash, HDR;1080p@30fps;5 MP;;Wi-Fi 802.11 b/g/n, Wi-Fi Direct, hotspot;4.0, A2DP;GPS;No;FM radio;microUSB 2.0, OTG;Accelerometer, proximity, compass;Li-Ion 2000 mAh battery;Black;;About 150 EUR;;Up to 162 h (2G) / Up to 162 h (3G);Up to 14 h 50 min (2G) / Up to 8 h 40 min (3G);;;;
https://www.gsmarena.com/qmobile_noir_lt150-7337.php;https://fdn2.gsmarena.com/vv/bigpic/qmobile-lt150.jpg;QMobile Noir LT150;Released 2015, February;8.9mm thickness;Android 4.4.2;8GB storage, microSDHC;1;N/A;39,164 hits;"4.7""";480x854 pixels;1 GB RAM;MT6590;1800 mAh Li-Ion;GSM 850 / 900 / 1800 / 1900 - SIM 1 & SIM 2;HSDPA 900 / 2100;1, 3, 7;HSPA, LTE;2015, February. Released 2015, February;Discontinued;137.5 x 68.5 x 8.9 mm (5.41 x 2.70 x 0.35 in);-;Dual SIM;TFT;4.7 inches, 60.9 cm(~64.6% screen-to-body ratio);480 x 854 pixels, 16:9 ratio (~208 ppi density);;Android 4.4.2 (KitKat);Mediatek MT6590;Quad-core 1.3 GHz Cortex-A7;;microSDHC;8GB 1GB RAM;;5 MP, AF;LED flash;720p@30fps;2 MP;;Wi-Fi 802.11 b/g/n, Wi-Fi Direct, hotspot;4.0, A2DP;GPS;No;FM radio;microUSB 2.0;Accelerometer, proximity;Li-Ion 1800 mAh battery;Black;;About 120 EUR;;;;;;;
https://www.gsmarena.com/qmobile_noir_x600-7321.php;https://fdn2.gsmarena.com/vv/bigpic/qmobile-x600.jpg;QMobile Noir X600;Released 2015, February;8.3mm thickness;Android 4.2.2;16GB storage, microSDHC;1;N/A;39,114 hits;"5.0""";720x1280 pixels;2 GB RAM;MT6592M;1800 mAh Li-Ion;GSM 850 / 900 / 1800 / 1900 - SIM 1 & SIM 2;HSDPA 900 / 2100;;HSPA 21.1/5.76 Mbps;2015, February. Released 2015, February;Discontinued;8.3 mm thickness;-;Dual SIM;TFT;5.0 inches, 68.9 cm;720 x 1280 pixels, 16:9 ratio (~294 ppi density);;Android 4.2.2 (Jelly Bean);Mediatek MT6592M (28 nm);Octa-core 1.4 GHz Cortex-A7;Mali-450MP4;microSDHC;16GB 2GB RAM;;8 MP, AF;LED flash, HDR, panorama;1080p@30fps;2 MP;;Wi-Fi 802.11 b/g/n, hotspot;4.0, A2DP;GPS;No;Stereo FM radio;microUSB 2.0, OTG;Accelerometer, proximity;Li-Ion 1800 mAh battery;Black;;About 150 EUR;;;;;;;
https://www.gsmarena.com/qmobile_noir_x700-7320.php;https://fdn2.gsmarena.com/vv/bigpic/qmobile-x700.jpg;QMobile Noir X700;Released 2015, February;7.9mm thickness;Android 4.2.2;8GB storage, microSDHC;1;N/A;56,462 hits;"5.0""";720x1280 pixels;1 GB RAM;MT6592M;1920 mAh Li-Ion;GSM 850 / 900 / 1800 / 1900 - SIM 1 & SIM 2;HSDPA 900 / 2100;;HSPA 21.1/5.76 Mbps;2015, February. Released 2015, February;Discontinued;140 x 70 x 7.9 mm (5.51 x 2.76 x 0.31 in);-;Dual SIM;IPS LCD;5.0 inches, 68.9 cm(~70.3% screen-to-body ratio);720 x 1280 pixels, 16:9 ratio (~294 ppi density);;Android 4.2.2 (Jelly Bean);Mediatek MT6592M (28 nm);Octa-core 1.4 GHz Cortex-A7;Mali-450MP4;microSDHC;8GB 1GB RAM;;8 MP, AF;LED flash, HDR, panorama;1080p@30fps;2 MP;;Wi-Fi 802.11 b/g/n, hotspot;4.0, A2DP;GPS;No;Stereo FM radio;microUSB 2.0, OTG;Accelerometer, proximity;Li-Ion 1920 mAh battery;Black;;About 150 EUR;;;;;;;
https://www.gsmarena.com/qmobile_noir_x900-7318.php;https://fdn2.gsmarena.com/vv/bigpic/qmobile-x900.jpg;QMobile Noir X900;Released 2015, February;7.8mm thickness;Android 4.2.2;8GB/16GB storage, microSDHC;2;N/A;57,582 hits;"5.0""";720x1280 pixels;1/2 GB RAM;MT6592;2100 mAh Li-Ion;GSM 850 / 900 / 1800 / 1900 - SIM 1 & SIM 2;HSDPA 900 / 2100;;HSPA 21.1/5.76 Mbps;2015, February. Released 2015, February;Discontinued;141.5 x 70.8 x 7.8 mm (5.57 x 2.79 x 0.31 in);-;Dual SIM;IPS LCD;5.0 inches, 68.9 cm(~68.8% screen-to-body ratio);720 x 1280 pixels, 16:9 ratio (~294 ppi density);;Android 4.2.2 (Jelly Bean);Mediatek MT6592 (28 nm)Mediatek MT6592M (28 nm);Octa-core 1.7 GHz Cortex-A7Octa-core 1.4 GHz Cortex-A7;Mali-450MP4;microSDHC;8GB 1GB RAM, 16GB 2GB RAM;;13 MP, AF8 MP, AF;Dual-LED flash, HDR, panorama;1080p@30fps;5 MP2 MP;;Wi-Fi 802.11 b/g/n, hotspot;4.0, A2DP;GPS;No;Stereo FM radio;microUSB 2.0, OTG;Accelerometer, proximity;Li-Ion 2100 mAh battery;Black;;About 160 EUR;;;;;;;
https://www.gsmarena.com/qmobile_noir_x60-7329.php;https://fdn2.gsmarena.com/vv/bigpic/qmobile-x60.jpg;QMobile Noir X60;Released 2015, January;9mm thickness;Android 4.4.2;4GB 512MB RAM storage, microSDHC slot;0;N/A;32,390 hits;"4.0""";480x800 pixels;512 MB RAM;MT6582;1500 mAh Li-Ion;GSM 850 / 900 / 1800 / 1900 - SIM 1 & SIM 2;HSDPA 900 / 2100;;HSPA 21.1/5.76 Mbps;2015, January. Released 2015, January;Discontinued;125 x 63.2 x 9 mm (4.92 x 2.49 x 0.35 in);-;Dual SIM;IPS LCD;4.0 inches, 45.5 cm(~57.6% screen-to-body ratio);480 x 800 pixels, 5:3 ratio (~233 ppi density);;Android 4.4.2 (KitKat);Mediatek MT6582 (28 nm);Quad-core 1.3 GHz Cortex-A7;Mali-400MP2;microSDHC;4GB 512MB RAM;;5 MP, AF;LED flash;Yes;VGA;;Wi-Fi 802.11 b/g/n, hotspot;4.0, A2DP;A-GPS only;No;FM radio;microUSB 2.0;Accelerometer;Li-Ion 1500 mAh battery;Black;;About 90 EUR;;;;;;;
https://www.gsmarena.com/qmobile_noir_x80-7328.php;https://fdn2.gsmarena.com/vv/bigpic/qmobile-x80.jpg;QMobile Noir X80;Released 2015, January;9.9mm thickness;Android 4.4.2;4GB 512MB RAM storage, microSDHC slot;0;N/A;30,531 hits;"4.0""";480x800 pixels;512 MB RAM;MT6572;1500 mAh Li-Ion;GSM 850 / 900 / 1800 / 1900 - SIM 1 & SIM 2;HSDPA 900 / 2100;;HSPA 21.1/5.76 Mbps;2015, January. Released 2015, January;Discontinued;124.1 x 63.8 x 9.9 mm (4.89 x 2.51 x 0.39 in);-;Dual SIM;IPS LCD;4.0 inches, 45.5 cm(~57.5% screen-to-body ratio);480 x 800 pixels, 5:3 ratio (~233 ppi density);;Android 4.4.2 (KitKat);Mediatek MT6572 (28 nm);Dual-core 1.3 GHz Cortex-A7;Mali-400;microSDHC;4GB 512MB RAM;;5 MP;LED flash;Yes;VGA;;Wi-Fi 802.11 b/g/n, hotspot;4.0, A2DP;GPS;No;FM radio;microUSB 2.0;Accelerometer, proximity, compass;Li-Ion 1500 mAh battery;Black;;About 80 EUR;;;;;;;
https://www.gsmarena.com/qmobile_noir_x90-7327.php;https://fdn2.gsmarena.com/vv/bigpic/qmobile-x90.jpg;QMobile Noir X90;Released 2015, January;9.3mm thickness;Android 4.4.2;8GB storage, microSDHC;0;N/A;42,387 hits;"5.0""";480x854 pixels;1 GB RAM;MT6572A;1800 mAh Li-Ion;GSM 850 / 900 / 1800 / 1900 - SIM 1 & SIM 2;HSDPA 900 / 2100;;HSPA 21.1/5.76 Mbps;2015, January. Released 2015, January;Discontinued;9.3 mm thickness;-;Dual SIM;TFT;5.0 inches, 68.9 cm;480 x 854 pixels, 16:9 ratio (~196 ppi density);;Android 4.4.2 (KitKat);Mediatek MT6572A;Dual-core 1.3 GHz Cortex-A7;Mali-400;microSDHC;8GB 1GB RAM;;5 MP, AF;LED flash;Yes;VGA;;Wi-Fi 802.11 b/g/n, hotspot;4.0, A2DP;A-GPS only;No;FM radio;microUSB 2.0;Accelerometer;Li-Ion 1800 mAh battery;Black;;About 80 EUR;;;;;;;
https://www.gsmarena.com/qmobile_noir_x550-7322.php;https://fdn2.gsmarena.com/vv/bigpic/qmobile-x550.jpg;QMobile Noir X550;Released 2015, January;7.9mm thickness;Android 4.4.2;8GB storage, microSDHC;0;N/A;31,676 hits;"4.7""";720x1280 pixels;1 GB RAM;MT6582;1800 mAh Li-Ion;GSM 850 / 900 / 1800 / 1900 - SIM 1 & SIM 2;HSDPA 900 / 2100;;HSPA 21.1/5.76 Mbps;2015, January. Released 2015, January;Discontinued;139.1 x 69.2 x 7.9 mm (5.48 x 2.72 x 0.31 in);-;Dual SIM;IPS LCD;4.7 inches, 60.9 cm(~63.3% screen-to-body ratio);720 x 1280 pixels, 16:9 ratio (~312 ppi density);;Android 4.4.2 (KitKat);Mediatek MT6582 (28 nm);Quad-core 1.3 GHz Cortex-A7;Mali-400MP2;microSDHC;8GB 1GB RAM;;8 MP;LED flash;Yes;2 MP;;Wi-Fi 802.11 b/g/n, hotspot;4.0, A2DP;A-GPS only;No;FM radio;microUSB 2.0;Accelerometer;Li-Ion 1800 mAh battery;Black;;About 120 EUR;;;;;;;
https://www.gsmarena.com/qmobile_linq_x300-7394.php;https://fdn2.gsmarena.com/vv/bigpic/qmobile-linq-x300.jpg;QMobile Linq X300;Released 2014, December;9mm thickness;Android 4.4.2;8GB storage, microSDHC;1;N/A;37,233 hits;"4.5""";480x854 pixels;1 GB RAM;MT6582M;1800 mAh Li-Ion;GSM 850 / 900 / 1800 / 1900 - SIM 1 & SIM 2;HSDPA 900 / 2100;;HSPA 21.1/5.76 Mbps;2014, December. Released 2014, December;Discontinued;136 x 64.6 x 9 mm (5.35 x 2.54 x 0.35 in);-;Dual SIM;IPS LCD;4.5 inches, 55.8 cm(~63.5% screen-to-body ratio);480 x 854 pixels, 16:9 ratio (~218 ppi density);;Android 4.4.2 (KitKat);Mediatek MT6582M (28 nm);Quad-core 1.3 GHz Cortex-A7;Mali-400MP2;microSDHC;8GB 1GB RAM;;8 MP, AF;Dual-LED flash;720p;2 MP;;Wi-Fi 802.11 b/g/n, hotspot;4.0, A2DP;GPS;No;FM radio;microUSB 2.0;Accelerometer, proximity, compass;Li-Ion 1800 mAh battery;Black;;About 110 EUR;;;;;;;
https://www.gsmarena.com/qmobile_linq_x100-7343.php;https://fdn2.gsmarena.com/vv/bigpic/qmobile-x100.jpg;QMobile Linq X100;Released 2014, December;9.5mm thickness;Android 4.4.2;8GB storage, microSDHC;1;N/A;82,118 hits;"4.5""";480x854 pixels;1 GB RAM;MT6582;1700 mAh Li-Ion;GSM 850 / 900 / 1800 / 1900 - SIM 1 & SIM 2;HSDPA 900 / 2100;;HSPA 21.1/5.76 Mbps;2014, December. Released 2014, December;Discontinued;128 x 64.3 x 9.5 mm (5.04 x 2.53 x 0.37 in);-;Dual SIM;TFT;4.5 inches, 55.8 cm(~67.8% screen-to-body ratio);480 x 854 pixels, 16:9 ratio (~218 ppi density);;Android 4.4.2 (KitKat);Mediatek MT6582 (28 nm);Quad-core 1.3 GHz Cortex-A7;Mali-400MP2;microSDHC;8GB 1GB RAM;;5 MP;LED flash;Yes;VGA;;Wi-Fi 802.11 b/g/n, hotspot;4.0, A2DP;GPS;No;FM radio;microUSB 2.0;Accelerometer, proximity, compass;Li-Ion 1700 mAh battery;Black;;About 100 EUR;;;;;;;
https://www.gsmarena.com/qmobile_noir_x35-7330.php;https://fdn2.gsmarena.com/vv/bigpic/qmobile-x35.jpg;QMobile Noir X35;Released 2014, December;10.5mm thickness;Android 4.4.2;4GB 512MB RAM storage, microSDHC slot;0;N/A;34,180 hits;"4.0""";480x800 pixels;512 MB RAM;MT6572;1450 mAh Li-Ion;GSM 850 / 900 / 1800 / 1900 - SIM 1 & SIM 2;HSDPA 900 / 2100;;HSPA 21.1/5.76 Mbps;2014, December. Released 2014, December;Discontinued;124.8 x 63.5 x 10.5 mm (4.91 x 2.5 x 0.41 in);-;Dual SIM;TFT;4.0 inches, 45.5 cm(~57.5% screen-to-body ratio);480 x 800 pixels, 5:3 ratio (~233 ppi density);;Android 4.4.2 (KitKat);Mediatek MT6572 (28 nm);Dual-core 1.0 GHz Cortex-A7;Mali-400;microSDHC;4GB 512MB RAM;;3.15 MP;LED flash;Yes;VGA;;Wi-Fi 802.11 b/g/n, hotspot;4.0, A2DP;A-GPS only;No;FM radio;microUSB 2.0;Accelerometer;Li-Ion 1450 mAh battery;Black;;About 60 EUR;;;;;;;
https://www.gsmarena.com/qmobile_noir_x400-7325.php;https://fdn2.gsmarena.com/vv/bigpic/qmobile-x400.jpg;QMobile Noir X400;Released 2014, November;7.8mm thickness;Android 4.4.2;8GB storage, microSDHC;1;N/A;38,380 hits;"4.5""";480x854 pixels;1 GB RAM;MT6582;1800 mAh Li-Ion;GSM 850 / 900 / 1800 / 1900 - SIM 1 & SIM 2;HSDPA 900 / 2100;;HSPA 21.1/5.76 Mbps;2014, November. Released 2014, November;Discontinued;131 x 65 x 7.8 mm (5.16 x 2.56 x 0.31 in);-;Dual SIM;TFT;4.5 inches, 55.8 cm(~65.5% screen-to-body ratio);480 x 854 pixels, 16:9 ratio (~218 ppi density);;Android 4.4.2 (KitKat);Mediatek MT6582 (28 nm);Quad-core 1.3 GHz Cortex-A7;Mali-400MP2;microSDHC;8GB 1GB RAM;;8 MP, AF;LED flash, panorama;720p@30fps;2 MP;;Wi-Fi 802.11 b/g/n, hotspot;4.0, A2DP;A-GPS only;No;FM radio;microUSB 2.0;Accelerometer, proximity, compass;Li-Ion 1800 mAh battery;Black;;About 90 EUR;;Up to 230 h (2G) / Up to 230 h (3G);Up to 16 h (2G) / Up to 10 h (3G);;;;
https://www.gsmarena.com/qmobile_noir_x500-7323.php;https://fdn2.gsmarena.com/vv/bigpic/qmobile-x500.jpg;QMobile Noir X500;Released 2014, November;8.8mm thickness;Android 4.4.2;8GB storage, microSDHC;0;N/A;38,605 hits;"4.7""";720x1280 pixels;1 GB RAM;MT6582;1700 mAh Li-Ion;GSM 850 / 900 / 1800 / 1900 - SIM 1 & SIM 2;HSDPA 900 / 2100;;HSPA 21.1/5.76 Mbps;2014, November. Released 2014, November;Discontinued;137.8 x 68 x 8.8 mm (5.43 x 2.68 x 0.35 in);-;Dual SIM;IPS LCD;4.7 inches, 60.9 cm(~65.0% screen-to-body ratio);720 x 1280 pixels, 16:9 ratio (~312 ppi density);;Android 4.4.2 (KitKat);Mediatek MT6582 (28 nm);Quad-core 1.3 GHz Cortex-A7;Mali-400MP2;microSDHC;8GB 1GB RAM;;8 MP, AF;LED flash;Yes;2 MP;;Wi-Fi 802.11 b/g/n, hotspot;4.0, A2DP;A-GPS only;No;FM radio;microUSB 2.0;Accelerometer;Li-Ion 1700 mAh battery;Black;;About 100 EUR;;;;;;;
https://www.gsmarena.com/qmobile_m800-7417.php;https://fdn2.gsmarena.com/vv/bigpic/qmobile-m800.jpg;QMobile M800;Released 2014, September;13.3mm thickness;Feature phone;64MB 64MB RAM storage, microSDHC slot;0;N/A;30,816 hits;"2.4""";240x320 pixels;64 MB RAM;;1800 mAh Li-Ion;GSM 900 / 1800 - SIM 1 & SIM 2;;;;2014, September. Released 2014, September;Discontinued;126.5 x 55.6 x 13.3 mm (4.98 x 2.19 x 0.52 in);-;Dual SIM;TFT, 65K colors;2.4 inches, 17.8 cm(~25.4% screen-to-body ratio);240 x 320 pixels, 4:3 ratio (~167 ppi density);;;;;;microSDHC;64MB 64MB RAM;;Yes;;Yes;No;;No;2.0;No;No;FM radio;microUSB 2.0;No;Li-Ion 1800 mAh battery;Black;;About 20 EUR;;;;No;No;;QAppsMP4/H.263 playerOrganizerVoice memo
https://www.gsmarena.com/qmobile_noir_i7-7389.php;https://fdn2.gsmarena.com/vv/bigpic/qmobile-noir-i7.jpg;QMobile Noir i7;Released 2014, September;8.8mm thickness;Android 4.2, up to 4.4;8GB storage, microSDHC;0;N/A;52,903 hits;"4.5""";540x960 pixels;1 GB RAM;MT6582M;1700 mAh Li-Ion;GSM 850 / 900 / 1800 / 1900 - SIM 1 & SIM 2;HSDPA 900 / 2100;;HSPA 21.1/5.76 Mbps;2014, September. Released 2014, September;Discontinued;137 x 68 x 8.8 mm (5.39 x 2.68 x 0.35 in);-;Dual SIM;IPS LCD;4.5 inches, 55.8 cm(~59.9% screen-to-body ratio);540 x 960 pixels, 16:9 ratio (~245 ppi density);;Android 4.2 (Jelly Bean), upgradable to 4.4 (KitKat);Mediatek MT6582M (28 nm);Quad-core 1.3 GHz Cortex-A7;Mali-400MP2;microSDHC;8GB 1GB RAM;;5 MP, AF;LED flash;720p@30fps;2 MP;;Wi-Fi 802.11 b/g/n, hotspot;4.0, A2DP;GPS;No;FM radio;microUSB 2.0;Accelerometer;Li-Ion 1700 mAh battery;Black;;About 120 EUR;;;;;;;
https://www.gsmarena.com/qmobile_noir_m90-7333.php;https://fdn2.gsmarena.com/vv/bigpic/qmobile-m90.jpg;QMobile Noir M90;Released 2014, September;10.5mm thickness;Android 4.2, up to 4.4.2;8GB storage, microSDHC;1;N/A;63,342 hits;"5.0""";480x854 pixels;1 GB RAM;MT6582;4200 mAh Li-Ion;GSM 850 / 900 / 1800 / 1900 - SIM 1 & SIM 2;HSDPA 900 / 2100;;HSPA 21.1/5.76 Mbps;2014, September. Released 2014, September;Discontinued;144 x 72 x 10.5 mm (5.67 x 2.83 x 0.41 in);-;Dual SIM;TFT;5.0 inches, 68.9 cm(~66.4% screen-to-body ratio);480 x 854 pixels, 16:9 ratio (~196 ppi density);;Android 4.2 (Jelly Bean), upgradable to 4.4.2 (KitKat);Mediatek MT6582 (28 nm);Quad-core 1.3 GHz Cortex-A7;Mali-400MP2;microSDHC;8GB 1GB RAM;;8 MP, AF;LED flash, panorama;720p@30fps;2 MP;;Wi-Fi 802.11 b/g/n, hotspot;4.0, A2DP;GPS;No;FM radio;microUSB 2.0;Accelerometer, proximity, compass;Li-Ion 4200 mAh battery;;;About 120 EUR;;Up to 555 h (2G) / Up to 555 h (3G);Up to 31 h 30 min (2G) / Up to 24 h (3G);;;;
https://www.gsmarena.com/qmobile_noir_x800-7319.php;https://fdn2.gsmarena.com/vv/bigpic/qmobile-x800.jpg;QMobile Noir X800;Released 2014, September;7.6mm thickness;Android 4.2.2;8GB/16GB storage, microSDHC;2;N/A;48,647 hits;"4.7""";720x1280 pixels;1/2 GB RAM;MT6592M;2000 mAh Li-Ion;GSM 850 / 900 / 1800 / 1900 - SIM 1 & SIM 2;HSDPA 900 / 2100;;HSPA 21.1/5.76 Mbps;2014, September. Released 2014, September;Discontinued;138 x 68 x 7.6 mm (5.43 x 2.68 x 0.30 in);-;Dual SIM;IPS LCD;4.7 inches, 60.9 cm(~64.9% screen-to-body ratio);720 x 1280 pixels, 16:9 ratio (~312 ppi density);;Android 4.2.2 (Jelly Bean);Mediatek MT6592M (28 nm);Octa-core 1.4 GHz Cortex-A7;Mali-450MP4;microSDHC;8GB 1GB RAM, 16GB 2GB RAM;;8 MP, AF;LED flash, HDR, panorama;1080p@30fps;2 MP;;Wi-Fi 802.11 b/g/n, hotspot;4.0, A2DP;GPS;No;Stereo FM radio;microUSB 2.0, OTG;Accelerometer, proximity;Li-Ion 2000 mAh battery;Black;;About 110 EUR;;;;;;;
https://www.gsmarena.com/qmobile_b100tv-7416.php;https://fdn2.gsmarena.com/vv/bigpic/qmobile-b100.jpg;QMobile B100TV;Released 2014, August;13.2mm thickness;Feature phone;32MB 8MB RAM storage, microSDHC slot;0;N/A;29,198 hits;"2.4""";240x320 pixels;8 MB RAM;;1000 mAh Li-Ion;GSM 900 / 1800 - SIM 1 & SIM 2;;;;2014, August. Released 2014, August;Discontinued;114 x 49.6 x 13.2 mm (4.49 x 1.95 x 0.52 in);-;Dual SIM;TFT, 65K colors;2.4 inches, 17.8 cm(~31.5% screen-to-body ratio);240 x 320 pixels, 4:3 ratio (~167 ppi density);;;;;;microSDHC;32MB 8MB RAM;;Yes;;Yes;No;;No;2.0;No;No;Wireless FM radio (no wired headphones required);microUSB 2.0;No;Li-Ion 1000 mAh battery;Black;;About 20 EUR;;;;No;No;;QAppsMP4/H.263 playerOrganizerVoice memo
https://www.gsmarena.com/qmobile_noir_a115_atv-7393.php;https://fdn2.gsmarena.com/vv/bigpic/qmobile-noir-a115.jpg;QMobile Noir A115 ATV;Released 2014, August;12.1mm thickness;Android 4.2;512MB 512MB RAM storage, microSDHC slot;0;N/A;29,462 hits;"3.97""";480x800 pixels;512 MB RAM;MT6572M;1700 mAh Li-Ion;GSM 850 / 900 / 1800 / 1900 - SIM 1 & SIM 2;;;;2014, August. Released 2014, August;Discontinued;125 x 64.5 x 12.1 mm (4.92 x 2.54 x 0.48 in);-;Dual SIM;TFT;3.97 inches, 3.97, 44.9 cm(~55.6% screen-to-body ratio);480 x 800 pixels, 5:3 ratio (~235 ppi density);;Android 4.2 (Jelly Bean);Mediatek MT6572M (28 nm);Dual-core 1.0 GHz Cortex-A7;Mali-400;microSDHC;512MB 512MB RAM;;3.15 MP;LED flash;480p;VGA;;Wi-Fi 802.11 b/g/n, hotspot;4.0, A2DP;GPS;No;FM radio;microUSB 2.0;Accelerometer, proximity, compass;Li-Ion 1700 mAh battery;Black;;About 60 EUR;;;;Class 12;Class 12;;
https://www.gsmarena.com/qmobile_noir_i10-7391.php;https://fdn2.gsmarena.com/vv/bigpic/qmobile-i10.jpg;QMobile Noir i10;Released 2014, August;8.8mm thickness;Android 4.4.2;8GB storage, microSDHC;0;N/A;50,114 hits;"5.0""";540x960 pixels;1 GB RAM;MT6582M;1700 mAh Li-Ion;GSM 850 / 900 / 1800 / 1900 - SIM 1 & SIM 2;HSDPA 900 / 2100;;HSPA 21.1/5.76 Mbps;2014, August. Released 2014, August;Discontinued;147 x 73 x 8.8 mm (5.79 x 2.87 x 0.35 in);-;Dual SIM;IPS LCD;5.0 inches, 68.9 cm(~64.2% screen-to-body ratio);540 x 960 pixels, 16:9 ratio (~220 ppi density);;Android 4.4.2 (KitKat);Mediatek MT6582M (28 nm);Quad-core 1.3 GHz Cortex-A7;Mali-400MP2;microSDHC;8GB 1GB RAM;;8 MP, AF;LED flash;720p@30fps;2 MP;;Wi-Fi 802.11 b/g/n, hotspot;4.0, A2DP;GPS;No;FM radio;microUSB 2.0, OTG;Accelerometer;Li-Ion 1700 mAh battery;Black;i10;About 120 EUR;;;;;;;
https://www.gsmarena.com/qmobile_b800-7415.php;https://fdn2.gsmarena.com/vv/bigpic/qmobile-b800.jpg;QMobile B800;Released 2014, July;10.9mm thickness;Feature phone;128MB 64MB RAM storage, microSDHC slot;0;N/A;36,099 hits;"3.2""";240x320 pixels;64 MB RAM;;1200 mAh Li-Ion;GSM 900 / 1800 - SIM 1 & SIM 2;;;;2014, July. Released 2014, July;Discontinued;127.9 x 57.4 x 10.9 mm (5.04 x 2.26 x 0.43 in);-;Dual SIM;TFT, 65K colors;3.2 inches, 31.7 cm(~43.2% screen-to-body ratio);240 x 320 pixels, 4:3 ratio (~125 ppi density);;;;;;microSDHC;128MB 64MB RAM;;Yes;LED flash;Yes;No;;No;2.0;No;No;FM radio;microUSB 2.0;No;Li-Ion 1200 mAh battery;Black;;About 30 EUR;;;;Yes;Yes;;QAppsMP4/H.263 playerOrganizerVoice memo
https://www.gsmarena.com/qmobile_noir_a8i-7392.php;https://fdn2.gsmarena.com/vv/bigpic/qmobile-noir-a8i.jpg;QMobile Noir A8i;Released 2014, July;11.2mm thickness;Android 4.4;4GB 512MB RAM storage, microSDHC slot;0;N/A;35,543 hits;"4.0""";480x800 pixels;512 MB RAM;MT6572;1600 mAh Li-Ion;GSM 850 / 900 / 1800 / 1900 - SIM 1 & SIM 2;HSDPA 900 / 2100;;HSPA 21.1/5.76 Mbps;2014, July. Released 2014, July;Discontinued;126 x 64.4 x 11.2 mm (4.96 x 2.54 x 0.44 in);-;Dual SIM;TFT;4.0 inches, 45.5 cm(~56.1% screen-to-body ratio);480 x 800 pixels, 5:3 ratio (~233 ppi density);;Android 4.4 (KitKat);Mediatek MT6572 (28 nm);Dual-core 1.3 GHz Cortex-A7;Mali-400;microSDHC;4GB 512MB RAM;;5 MP;LED flash, panorama;720p;VGA;;Wi-Fi 802.11 b/g/n, hotspot;4.0, A2DP;A-GPS only;No;FM radio, recording;microUSB 2.0;Accelerometer, proximity, compass;Li-Ion 1600 mAh battery;Black;;About 90 EUR;;;;;;;
https://www.gsmarena.com/qmobile_noir_z5-7383.php;https://fdn2.gsmarena.com/vv/bigpic/qmobile-noir-z5.jpg;QMobile Noir Z5;Released 2014, July;150g, 9.5mm thickness;Android 4.2;16GB storage, no card slot;1;N/A;39,276 hits;"5.5""";1080x1920 pixels;2 GB RAM;Snapdragon 800;2500 mAh Li-Po;GSM 850 / 900 / 1800 / 1900;HSDPA 850 / 1900 / 2100;;HSPA 21.1/5.76 Mbps;2014, July. Released 2014, July;Discontinued;150.6 x 75 x 9.5 mm (5.93 x 2.95 x 0.37 in);150 g (5.29 oz);Micro-SIM;IPS LCD;5.5 inches, 83.4 cm(~73.8% screen-to-body ratio);1080 x 1920 pixels, 16:9 ratio (~401 ppi density);Corning Gorilla Glass 3;Android 4.2 (Jelly Bean);Qualcomm MSM8274 Snapdragon 800 (28 nm);Quad-core 2.3 GHz Krait 400;Adreno 330;No;16GB 2GB RAM;eMMC 4.5;16 MP, AF;LED flash;Yes;8 MP;;Wi-Fi 802.11 b/g/n, Wi-Fi Direct, hotspot;4.0, A2DP;GPS;No;Stereo FM radio;microUSB 2.0, OTG;Accelerometer, gyro, proximity, compass;Li-Po 2500 mAh, non-removable;Black;;About 310 EUR;;;;;;;
https://www.gsmarena.com/qmobile_noir_i12-7341.php;https://fdn2.gsmarena.com/vv/bigpic/qmobile-i12.jpg;QMobile Noir i12;Released 2014, July;6.9mm thickness;Android 4.2;16GB storage, no card slot;1;N/A;64,213 hits;"5.0""";720x1280 pixels;2 GB RAM;MT6582;2000 mAh Li-Ion;GSM 850 / 900 / 1800 / 1900 - SIM 1 & SIM 2;HSDPA 900 / 2100;;HSPA 21.1/5.76 Mbps;2014, July. Released 2014, July;Discontinued;143 x 69.5 x 6.9 mm (5.63 x 2.74 x 0.27 in);-;Dual SIM;IPS LCD;5.0 inches, 68.9 cm(~69.3% screen-to-body ratio);720 x 1280 pixels, 16:9 ratio (~294 ppi density);;Android 4.2 (Jelly Bean);Mediatek MT6582 (28 nm);Quad-core 1.3 GHz Cortex-A7;Mali-400MP2;No;16GB 2GB RAM;;13 MP, AF;LED flash, panorama;1080p@30fps;5 MP;;Wi-Fi 802.11 b/g/n, hotspot;4.0, A2DP;GPS;No;FM radio;microUSB 2.0, OTG;Accelerometer, proximity, compass;Li-Ion 2000 mAh battery;Black;;About 160 EUR;;;;;;;
https://www.gsmarena.com/qmobile_noir_z6-7316.php;https://fdn2.gsmarena.com/vv/bigpic/qmobile-z6.jpg;QMobile Noir Z6;Released 2014, July;133g, 5.6mm thickness;Android 4.2;16GB storage, microSDXC;2;N/A;82,314 hits;"5.0""";1080x1920 pixels;2 GB RAM;MT6592;2300 mAh Li-Ion;GSM 850 / 900 / 1800 / 1900;HSDPA 850 / 1900 / 2100;;HSPA 21.1/5.76 Mbps;2014, July. Released 2014, July;Discontinued;145.1 x 70.2 x 5.6 mm (5.71 x 2.76 x 0.22 in);133 g (4.69 oz);Micro-SIM;Super AMOLED;5.0 inches, 68.9 cm(~67.7% screen-to-body ratio);1080 x 1920 pixels, 16:9 ratio (~441 ppi density);Corning Gorilla Glass 3;Android 4.2 (Jelly Bean);Mediatek MT6592 (28 nm);Octa-core 1.7 GHz Cortex-A7;Mali-450MP4;microSDXC (dedicated slot);16GB 2GB RAM;;13 MP, AF;LED flash, HDR, panorama;1080p@30fps;5 MP;;Wi-Fi 802.11 b/g/n, Wi-Fi Direct, hotspot;4.0, A2DP, EDR;GPS;No;Stereo FM radio;microUSB 2.0, OTG;Accelerometer, gyro, proximity, compass;Li-Ion 2300 mAh, non-removable;Black;;About 200 EUR;;Up to 490 h (2G) / Up to 490 h (3G);Up to 27 h (2G) / Up to 11 h (3G);;;;
https://www.gsmarena.com/qmobile_qtab_x50-7404.php;https://fdn2.gsmarena.com/vv/bigpic/qtab-x50.jpg;QMobile QTab X50;Released 2014, June;;Android 4.2;16GB storage, microSDHC;0;N/A;33,863 hits;"8.0""";768x1024 pixels;1 GB RAM;MT8389W;4500 mAh Li-Ion;GSM 850 / 900 / 1800 / 1900;HSDPA 850 / 900 / 1900 / 2100;;HSPA 42.2/11.5 Mbps;2014, June. Released 2014, June;Discontinued;-;-;Micro-SIM;IPS LCD;8.0 inches, 198.2 cm;768 x 1024 pixels, 4:3 ratio (~160 ppi density);;Android 4.2 (Jelly Bean);Mediatek MT8389W;Quad-core 1.2 GHz Cortex-A7;PowerVR SGX544;microSDHC (dedicated slot);16GB 1GB RAM;;5 MP, AF;;480p@24fps;2 MP;;Wi-Fi 802.11 b/g/n, hotspot;4.0, A2DP;GPS;No;Stereo FM radio, RDS;microUSB 2.0, OTG;Accelerometer, compass;Li-Ion 4500 mAh battery;Black, White;;About 160 EUR;;;;;;;
https://www.gsmarena.com/qmobile_noir_a120-7410.php;https://fdn2.gsmarena.com/vv/bigpic/qmobile-noir-a120.jpg;QMobile Noir A120;Released 2014, May;10.4mm thickness;Android 4.2;4GB 512MB RAM storage, microSDHC slot;0;N/A;32,132 hits;"4.0""";480x800 pixels;512 MB RAM;MT6572M;1500 mAh Li-Ion;GSM 850 / 900 / 1800 / 1900 - SIM 1 & SIM 2;HSDPA 900 / 2100;;HSPA 21.1/5.76 Mbps;2014, May. Released 2014, May;Discontinued;127.5 x 63.7 x 10.4 mm (5.02 x 2.51 x 0.41 in);-;Dual SIM (dual stand-by);TFT, 256K colors;4.0 inches, 45.5 cm(~56.1% screen-to-body ratio);480 x 800 pixels, 5:3 ratio (~233 ppi density);;Android 4.2 (Jelly Bean);Mediatek MT6572M (28 nm);Dual-core 1.0 GHz Cortex-A7;Mali-400;microSDHC;4GB 512MB RAM;;5 MP, AF;LED flash;Yes;VGA;;Wi-Fi 802.11 b/g/n, hotspot;4.0, A2DP;GPS;No;FM radio;microUSB 2.0;Accelerometer, proximity, compass;Li-Ion 1500 mAh battery;Black, Blue, Pink, White;;About 80 EUR;;;;;;;
https://www.gsmarena.com/qmobile_e990_sirocco_edition-7414.php;https://fdn2.gsmarena.com/vv/bigpic/qmobile-e990-sirocco-edition.jpg;QMobile E990 Sirocco Edition;Released 2014, May;7.4mm thickness;Feature phone;64MB 128MB RAM storage, microSDHC slot;2;N/A;39,066 hits;"2.6""";240x320 pixels;128 MB RAM;;1000 mAh Li-Ion;GSM 900 / 1800 - SIM 1 & SIM 2;;;;2014, May. Released 2014, May;Discontinued;128 x 52.8 x 7.4 mm (5.04 x 2.08 x 0.29 in);-;Dual SIM;TFT, 65K colors;2.6 inches, 20.9 cm(~31.0% screen-to-body ratio);240 x 320 pixels, 4:3 ratio (~154 ppi density);;;;;;microSDHC;64MB 128MB RAM;;2 MP;LED flash;320p@15fps;No;;No;2.0;No;No;FM radio;microUSB 2.0;No;Li-Ion 1000 mAh battery;Black, Golden;;About 30 EUR;;;;Yes;Yes;;QAppsMP4/H.263 playerOrganizerVoice memo
https://www.gsmarena.com/qmobile_noir_a110-7411.php;https://fdn2.gsmarena.com/vv/bigpic/qmobile-noir-a110.jpg;QMobile Noir A110;Released 2014, May;11mm thickness;Android 4.2;512MB 512MB RAM storage, microSDHC slot;0;N/A;31,817 hits;"3.5""";320x480 pixels;512 MB RAM;MT6572;1300 mAh Li-Ion;GSM 850 / 900 / 1800 / 1900 - SIM 1 & SIM 2;;;;2014, May. Released 2014, May;Discontinued;117 x 62.5 x 11 mm (4.61 x 2.46 x 0.43 in);-;Dual SIM;TFT;3.5 inches, 36.5 cm(~49.9% screen-to-body ratio);320 x 480 pixels, 3:2 ratio (~165 ppi density);;Android 4.2 (Jelly Bean);Mediatek MT6572 (28 nm);Dual-core 1.0 GHz Cortex-A7;Mali-400;microSDHC;512MB 512MB RAM;;2 MP;;Yes;VGA;;Wi-Fi 802.11 b/g/n, hotspot;4.0, A2DP;GPS;No;FM radio;microUSB 2.0;Accelerometer, proximity, compass;Li-Ion 1300 mAh battery;Black, Blue, Pink, White;;About 60 EUR;;;;Class 12;Class 12;;
https://www.gsmarena.com/qmobile_noir_i9-7390.php;https://fdn2.gsmarena.com/vv/bigpic/qmobile-noir-i9.jpg;QMobile Noir i9;Released 2014, May;167g, 9.3mm thickness;Android 4.2, up to 4.4;4GB 1GB RAM storage, microSDHC slot;0;N/A;66,717 hits;"5.0""";720x1280 pixels;1 GB RAM;MT6582;2000 mAh Li-Ion;GSM 850 / 900 / 1800 / 1900 - SIM 1 & SIM 2;HSDPA 900 / 1900 / 2100;;HSPA 21.1/5.76 Mbps;2014, May. Released 2014, May;Discontinued;146 x 74 x 9.3 mm (5.75 x 2.91 x 0.37 in);167 g (5.89 oz);Dual SIM;IPS LCD;5.0 inches, 68.9 cm(~63.8% screen-to-body ratio);720 x 1280 pixels, 16:9 ratio (~294 ppi density);;Android 4.2 (Jelly Bean), upgradable to 4.4 (KitKat);Mediatek MT6582 (28 nm);Quad-core 1.3 GHz Cortex-A7;Mali-400MP2;microSDHC;4GB 1GB RAM;;8 MP, AF;LED flash, HDR, panorama;1080p@30fps;2 MP;;Wi-Fi 802.11 b/g/n, hotspot;4.0, A2DP;GPS;No;FM radio;microUSB 2.0, OTG;Accelerometer, proximity, compass;Li-Ion 2000 mAh battery;Black;;About 130 EUR;;Up to 260 h (2G) / Up to 260 h (3G);Up to 16 h (2G) / Up to 10 h 30 min (3G);;;;
https://www.gsmarena.com/qmobile_noir_i6-7388.php;https://fdn2.gsmarena.com/vv/bigpic/qmobile-noir-i6.jpg;QMobile Noir i6;Released 2014, May;88.2g, 9.1mm thickness;Android 4.2, up to 4.4;8GB storage, microSDHC;0;N/A;67,421 hits;"4.5""";480x854 pixels;1 GB RAM;MT6582;1800 mAh Li-Po;GSM 850 / 900 / 1800 / 1900 - SIM 1 & SIM 2;HSDPA 900 / 2100;;HSPA 21.1/5.76 Mbps;2014, May. Released 2014, May;Discontinued;135 x 66.5 x 9.1 mm (5.31 x 2.62 x 0.36 in);88.2 g (3.10 oz);Dual SIM (dual stand-by);TFT;4.5 inches, 55.8 cm(~62.2% screen-to-body ratio);480 x 854 pixels, 16:9 ratio (~218 ppi density);;Android 4.2 (Jelly Bean), upgradable to 4.4 (KitKat);Mediatek MT6582 (28 nm);Quad-core 1.3 GHz Cortex-A7;Mali-400MP2;microSDHC;8GB 1GB RAM;;5 MP, AF;LED flash;Yes;2 MP;;Wi-Fi 802.11 b/g/n, hotspot;4.0, A2DP;A-GPS only;No;FM radio, recording;microUSB 2.0;Accelerometer, proximity, compass;Li-Po 1800 mAh battery;Black;;About 120 EUR;;Up to 386 h (2G) / Up to 386 h (3G);Up to 16 h 30 min (2G) / Up to 11 h (3G);;;;
https://www.gsmarena.com/qmobile_noir_a75-7387.php;https://fdn2.gsmarena.com/vv/bigpic/qmobile-noir-a75.jpg;QMobile Noir A75;Released 2014, May;10mm thickness;Android 4.2;4GB 512MB RAM storage, microSDHC slot;0;N/A;32,370 hits;"4.5""";480x854 pixels;512 MB RAM;MT6572;1500 mAh Li-Ion;GSM 850 / 900 / 1800 / 1900 - SIM 1 & SIM 2;HSDPA 900 / 2100;;HSPA 21.1/5.76 Mbps;2014, May. Released 2014, May;Discontinued;135 x 67 x 10 mm (5.31 x 2.64 x 0.39 in);-;Dual SIM;TFT;4.5 inches, 55.8 cm(~61.7% screen-to-body ratio);480 x 854 pixels, 16:9 ratio (~218 ppi density);;Android 4.2 (Jelly Bean);Mediatek MT6572 (28 nm);Dual-core 1.0 GHz Cortex-A7;Mali-400;microSDHC;4GB 512MB RAM;;3.15 MP, AF;LED flash;Yes;VGA;;Wi-Fi 802.11 b/g/n, hotspot;4.0, A2DP;A-GPS only;No;FM radio;microUSB 2.0;Accelerometer, proximity, compass;Li-Ion 1500 mAh battery;Black;;About 80 EUR;;;;;;;
https://www.gsmarena.com/qmobile_noir_i5i-7339.php;https://fdn2.gsmarena.com/vv/bigpic/qmobile-i5i.jpg;QMobile Noir i5i;Released 2014, May;9.8mm thickness;Android 4.4.2;4GB 1GB RAM storage, microSDHC slot;0;N/A;49,768 hits;"4.5""";480x854 pixels;1 GB RAM;MT6582M;1700 mAh Li-Ion;GSM 850 / 900 / 1800 / 1900 - SIM 1 & SIM 2;HSDPA 900 / 2100;;HSPA 21.1/5.76 Mbps;2014, May. Released 2014, May;Discontinued;133.5 x 66.5 x 9.8 mm (5.26 x 2.62 x 0.39 in);-;Dual SIM;TFT;4.5 inches, 55.8 cm(~62.9% screen-to-body ratio);480 x 854 pixels, 16:9 ratio (~218 ppi density);;Android 4.4.2 (KitKat);Mediatek MT6582M (28 nm);Quad-core 1.3 GHz Cortex-A7;Mali-400MP2;microSDHC;4GB 1GB RAM;;5 MP;LED flash;Yes;VGA;;Wi-Fi 802.11 b/g/n, hotspot;4.0, A2DP;A-GPS only;No;FM radio;microUSB 2.0;Accelerometer;Li-Ion 1700 mAh battery;Black;;About 80 EUR;;;;;;;
https://www.gsmarena.com/qmobile_noir_i5-7338.php;https://fdn2.gsmarena.com/vv/bigpic/qmobile-i5.jpg;QMobile Noir i5;Released 2014, May;9.5mm thickness;Android 4.2, up to 4.4;4GB 512MB RAM storage, microSDHC slot;0;N/A;57,407 hits;"4.7""";480x800 pixels;512 MB RAM;MT6582M;2000 mAh Li-Ion;GSM 850 / 900 / 1800 / 1900 - SIM 1 & SIM 2;HSDPA 900 / 2100;;HSPA;2014, May. Released 2014, May;Discontinued;138.5 x 71.5 x 9.5 mm (5.45 x 2.81 x 0.37 in);-;Dual SIM;IPS LCD;4.7 inches, 62.9 cm(~63.5% screen-to-body ratio);480 x 800 pixels, 5:3 ratio (~199 ppi density);;Android 4.2 (Jelly Bean), upgradable to 4.4 (KitKat);Mediatek MT6582M (28 nm);Quad-core 1.3 GHz Cortex-A7;Mali-400MP2;microSDHC;4GB 512MB RAM;;5 MP, AF;LED flash;480p@30fps;2 MP;;Wi-Fi 802.11 b/g/n, hotspot;4.0, A2DP;GPS;No;FM radio;microUSB 2.0, OTG;Accelerometer, proximity, compass;Li-Ion 2000 mAh battery;Black;;About 80 EUR;;;;;;;
https://www.gsmarena.com/qmobile_noir_a550-7408.php;https://fdn2.gsmarena.com/vv/bigpic/qmobile-noir-a550.jpg;QMobile Noir A550;Released 2014, April;8.9mm thickness;Android 4.2, up to 4.4;4GB 1GB RAM storage, microSDHC slot;1;N/A;27,320 hits;"4.5""";540x960 pixels;1 GB RAM;MT6582;1700 mAh Li-Ion;GSM 850 / 900 / 1800 / 1900 - SIM 1 & SIM 2;HSDPA 900 / 2100;;HSPA 21.1/5.76 Mbps;2014, April. Released 2014, April;Discontinued;132 x 66 x 8.9 mm (5.20 x 2.60 x 0.35 in);-;Dual SIM;IPS LCD;4.5 inches, 55.8 cm(~64.1% screen-to-body ratio);540 x 960 pixels, 16:9 ratio (~245 ppi density);;Android 4.2 (Jelly Bean), upgradable to 4.4 (KitKat);Mediatek MT6582 (28 nm);Quad-core 1.3 GHz Cortex-A7;Mali-400MP2;microSDHC;4GB 1GB RAM;;8 MP, AF;LED flash;Yes;2 MP;;Wi-Fi 802.11 b/g/n, hotspot;4.0, A2DP;GPS;No;FM radio;microUSB 2.0, OTG;Accelerometer, proximity, compass;Li-Ion 1700 mAh battery;Black;;About 140 EUR;;;;;;;
https://www.gsmarena.com/qmobile_noir_v4-7385.php;https://fdn2.gsmarena.com/vv/bigpic/qmobile-noir-v4.jpg;QMobile Noir V4;Released 2014, January;220g, 9.3mm thickness;Android 4.2;16GB storage, no card slot;1;N/A;30,073 hits;"5.7""";720x1280 pixels;1 GB RAM;MT6589;2600 mAh Li-Ion;GSM 850 / 900 / 1800 / 1900 - SIM 1 & SIM 2;HSDPA 900 / 2100;;HSPA 21.1/5.76 Mbps;2014, January. Released 2014, January;Discontinued;161 x 82.5 x 9.3 mm (6.34 x 3.25 x 0.37 in);220 g (7.76 oz);Dual SIM;IPS LCD;5.7 inches, 89.6 cm(~67.4% screen-to-body ratio);720 x 1280 pixels, 16:9 ratio (~258 ppi density);;Android 4.2 (Jelly Bean);Mediatek MT6589 (28 nm);Quad-core 1.2 GHz Cortex-A7;PowerVR SGX544;No;16GB 1GB RAM;;12 MP, AF;Dual-LED flash, HDR;1080p@30fps;5 MP;;Wi-Fi 802.11 b/g/n, hotspot;4.0, A2DP;GPS;No;FM radio;microUSB 2.0, OTG;Accelerometer, proximity, compass;Li-Ion 2600 mAh battery;Black;;About 180 EUR;;Up to 220 h (3G);Up to 8 h (3G);;;;
https://www.gsmarena.com/qmobile_noir_z4-7382.php;https://fdn2.gsmarena.com/vv/bigpic/qmobile-noir-z4.jpg;QMobile Noir Z4;Released 2013, October;7.7mm thickness;Android 4.2;32GB storage, no card slot;2;N/A;62,198 hits;"5.0""";1080x1920 pixels;2 GB RAM;MT6589T;2000 mAh Li-Ion;GSM 850 / 900 / 1800 / 1900;HSDPA 900 / 2100;;HSPA 21.1/5.76 Mbps;2013, October. Released 2013, October;Discontinued;144 x 69 x 7.7 mm (5.67 x 2.72 x 0.30 in);-;Micro-SIM;IPS LCD;5.0 inches, 68.9 cm(~69.4% screen-to-body ratio);1080 x 1920 pixels, 16:9 ratio (~441 ppi density);Corning Gorilla Glass 3;Android 4.2 (Jelly Bean);Mediatek MT6589T (28 nm);Quad-core 1.5 GHz Cortex-A7;PowerVR SGX544;No;32GB 2GB RAM;;13 MP, AF;LED flash, panorama;1080p@30fps;5 MP;;Wi-Fi 802.11 b/g/n, Wi-Fi Direct, hotspot;4.0, A2DP;GPS;No;Stereo FM radio;microUSB 2.0;Accelerometer, gyro, proximity, compass;Li-Ion 2000 mAh battery;Black;;About 200 EUR;;;;;;;
https://www.gsmarena.com/qmobile_noir_z3-7381.php;https://fdn2.gsmarena.com/vv/bigpic/qmobile-noir-z3.jpg;QMobile Noir Z3;Released 2013, September;135g, 6.9mm thickness;Android 4.2;16GB storage, no card slot;0;N/A;43,143 hits;"4.8""";720x1280 pixels;1 GB RAM;MT6589;2000 mAh Li-Ion;GSM 850 / 900 / 1800 / 1900;HSDPA 900 / 2100;;HSPA 21.1/5.76 Mbps;2013, September. Released 2013, September;Discontinued;137 x 69 x 6.9 mm (5.39 x 2.72 x 0.27 in);135 g (4.76 oz);Micro-SIM;Super AMOLED;4.8 inches, 63.5 cm(~67.2% screen-to-body ratio);720 x 1280 pixels, 16:9 ratio (~306 ppi density);Corning Gorilla Glass 2;Android 4.2 (Jelly Bean);Mediatek MT6589 (28 nm);Quad-core 1.5 GHz Cortex-A7;PowerVR SGX544;No;16GB 1GB RAM;;8 MP, AF;LED flash;1080p@30fps;5 MP;;Wi-Fi 802.11 b/g/n, Wi-Fi Direct, hotspot;4.0, A2DP;GPS;No;Stereo FM radio;microUSB 2.0;Accelerometer, proximity, compass;Li-Ion 2000 mAh battery;Black;;About 210 EUR;;;;;;;
https://www.gsmarena.com/qmobile_noir_a15_3d-7412.php;https://fdn2.gsmarena.com/vv/bigpic/qmobile-noir-a15-3d.jpg;QMobile Noir A15 3D;Released 2013, July;11.8mm thickness;Android 4.1;4GB 512MB RAM storage, microSDHC slot;0;N/A;28,954 hits;"5.0""";480x800 pixels;512 MB RAM;MT6577T;2200 mAh Li-Ion;GSM 900 / 1800 - SIM 1 & SIM 2;HSDPA 900 / 2100;;HSPA 21.1/5.76 Mbps;2013, July. Released 2013, July;Discontinued;147 x 77 x 11.8 mm (5.79 x 3.03 x 0.46 in);-;Dual SIM (dual stand-by);3D;5.0 inches, 71.2 cm(~62.9% screen-to-body ratio);480 x 800 pixels, 5:3 ratio (~187 ppi density);;Android 4.1 (Jelly Bean);Mediatek MT6577T (40 nm);Dual-core 1.2 GHz Cortex-A9;PowerVR SGX531;microSDHC;4GB 512MB RAM;;5 MP;LED flash;480p@30fps;VGA;;Wi-Fi 802.11 b/g/n, hotspot;4.0, A2DP;GPS;No;Stereo FM radio;microUSB 2.0;Accelerometer, proximity, compass;Li-Ion 2200 mAh battery;Black;;About 150 EUR;;Up to 225 h (3G);Up to 4 h 30 min (3G);;;;
https://www.gsmarena.com/qmobile_noir_a950-7406.php;https://fdn2.gsmarena.com/vv/bigpic/qmobile-noir-a950.jpg;QMobile Noir A950;Released 2013, July;8.6mm thickness;Android 4.1;4GB 1GB RAM storage, microSDHC slot;0;N/A;31,589 hits;"4.65""";720x1280 pixels;1 GB RAM;MT6589W;2100 mAh Li-Ion;GSM 850 / 900 / 1800 / 1900 - SIM 1 & SIM 2;HSDPA 900 / 2100;;HSPA 21.1/5.76 Mbps;2013, July. Released 2013, July;Discontinued;130 x 67 x 8.6 mm (5.12 x 2.64 x 0.34 in);-;Dual SIM;Super AMOLED+;4.65 inches, 59.6 cm(~68.4% screen-to-body ratio);720 x 1280 pixels, 16:9 ratio (~316 ppi density);;Android 4.1 (Jelly Bean);Mediatek MT6589W;Quad-core 1.2 GHz Cortex-A7;PowerVR SGX544;microSDHC;4GB 1GB RAM;;8 MP;LED flash;720p;1 MP;;Wi-Fi 802.11 b/g/n, Wi-Fi Direct, hotspot;4.0, A2DP;GPS;No;Stereo FM radio;microUSB 2.0;Accelerometer, proximity, compass;Li-Ion 2100 mAh battery;Black;;About 120 EUR;;;;;;;
https://www.gsmarena.com/qmobile_noir_a500-7409.php;https://fdn2.gsmarena.com/vv/bigpic/qmobile-noir-a500.jpg;QMobile Noir A500;Released 2013, July;9.6mm thickness;Android 4.2;4GB 512MB RAM storage, microSDHC slot;0;N/A;51,394 hits;"4.5""";480x854 pixels;512 MB RAM;MT6589M;1800 mAh Li-Ion;GSM 850 / 900 / 1800 / 1900 - SIM 1 & SIM 2;HSDPA 900 / 2100;;HSPA 21.1/5.76 Mbps;2013, July. Released 2013, July;Discontinued;136 x 67 x 9.6 mm (5.35 x 2.64 x 0.38 in);-;Dual SIM (dual stand-by);TFT, 256K colors;4.5 inches, 55.8 cm(~61.2% screen-to-body ratio);480 x 854 pixels, 16:9 ratio (~218 ppi density);;Android 4.2 (Jelly Bean);Mediatek MT6589M (28 nm);Quad-core 1.2 GHz Cortex-A7;PowerVR SGX544;microSDHC;4GB 512MB RAM;;5 MP;LED flash;Yes;VGA;;Wi-Fi 802.11 b/g/n, hotspot;4.0, A2DP;GPS;No;Stereo FM radio;microUSB 2.0;Accelerometer, proximity, compass;Li-Ion 1800 mAh battery;Black;;About 130 EUR;;;;;;;
