Link;Image;Name;Release date;Weight;OS;Storage;Fans;Popularity;Hits;Screen_size;Screen_resolution;RAM;SOC;Battery;net2g;net3g;speed;year;status;dimensions;weight;sim;displaytype;displaysize;displayresolution;memoryslot;cam1modules;cam1features;cam1video;cam2modules;cam2video;wlan;bluetooth;gps;radio;usb;sensors;featuresother;batdescription1;batstandby1;battalktime1;batmusicplayback1;colors;price;gprstext;edge;internalmemory;displayother;displayprotection;optionalother;memoryother;bodyother;sar-eu;os;cpu
https://www.gsmarena.com/sagem_puma_phone-3140.php;https://fdn2.gsmarena.com/vv/bigpic/sagem-puma-phone.jpg;Sagem Puma Phone;Released 2010, August;115g, 13mm thickness;Feature phone;microSDHC slot;23;0.1%;495,529 hits;"2.8""";240x320 pixels; ;;880 mAh Li-Ion;GSM 900 / 1800 / 1900;HSDPA 900 / 2100;HSPA 7.2/2 Mbps;2010, February. Released 2010, August;Discontinued;102 x 56 x 13 mm (4.02 x 2.20 x 0.51 in);115 g (4.06 oz);Mini-SIM;TFT resistive touchscreen, 256K colors;2.8 inches, 24.3 cm(~42.5% screen-to-body ratio);240 x 320 pixels, 4:3 ratio (~143 ppi density);microSDHC (dedicated slot), 2 GB included;3.15 MP;LED flash;Yes;VGA;;No;2.1, A2DP;GPS, A-GPS;Stereo FM radio, RDS;2.0;Accelerometer, compass;Integrated solar cell with charge indicatorBike Tracker, Run Tracker, PedometerPUMA services;Removable Li-Ion 880 mAh battery;Up to 350 h;Up to 5 h (2G) / Up to 4 h (3G);Up to 24 h;Black;About 400 EUR;;;;;;;;;;;
https://www.gsmarena.com/sagem_my421z-2563.php;https://fdn2.gsmarena.com/vv/bigpic/sagem-my421z.jpg;Sagem my421z;Released 2008, October;95g, 14mm thickness;Feature phone;microSD slot;9;N/A;206,491 hits;"2.0""";176x220 pixels; ;;810 mAh Li-Ion;GSM 900 / 1800 / 1900;;;2008, September. Released 2008, October;Discontinued;97 x 46 x 14 mm (3.82 x 1.81 x 0.55 in);95 g (3.35 oz);Mini-SIM;TFT, 256K colors;2.0 inches, 12.6 cm(~28.2% screen-to-body ratio);176 x 220 pixels (~141 ppi density);microSD (dedicated slot);1.3 MP;;Yes;No;;No;Yes;No;No;Proprietary;;MP3/AAC playerPredictive text inputOrganizer;Removable Li-Ion battery;Up to 250 h;Up to 3 h 30 min;;Black, Silver, Pink;;Yes;No;;;;;;;;;
https://www.gsmarena.com/sagem_roland_garros-2329.php;https://fdn2.gsmarena.com/vv/bigpic/sagem-rg.jpg;Sagem Roland Garros;Released 2008, April;81g, 10.9mm thickness;Feature phone;13MB storage, microSD slot;10;N/A;221,658 hits;;120x160 pixels; ;;1300 mAh Li-Ion;GSM 900 / 1800 / 1900;;;2008, February. Released 2008, April;Discontinued;106.9 x 46.3 x 10.9 mm (4.21 x 1.82 x 0.43 in);81 g (2.86 oz);Mini-SIM;TFT, 65K colors;;120 x 160 pixels, 4:3 ratio;microSD (dedicated slot);1.3 MP;;No;No;;No;Yes;No;No;Proprietary;;MP3 playerPredictive text inputOrganizerVoice memo;Removable Li-Ion battery;Up to 220 h;Up to 3 h;;Black;;Yes;No;13MB;;;;;;;;
https://www.gsmarena.com/sagem_mymobiletv_2-2328.php;https://fdn2.gsmarena.com/vv/bigpic/mymobile-tv.jpg;Sagem myMobileTV 2;Released 2008, April;;Feature phone;25MB storage, microSD slot;11;N/A;301,918 hits;;240x320 pixels; ;;1300 mAh Li-Ion;GSM 900 / 1800 / 1900;;;2008, February. Released 2008, April;Discontinued;-;-;Mini-SIM;TFT, 256K colors;;240 x 320 pixels, 4:3 ratio;microSD (dedicated slot);2 MP;;Yes;No;;No;1.1, A2DP;No;No;Proprietary;;DVB-H receiver-decoderMP3 playerPredictive text inputOrganizerVoice memo;Removable Li-Ion battery;;Up to 5 h;;Black;;Yes;No;25MB;spin-and-rotate displayexternal 65K TFT display, 72 x 96 pixel resolution;;;;;;;
https://www.gsmarena.com/sagem_my411c_oxbow-2514.php;https://fdn2.gsmarena.com/vv/bigpic/sagem-my411c-oxbow.jpg;Sagem my411C Oxbow;Released 2008;87g, 16.5mm thickness;Feature phone;10MB storage, microSD slot;9;N/A;170,962 hits;;128x160 pixels; ;;670 mAh Li-Ion;GSM 900 / 1800 / 1900;;;2008, February. Released 2008;Discontinued;91 x 46 x 16.5 mm (3.58 x 1.81 x 0.65 in);87 g (3.07 oz);Mini-SIM;CSTN, 65K colors;;128 x 160 pixels;microSD (dedicated slot);VGA;;Yes;No;;No;Yes;No;No;Proprietary;;MP3 playerOrganizerPredictive text input;Removable Li-Ion battery;Up to 210 h;Up to 3 h;;;;Yes;No;10MB;External monochrome display;;;;;;;
https://www.gsmarena.com/sagem_my855c-2304.php;https://fdn2.gsmarena.com/vv/bigpic/sagem-my855c.jpg;Sagem my855c;Released 2008;95g, 16mm thickness;Feature phone;microSD slot;8;N/A;143,538 hits;"2.0""";320x240 pixels; ;;1000 mAh Li-Ion;GSM 900 / 1800 / 1900;HSDPA 2100;HSPA 3.6/0.384 Mbps;2008, February. Released 2008;Discontinued;96 x 49 x 16 mm (3.78 x 1.93 x 0.63 in);95 g (3.35 oz);Mini-SIM;TFT, 256K colors;2.0 inches, 12.4 cm(~26.3% screen-to-body ratio);320 x 240 pixels, 4:3 ratio (~200 ppi density);microSD (dedicated slot);2 MP;;Yes;VGA videocall camera;;No;2.0, A2DP;No;No;Proprietary;;Music playerPredictive text inputOrganizer;Removable Li-Ion battery;Up to 300 h;Up to 4 h 30 min;;;;;;;;;;;;;;
https://www.gsmarena.com/sagem_my810x-2512.php;https://fdn2.gsmarena.com/vv/bigpic/sagem-my810x.jpg;Sagem my810x;Cancelled;105g, 16mm thickness;Feature phone;microSDHC slot;7;N/A;135,164 hits;;176x220 pixels; ;;600 mAh Li-Ion;GSM 900 / 1800;UMTS 2100;Yes, 384 kbps;2007, October;Cancelled;104 x 48 x 16 mm (4.09 x 1.89 x 0.63 in);105 g (3.70 oz);Mini-SIM;TFT, 256K colors;;176 x 220 pixels;microSDHC (dedicated slot);1.3 MP;;Yes;VGA videocall camera;;No;1.2;No;No;1.1;;MP3 playerOrganizerVoice memoPredictive text input;Removable Li-Ion battery;Up to 280 h;Up to 5 h;;Black;;;;;;;;;;;;
https://www.gsmarena.com/sagem_my750x-2303.php;https://fdn2.gsmarena.com/vv/bigpic/sagem-my750x.jpg;Sagem my750x;Released 2008;95g, 11mm thickness;Feature phone;microSD slot;9;N/A;259,780 hits;"2.4""";320x240 pixels; ;;1000 mAh Li-Ion;GSM 900 / 1800 / 1900;HSDPA 2100;HSPA 3.6/0.384 Mbps;2008, February. Released 2008;Discontinued;108 x 48 x 11 mm (4.25 x 1.89 x 0.43 in);95 g (3.35 oz);Mini-SIM;TFT, 256K colors;2.4 inches, 17.8 cm(~34.4% screen-to-body ratio);320 x 240 pixels, 4:3 ratio (~167 ppi density);microSD (dedicated slot);3.15 MP;LED flash;Yes;VGA videocall camera;;No;Yes;No;Stereo FM radio, RDS;Proprietary;;Music playerPredictive text inputOrganizer;Removable Li-Ion battery;Up to 300 h;Up to 4 h 30 min;;Violet, Green, Red, Blue, Orange;;;;;;;;;;;;
https://www.gsmarena.com/sagem_my721x-2302.php;https://fdn2.gsmarena.com/vv/bigpic/sagem-my721x.jpg;Sagem my721x;Released 2008, May;90g, 9.8mm thickness;Feature phone;microSD slot;8;N/A;175,636 hits;"2.0""";176x220 pixels; ;;1000 mAh Li-Ion;GSM 900 / 1800 / 1900;;;2008, February. Released 2008, May;Discontinued;112 x 48 x 9.8 mm (4.41 x 1.89 x 0.39 in);90 g (3.17 oz);Mini-SIM;TFT, 256K colors;2.0 inches, 12.6 cm(~23.4% screen-to-body ratio);176 x 220 pixels (~141 ppi density);microSD (dedicated slot);3.15 MP;;Yes;No;;No;Yes;No;Stereo FM radio, RDS;Proprietary;;Music playerPredictive text inputOrganizer;Removable Li-Ion battery;Up to 200 h;Up to 3 h;;Black, Silver;;Class 10;No;;;;;;;;;
https://www.gsmarena.com/sagem_my721z-2301.php;https://fdn2.gsmarena.com/vv/bigpic/sagem-my721z.jpg;Sagem my721z;Released 2008;125g, 12mm thickness;Feature phone;microSD slot;8;N/A;132,124 hits;"2.2""";176x220 pixels; ;;1000 mAh Li-Ion;GSM 900 / 1800 / 1900;;;2008, February. Released 2008;Discontinued;106 x 52 x 12 mm (4.17 x 2.05 x 0.47 in);125 g (4.41 oz);Mini-SIM;TFT, 256K colors;2.2 inches, 15.2 cm(~27.6% screen-to-body ratio);176 x 220 pixels (~128 ppi density);microSD (dedicated slot);3.15 MP;;Yes;No;;No;Yes;No;Stereo FM radio, RDS;Proprietary;;Music playerPredictive text inputOrganizer;Removable Li-Ion battery;Up to 200 h;Up to 3 h;;Silver;;Yes;No;;Mirror effect;;;;;;;
https://www.gsmarena.com/sagem_my521x-2300.php;https://fdn2.gsmarena.com/vv/bigpic/sagem-my521x.jpg;Sagem my521x;Released 2008, July;90g, 10mm thickness;Feature phone;10MB storage, microSD slot;8;N/A;167,601 hits;"1.9""";128x160 pixels; ;;1000 mAh Li-Ion;GSM 900 / 1800 / 1900;;;2008, July;Discontinued;107 x 46 x 10 mm (4.21 x 1.81 x 0.39 in);90 g (3.17 oz);Mini-SIM;TFT, 65K colors;1.9 inches, 11.4 cm(~23.1% screen-to-body ratio);128 x 160 pixels (~108 ppi density);microSD (dedicated slot);1.3 MP;;Yes;No;;No;Yes;No;No;Proprietary;;MP3/AAC playerPredictive text inputOrganizer;Removable Li-Ion battery;Up to 200 h;Up to 3 h;;Black,Silver;;Yes;No;10MB;;;;;;;;
https://www.gsmarena.com/sagem_my519x-2299.php;https://fdn2.gsmarena.com/vv/bigpic/sagem-my519x.jpg;Sagem my519x;Released 2008;95g, 11mm thickness;Feature phone;microSD slot;8;N/A;123,887 hits;"2.0""";176x220 pixels; ;;1000 mAh Li-Ion;GSM 900 / 1800 / 1900;;;2008, February. Released 2008;Discontinued;108 x 48 x 11 mm (4.25 x 1.89 x 0.43 in);95 g (3.35 oz);Mini-SIM;TFT, 256K colors;2.0 inches, 12.6 cm(~24.3% screen-to-body ratio);176 x 220 pixels (~141 ppi density);microSD (dedicated slot);3.15 MP;;Yes;No;;Wi-Fi 802.11b/g;Yes;No;Stereo FM radio, RDS;Proprietary;;Music playerBarcode readerPredictive text inputOrganizer;Removable Li-Ion battery;Up to 240 h;Up to 4 h 30 min;;Violet, Green, Pink;;Yes;Class 10;;;;;;;;;
https://www.gsmarena.com/sagem_my421x-2298.php;https://fdn2.gsmarena.com/vv/bigpic/sagem-my421x.jpg;Sagem my421x;Released 2008;81g, 10mm thickness;Feature phone;microSD slot;8;N/A;114,408 hits;"1.8""";128x160 pixels; ;;1000 mAh Li-Ion;GSM 900 / 1800;;;2008, February. Released 2008;Discontinued;107 x 47 x 10 mm (4.21 x 1.85 x 0.39 in);81 g (2.86 oz);Mini-SIM;CSTN, 65K colors;1.8 inches, 10.2 cm(~20.3% screen-to-body ratio);128 x 160 pixels (~114 ppi density);microSD (dedicated slot);1.3 MP;;Yes;No;;No;Yes;No;Stereo FM radio, RDS;Proprietary;;Music playerPredictive text inputOrganizer;Removable Li-Ion battery;Up to 220 h;Up to 3 h 40 min;;Black;;Yes;No;;Glossy effect;;;;;;;
https://www.gsmarena.com/sagem_my429x-2297.php;https://fdn2.gsmarena.com/vv/bigpic/sagem-my419x.jpg;Sagem my429x;Released 2008, February;95g, 15mm thickness;Feature phone;No card slot;6;N/A;104,361 hits;"1.8""";128x160 pixels; ;;1000 mAh Li-Ion;GSM 900 / 1800;;;2008, February;Discontinued;106 x 46 x 15 mm (4.17 x 1.81 x 0.59 in);95 g (3.35 oz);Mini-SIM;CSTN, 65K colors;1.8 inches, 10.2 cm(~20.9% screen-to-body ratio);128 x 160 pixels (~114 ppi density);No;VGA;;Yes;No;;Wi-Fi 802.11b/g;Yes;No;No;Proprietary;;Music playerPredictive text inputOrganizer;Removable Li-Ion battery;Up to 370 h;Up to 4 h;;Silver;;Yes;No;;Metallic cover with mirror effect;;;;;;;
https://www.gsmarena.com/sagem_my419x-2296.php;https://fdn2.gsmarena.com/vv/bigpic/sagem-my419x-new.jpg;Sagem my419x;Released 2008, February;95g, 15mm thickness;Feature phone;No card slot;6;N/A;113,926 hits;"1.8""";128x160 pixels; ;;1000 mAh Li-Ion;GSM 900 / 1800;;;2008, February;Discontinued;106 x 46 x 15 mm (4.17 x 1.81 x 0.59 in);95 g (3.35 oz);Mini-SIM;TFT, 65K colors;1.8 inches, 10.2 cm(~20.9% screen-to-body ratio);128 x 160 pixels (~114 ppi density);No;VGA;;Yes;No;;Wi-Fi 802.11b/g;Yes;No;No;Proprietary;;Music playerPredictive text inputOrganizer;Removable Li-Ion battery;Up to 370 h;Up to 4 h;;Silver;;Yes;No;;Metallic cover with mirror effect;;;;;;;
https://www.gsmarena.com/sagem_p9522_porsche-3210.php;https://fdn2.gsmarena.com/vv/bigpic/Sagem-Porsche-P9522.jpg;Sagem P9522 Porsche;Released 2008, October;115g, 12mm thickness;Feature phone;microSD slot;11;N/A;186,537 hits;"2.8""";240x400 pixels; ;;1350 mAh Li-Ion;GSM 850 / 900 / 1800 / 1900;;;2008, October. Released 2008, October;Discontinued;112 x 49 x 12 mm (4.41 x 1.93 x 0.47 in);115 g (4.06 oz);Mini-SIM;AMOLED resistive touchscreen, 256K colors;2.8 inches, 22.3 cm(~40.7% screen-to-body ratio);240 x 400 pixels, 5:3 ratio (~167 ppi density);microSD (dedicated slot);5 MP, AF;;Yes;No;;Wi-Fi 802.11 b/g;Yes;GPS, A-GPS;Stereo FM radio, RDS;Proprietary;Fingerprint (front-mounted);MP3/eAAC+ playerMP4/H.263 playerOrganizerVoice memo/dialPredictive text input;Removable Li-Ion battery;Up to 300 h;Up to 4 h;;Black;About 600 EUR;Class 10;Class 10;;;Scratch-resistant glass;;;;;;
https://www.gsmarena.com/sagem_p9521_porsche-3209.php;https://fdn2.gsmarena.com/vv/bigpic/Sagem-Porsche-P9521.jpg;Sagem P9521 Porsche;Released 2008, December;139g, 17.8mm thickness;Feature phone;22MB storage, microSD slot;13;N/A;193,145 hits;"2.2""";240x320 pixels; ;;1350 mAh Li-Ion;GSM 850 / 900 / 1800 / 1900;;;2008, October. Released 2008, December;Discontinued;91.5 x 48.3 x 17.8 mm (3.60 x 1.90 x 0.70 in);139 g (4.90 oz);Mini-SIM;AMOLED, 256K colors;2.2 inches, 15.0 cm(~33.9% screen-to-body ratio);240 x 320 pixels, 4:3 ratio (~182 ppi density);microSD (dedicated slot);3.15 MP, AF;LED flash;Yes;No;;No;1.2, A2DP;No;No;1.1;Fingerprint (front-mounted);MP3/eAAC+ playerMP4/H.263 playerOrganizerVoice memo/dialPredictive text input;Removable Li-Ion battery;Up to 240 h;Up to 3 h 30 min;Up to 7 h;Black;About 1200 EUR;Class 10;Class 10;22MB;Secondary external display;;;;;;;
https://www.gsmarena.com/sagem_my730c-2905.php;https://fdn2.gsmarena.com/vv/bigpic/sagem-my730c.jpg;Sagem my730c;Released 2008, Q4;95g, 16mm thickness;Feature phone;54MB storage, microSD slot;6;N/A;100,752 hits;"2.0""";240x320 pixels; ;;920 mAh Li-Ion;GSM 900 / 1800 / 1900;UMTS 2100;Yes, 384 kbps;2008, August. Released 2008, Q4;Discontinued;96 x 49 x 16 mm (3.78 x 1.93 x 0.63 in);95 g (3.35 oz);Mini-SIM;TFT, 256K colors;2.0 inches, 12.4 cm(~26.3% screen-to-body ratio);240 x 320 pixels, 4:3 ratio (~200 ppi density);microSD (dedicated slot);2 MP;;Yes;No;;No;Yes;No;No;miniUSB;;MP3/MP4 playerOrganizerVoice memoPredictive text input;Removable Li-Ion 920 mAh battery;Up to 300 h;Up to 4 h;;Black;;;;54MB;Secondary external displayDedicated music keys;;;;;;;
https://www.gsmarena.com/sagem_my411c-2295.php;https://fdn2.gsmarena.com/vv/bigpic/sagem-my411c.jpg;Sagem my411c;Released 2008, February;87g, 16mm thickness;Feature phone;microSD slot;8;N/A;161,125 hits;"1.8""";128x160 pixels; ;;1000 mAh Li-Ion;GSM 900 / 1800 / 1900;;;2008, February;Discontinued;91 x 46 x 16 mm (3.58 x 1.81 x 0.63 in);87 g (3.07 oz);Mini-SIM;CSTN, 65K colors;1.8 inches, 10.2 cm(~24.4% screen-to-body ratio);128 x 160 pixels (~114 ppi density);microSD (dedicated slot);VGA;;Yes;No;;No;Yes;No;No;Proprietary;;Music playerPredictive text inputOrganizer;Removable Li-Ion battery;Up to 200 h;Up to 3 h;;Black, Pink;;Yes;No;;Mirror effect;;;;;;;
https://www.gsmarena.com/sagem_my312x-2294.php;https://fdn2.gsmarena.com/vv/bigpic/sagem-my312x.jpg;Sagem my312x;Released 2008;87g, 11mm thickness;Feature phone;No card slot;5;N/A;109,495 hits;"1.8""";128x160 pixels; ;;1000 mAh Li-Ion;GSM 900 / 1800 / 1900;;;2008, February. Released 2008;Discontinued;109 x 48 x 11 mm (4.29 x 1.89 x 0.43 in);87 g (3.07 oz);Mini-SIM;TFT, 65K colors;1.8 inches, 10.2 cm(~19.5% screen-to-body ratio);128 x 160 pixels (~114 ppi density);No;No;;;;;No;Yes;No;No;Proprietary;;Predictive text inputOrganizer;Removable Li-Ion battery;Up to 220 h;Up to 3 h 40 min;;Black;;Yes;No;;;;;;;;;
https://www.gsmarena.com/sagem_my234x-2293.php;https://fdn2.gsmarena.com/vv/bigpic/sagem-my231x.jpg;Sagem my234x;Released 2008;75g, 12mm thickness;Feature phone;No card slot;5;N/A;88,896 hits;"1.8""";128x160 pixels; ;;1000 mAh Li-Ion;GSM 900 / 1800;;;2008, February. Released 2008;Discontinued;106 x 46 x 12 mm (4.17 x 1.81 x 0.47 in);75 g (2.65 oz);Mini-SIM;CSTN, 65K colors;1.8 inches, 10.2 cm(~20.9% screen-to-body ratio);128 x 160 pixels (~114 ppi density);No;No;;;;;No;No;No;FM radio;Proprietary;;Predictive text inputOrganizer;Removable Li-Ion battery;Up to 450 h;Up to 6 h;;Black;;No;No;;;;;;;;;
https://www.gsmarena.com/sagem_my231x-2292.php;https://fdn2.gsmarena.com/vv/bigpic/sagem-my231x.jpg;Sagem my231x;Released 2008;75g, 12mm thickness;Feature phone;No card slot;6;N/A;89,738 hits;"1.8""";128x160 pixels; ;;1000 mAh Li-Ion;GSM 900 / 1800;;;2008, February. Released 2008;Discontinued;106 x 46 x 12 mm (4.17 x 1.81 x 0.47 in);75 g (2.65 oz);Mini-SIM;CSTN, 65K colors;1.8 inches, 10.2 cm(~20.9% screen-to-body ratio);128 x 160 pixels (~114 ppi density);No;No;;;;;No;Yes;No;No;Proprietary;;Predictive text inputOrganizer;Removable Li-Ion battery;Up to 450 h;Up to 6 h;;Black;;No;No;;;;;;;;;
https://www.gsmarena.com/sagem_my230x-2291.php;https://fdn2.gsmarena.com/vv/bigpic/sagem-my230x.jpg;Sagem my230x;Released 2008;65g, 10mm thickness;Feature phone;No card slot;7;N/A;92,007 hits;"1.8""";128x160 pixels; ;;1000 mAh Li-Ion;GSM 900 / 1800;;;2008, February. Released 2008;Discontinued;106 x 46 x 10 mm (4.17 x 1.81 x 0.39 in);65 g (2.29 oz);Mini-SIM;CSTN, 65K colors;1.8 inches, 10.2 cm(~20.9% screen-to-body ratio);128 x 160 pixels (~114 ppi density);No;No;;;;;No;No;No;No;Proprietary;;Predictive text inputOrganizer;Removable Li-Ion battery;Up to 240 h;Up to 3 h;;;;No;No;;;;;;;;;
https://www.gsmarena.com/sagem_my226x-2513.php;https://fdn2.gsmarena.com/vv/bigpic/sagem-my226x.jpg;Sagem my226x;Released 2008;65g, 11mm thickness;Feature phone;No card slot;5;N/A;89,922 hits;;128x128 pixels; ;;670 mAh Li-Ion;GSM 900 / 1800;;;2008, February. Released 2008;Discontinued;103 x 46 x 11 mm (4.06 x 1.81 x 0.43 in);65 g (2.29 oz);Mini-SIM;CSTN, 65K colors;, 26 x 28 mm;128 x 128 pixels, 1:1 ratio;No;No;;;;;No;No;No;No;Proprietary;;OrganizerPredictive text input;Removable Li-Ion 670 mAh battery;Up to 240 h;Up to 3 h;;Black;;No;No;;;;;;;;;
https://www.gsmarena.com/sagem_my220x-2290.php;https://fdn2.gsmarena.com/vv/bigpic/sagem-my220x.jpg;Sagem my220x;Released 2008, February;65g, 10mm thickness;Feature phone;No card slot;7;N/A;135,120 hits;"1.5""";128x128 pixels; ;;1000 mAh Li-Ion;GSM 900 / 1800;;;2008, February;Discontinued;107 x 47 x 10 mm (4.21 x 1.85 x 0.39 in);65 g (2.29 oz);Mini-SIM;CSTN, 65K colors;1.5 inches, 7.3 cm(~14.4% screen-to-body ratio);128 x 128 pixels, 1:1 ratio (~121 ppi density);No;No;;;;;No;No;No;No;Proprietary;;Predictive text inputOrganizer;Removable Li-Ion battery;Up to 240 h;Up to 3 h;;Chrome, Bronze, Red;About 60 EUR;No;No;;;;;;;;;
https://www.gsmarena.com/sagem_my901c-2132.php;https://fdn2.gsmarena.com/vv/bigpic/sagem-my901c.gif;Sagem my901C;Released 2008, February;115g, 23.5mm thickness;Feature phone;miniSD slot;8;N/A;120,438 hits;"1.9""";240x320 pixels; ;;1000 mAh Li-Ion;GSM 900 / 1800 / 1900;UMTS 2100;Yes, 384 kbps;2007, March. Released 2008, February;Discontinued;90 x 45 x 23.5 mm (3.54 x 1.77 x 0.93 in);115 g (4.06 oz);Mini-SIM;TFT, 256K colors;1.9 inches, 11.2 cm(~27.6% screen-to-body ratio);240 x 320 pixels, 4:3 ratio (~211 ppi density);miniSD;2 MP;;Yes;VGA videocall camera;;No;2.0, A2DP;No;No;Proprietary;;Video telephony & streamingMP3/AAC playerPredictive text inputOrganizerVoice memo;Removable Li-Ion battery;Up to 300 h;Up to 5 h;;Black, Dark Blue, Dark Red;;;;;Second external TFT, 256K colors display (96 x 64 pixels);;;;;;;
https://www.gsmarena.com/sagem_my900c-1505.php;https://fdn2.gsmarena.com/vv/bigpic/sagem-my900c.gif;Sagem my900C;Cancelled;115g, 23.5mm thickness;Feature phone;miniSD slot;8;N/A;164,060 hits;;240x320 pixels; ;;1000 mAh Li-Ion;GSM 900 / 1800 / 1900;UMTS 2100;Yes, 384 kbps;2006, March;Cancelled;90 x 45 x 23.5 mm (3.54 x 1.77 x 0.93 in);115 g (4.06 oz);Mini-SIM;TFT, 256K colors;;240 x 320 pixels, 4:3 ratio;miniSD;2 MP;;Yes;VGA videocall camera;;No;Yes;No;No;Proprietary;;Video telephony & streamingMP3/AAC playerPredictive text inputOrganizerVoice memo;Removable Li-Ion battery;;;;;;;;;Second external TFT, 256K colors display (96 x 64 pixels);;;;;;;
https://www.gsmarena.com/sagem_my850c-2133.php;https://fdn2.gsmarena.com/vv/bigpic/sagem-my850c.gif;Sagem my850C;Released 2006, March;95g, 16mm thickness;Feature phone;64MB storage, microSD slot;8;N/A;131,262 hits;"2.0""";240x320 pixels; ;;1000 mAh Li-Ion;GSM 900 / 1800 / 1900;UMTS 2100;Yes, 384 kbps;2006, March;Discontinued;96 x 49 x 16 mm (3.78 x 1.93 x 0.63 in);95 g (3.35 oz);Mini-SIM;TFT, 256K colors;2.0 inches, 12.4 cm(~26.3% screen-to-body ratio);240 x 320 pixels, 4:3 ratio (~200 ppi density);microSD (dedicated slot);2 MP;;Yes;VGA videocall camera;;No;2.0, A2DP;No;No;1.0;;Video telephony & streamingMP3/AAC/AAC+/eAAC+ playerPredictive text inputOrganizerVoice memo;Removable Li-Ion battery;Up to 300 h;Up to 3 h 30 min;;Black;About 250 EUR;;;64MB;Second external mono display (96 x 64 pixels);;;;;;;
https://www.gsmarena.com/sagem_my800x-1504.php;https://fdn2.gsmarena.com/vv/bigpic/sagem-my800x.gif;Sagem my800X;Released 2006, March;99g, 16mm thickness;Feature phone;16MB storage, miniSD slot;7;N/A;217,671 hits;;176x220 pixels; ;;1000 mAh Li-Ion;GSM 900 / 1800 / 1900;UMTS 2100;Yes, 384 kbps;2006, March;Discontinued;110 x 47 x 16 mm (4.33 x 1.85 x 0.63 in);99 g (3.49 oz);Mini-SIM;TFT, 256K colors;;176 x 220 pixels;miniSD;1.3 MP;;Yes;VGA videocall camera;;No;Yes;No;No;1.0;;Video telephony & streamingMP3/AAC playerPredictive text inputOrganizerVoice memo;Removable Li-Ion 1000 mAh battery;;;;Silver, Black;About 190 EUR;;;16MB;;;;;;;;
https://www.gsmarena.com/sagem_my700x-1432.php;https://fdn2.gsmarena.com/vv/bigpic/sagem-my700x.gif;Sagem my700X;Released 2006, February;95g, 15mm thickness;Feature phone;32MB storage, miniSD slot;15;N/A;281,141 hits;;176x220 pixels; ;;900 mAh Li-Ion;GSM 850 / 900 / 1800 / 1900;;;2006, February;Discontinued;106 x 46 x 15 mm, 73 cc (4.17 x 1.81 x 0.59 in);95 g (3.35 oz);Mini-SIM;TFT, 256K colors;;176 x 220 pixels;miniSD;1.3 MP;;Yes;No;;No;1.2, A2DP;No;FM radio;Proprietary;;MP3/AAC/AAC+/eAAC/Wave playerGraphic equalizerSyncMLPredictive text inputOrganizer;Removable Li-Ion battery;Up to 350 h;Up to 5 h;;Silver, Choco, White;;Class 10;Class 10;32MB;;;3D sound;;;;;
https://www.gsmarena.com/sagem_my600x-1710.php;https://fdn2.gsmarena.com/vv/bigpic/sagem-my600x.gif;Sagem my600X;Released 2006, September;99g, 16mm thickness;Feature phone;16MB storage, miniSD slot;7;N/A;157,865 hits;"1.8""";176x220 pixels; ;;1300 mAh Li-Ion;GSM 900 / 1800;UMTS 2100;Yes, 384 kbps;2006, September;Discontinued;110 x 48 x 16 mm (4.33 x 1.89 x 0.63 in);99 g (3.49 oz);Mini-SIM;TFT, 256K colors;1.8 inches, 10.2 cm(~19.3% screen-to-body ratio);176 x 220 pixels (~157 ppi density);miniSD;VGA;;Yes;Videocall camera;;No;Yes;No;No;Proprietary;;MP3/AAC playerPredictive text inputOrganizerVoice memo;Removable Li-Ion battery;Up to 350 h;Up to 4 h;;White;;;;16MB;;;;;;;;
https://www.gsmarena.com/sagem_my600v-1793.php;https://fdn2.gsmarena.com/vv/bigpic/sagem-my600v.gif;Sagem my600V;Released 2006, October;100g, 16mm thickness;Feature phone;16MB storage, miniSD slot;8;N/A;148,527 hits;"1.9""";176x220 pixels; ;;1000 mAh Li-Ion;GSM 900 / 1800;UMTS 2100;Yes, 384 kbps;2006, October;Discontinued;110 x 48 x 16 mm (4.33 x 1.89 x 0.63 in);100 g (3.53 oz);Mini-SIM;TFT, 256K colors;1.9 inches, 11.4 cm(~21.5% screen-to-body ratio);176 x 220 pixels (~148 ppi density);miniSD;VGA;;Yes;CIF videocall camera;;No;Yes;No;No;Proprietary;;Video telephonyMP3/AAC playerPredictive text inputOrganizerVoice memo;Removable Li-Ion 1000 mAh battery;Up to 350 h;Up to 2 h 40 min;;Black;;;;16MB;;;;;;;;
https://www.gsmarena.com/sagem_my511x-2135.php;https://fdn2.gsmarena.com/vv/bigpic/sagem-my511x.gif;Sagem my511X;Released 2007, September;90g, 10mm thickness;Feature phone;32MB storage, microSD slot;13;N/A;199,142 hits;"1.9""";128x160 pixels; ;;1000 mAh Li-Ion;GSM 900 / 1800 / 1900;;;2007, September;Discontinued;107 x 46 x 10 mm (4.21 x 1.81 x 0.39 in);90 g (3.17 oz);Mini-SIM;TFT, 65K colors;1.9 inches, 11.4 cm(~23.1% screen-to-body ratio);128 x 160 pixels (~108 ppi density);microSD (dedicated slot);1.3 MP;;Yes;No;;No;Yes;No;No;miniUSB;;MP3/AAC playerPredictive text inputOrganizer;Removable Li-Ion battery;Up to 200 h;Up to 3 h;;Black, Blue;About 140 EUR;Class 10;No;32MB;;;;;;;;
https://www.gsmarena.com/sagem_my501x-2134.php;https://fdn2.gsmarena.com/vv/bigpic/sagem-my501x.gif;Sagem my501X;Released 2006, March;90g, 16.5mm thickness;Feature phone;32MB storage, miniSD slot;7;N/A;112,320 hits;"1.9""";176x220 pixels; ;;1000 mAh Li-Ion;GSM 900 / 1800 / 1900;;;2006, March;Discontinued;100 x 46 x 16.5 mm (3.94 x 1.81 x 0.65 in);90 g (3.17 oz);Mini-SIM;TFT, 256K colors;1.9 inches, 11.4 cm(~24.7% screen-to-body ratio);176 x 220 pixels (~148 ppi density);miniSD;1.3 MP;;Yes;No;;No;Yes;No;No;miniUSB;;MP3/AAC playerPredictive text inputOrganizer;Removable Li-Ion battery;Up to 250 h;Up to 3 h 30 min;;Black, Silver, White;;Class 10;No;32MB;;;;;;;;
https://www.gsmarena.com/sagem_my501c-1789.php;https://fdn2.gsmarena.com/vv/bigpic/sagem-my501c.gif;Sagem my501C;Released 2006, August;99g, 23.6mm thickness;Feature phone;32MB storage, microSD slot;10;N/A;176,634 hits;"1.8""";128x160 pixels; ;;1530 mAh Li-Ion;GSM 900 / 1800;;;2006, August;Discontinued;93 x 44.6 x 23.6 mm (3.66 x 1.76 x 0.93 in);99 g (3.49 oz);Mini-SIM;CSTN, 65K colors;1.8 inches, 10.2 cm(~24.6% screen-to-body ratio);128 x 160 pixels (~114 ppi density);microSD (dedicated slot);1.3 MP;;Yes;No;;No;Yes;No;No;Proprietary;;MP3/AAC playerPredictive text inputCalculatorCurrency converterSyncML;Removable Li-Ion battery;Up to 250 h;Up to 3 h 30 min;;Silver, Red;About 140 EUR;Yes;No;32MB;Second external OLED, 256 colors displayDownloadable wallpapers;;;;;;;
https://www.gsmarena.com/sagem_my500x-1604.php;https://fdn2.gsmarena.com/vv/bigpic/sagem-my500x.gif;Sagem my500X;Released 2006, March;90g, 16.5mm thickness;Feature phone;32MB storage, miniSD slot;8;N/A;134,750 hits;;176x220 pixels; ;;850 mAh Li-Ion;GSM 900 / 1800 / 1900;;;2006, March;Discontinued;100 x 46 x 16.5 mm (3.94 x 1.81 x 0.65 in);90 g (3.17 oz);Mini-SIM;TFT, 256K colors;;176 x 220 pixels;miniSD;1.3 MP;;Yes;No;;No;No;No;No;Proprietary;;MP3/AAC playerPredictive text inputOrganizer;Removable Li-Ion 850 mAh battery;Up to 350 h;Up to 4 h;;;;Class 10;No;32MB;;;;;;;;
https://www.gsmarena.com/sagem_my411x-2142.php;https://fdn2.gsmarena.com/vv/bigpic/sagem-my411x.gif;Sagem my411X;Released 2007, May;85g, 14.2mm thickness;Feature phone;microSD slot;9;N/A;177,474 hits;;128x160 pixels; ;;1000 mAh Li-Ion;GSM 900 / 1800 / 1900;;;2007, May;Discontinued;103.2 x 45.2 x 14.2 mm (4.06 x 1.78 x 0.56 in);85 g (3.00 oz);Mini-SIM;CSTN, 65K colors;;128 x 160 pixels;microSD (dedicated slot);VGA;;Yes;No;;No;1.2;No;No;No;;MP3/AAC playerPredictive text inputOrganizer;Removable Li-Ion battery;Up to 240 h;Up to 4 h;;Black;About 110 EUR;Class 10;No;;Mirror effect on display and keypad;;;;;;;
https://www.gsmarena.com/sagem_my405x-1503.php;https://fdn2.gsmarena.com/vv/bigpic/sagem-my405x.gif;Sagem my405X;Released 2006, March;90g, 15.5mm thickness;Feature phone;64MB storage, no card slot;8;N/A;104,711 hits;;128x160 pixels; ;;840 mAh Li-Ion;GSM 900 / 1800 / 1900;;;2006, March;Discontinued;105 x 46 x 15.5 mm (4.13 x 1.81 x 0.61 in);90 g (3.17 oz);Mini-SIM;TFT, 65K colors;;128 x 160 pixels;No;VGA;;No;No;;No;No;No;No;miniUSB 1.1;;MP3 playerPredictive text inputCalculatorDiary assistantVoice memoCurrency converter;Removable Li-Ion battery;Up to 300 h;Up to 3 h;;Silver, Black;;Class 10;No;64MB;;;;;;;;
https://www.gsmarena.com/sagem_my401x-2139.php;https://fdn2.gsmarena.com/vv/bigpic/sagem-my401x.gif;Sagem my401X;Released 2006, Q1;85g, 14mm thickness;Feature phone;3.2MB storage, no card slot;8;N/A;119,451 hits;;128x160 pixels; ;;1000 mAh Li-Ion;GSM 900 / 1800 / 1900;;;2006, Q1;Discontinued;105 x 46 x 14 mm (4.13 x 1.81 x 0.55 in);85 g (3.00 oz);Mini-SIM;CSTN, 65K colors;;128 x 160 pixels;No;VGA;;Yes;No;;No;1.2;No;No;No;;MP3/AAC playerPredictive text inputOrganizer;Removable Li-Ion battery;Up to 300 h;Up to 4 h;;Silver;;Class 10;No;3.2MB;;;;200 SMS messages;;;;
https://www.gsmarena.com/sagem_my401z-2141.php;https://fdn2.gsmarena.com/vv/bigpic/sagem-my401z.gif;Sagem my401Z;Released 2007, July;90g, 21mm thickness;Feature phone;37MB storage, microSD slot;6;N/A;84,305 hits;;128x160 pixels; ;;1000 mAh Li-Ion;GSM 900 / 1800 / 1900;;;2007, July;Discontinued;90 x 46 x 21 mm (3.54 x 1.81 x 0.83 in);90 g (3.17 oz);Mini-SIM;CSTN, 65K colors;;128 x 160 pixels;microSD (dedicated slot);VGA;;Yes;No;;No;1.2;No;No;No;;MP3/AAC playerPredictive text inputOrganizer;Removable Li-Ion battery;Up to 240 h;Up to 3 h 30 min;;Silver;;Class 10;No;37MB;;;;;;;;
https://www.gsmarena.com/sagem_my401c-2140.php;https://fdn2.gsmarena.com/vv/bigpic/sagem-my401c.gif;Sagem my401C;Released 2007, March;82g, 18.5mm thickness;Feature phone;microSD slot;10;N/A;92,236 hits;;128x160 pixels; ;;1000 mAh Li-Ion;GSM 900 / 1800 / 1900;;;2007, March;Discontinued;86 x 43.3 x 18.5 mm (3.39 x 1.70 x 0.73 in);82 g (2.89 oz);Mini-SIM;CSTN, 65K colors;;128 x 160 pixels;microSD (dedicated slot);VGA;;Yes;No;;No;1.2;No;No;miniUSB 1.1;;MP3/AAC playerPredictive text inputOrganizer;Removable Li-Ion battery;Up to 250 h;Up to 3 h 30 min;;Silver, Red, Blue/White, Red/White;About 120 EUR;Class 10;No;;;;;;;;;
https://www.gsmarena.com/sagem_my400v-1876.php;https://fdn2.gsmarena.com/vv/bigpic/sagem-my400v.gif;Sagem my400V;Cancelled;85g, 14mm thickness;Feature phone;No card slot;9;N/A;114,316 hits;;128x160 pixels; ;;850 mAh Li-Ion;GSM 900 / 1800;;;2007, February;Cancelled;105 x 46 x 14 mm (4.13 x 1.81 x 0.55 in);85 g (3.00 oz);Mini-SIM;CSTN, 65K colors;;128 x 160 pixels;No;VGA;;Yes;No;;No;No;No;No;No;;Predictive text inputOrganizer;Removable Li-Ion 850 mAh battery;Up to 350 h;Up to 4 h;;;;Class 10;No;;;;;;;;;
https://www.gsmarena.com/sagem_my400x-1421.php;https://fdn2.gsmarena.com/vv/bigpic/sagem-my400x.gif;Sagem my400X;Released 2006, Q1;85g, 14mm thickness;Feature phone;3.2MB storage, no card slot;9;N/A;180,028 hits;;128x160 pixels; ;;850 mAh Li-Ion;GSM 900 / 1800;;;2006, Q1;Discontinued;105 x 46 x 14 mm (4.13 x 1.81 x 0.55 in);85 g (3.00 oz);Mini-SIM;CSTN, 65K colors;;128 x 160 pixels;No;VGA;;Yes;No;;No;No;No;No;No;;Predictive text inputOrganizer;Removable Li-Ion 850 mAh battery;Up to 350 h;Up to 4 h;;Silver;;Class 10;No;3.2MB;;;;200 SMS messages;;;;
https://www.gsmarena.com/sagem_my302x-2144.php;https://fdn2.gsmarena.com/vv/bigpic/sagem-my302x.gif;Sagem my302X;Released 2005, Q4;88g, 14mm thickness;Feature phone;3.2MB storage, no card slot;7;N/A;57,616 hits;"1.7""";128x128 pixels; ;;1000 mAh Li-Ion;GSM 900 / 1800 / 1900;;;2005, Q4;Discontinued;105 x 46 x 14 mm (4.13 x 1.81 x 0.55 in);88 g (3.10 oz);Mini-SIM;CSTN, 65K colors;1.7 inches, 9.3 cm(~19.3% screen-to-body ratio);128 x 128 pixels, 1:1 ratio (~106 ppi density);No;No;;;;;No;1.2;No;No;;;OrganizerSyncMLPredictive text input;Removable Li-Ion battery;Up to 350 h;Up to 4 h;;Silver;;Class 10;No;3.2MB;;;;;Dust, shock and splash resistant;;;
https://www.gsmarena.com/sagem_my301x-2143.php;https://fdn2.gsmarena.com/vv/bigpic/sagem-my301x.gif;Sagem my301X;Released 2005, Q4;88g, 14mm thickness;Feature phone;3.2MB storage, no card slot;8;N/A;83,853 hits;"1.7""";128x128 pixels; ;;1000 mAh Li-Ion;GSM 900 / 1800 / 1900;;;2005, Q4;Discontinued;105 x 46 x 14 mm (4.13 x 1.81 x 0.55 in);88 g (3.10 oz);Mini-SIM;CSTN, 65K colors;1.7 inches, 9.3 cm(~19.3% screen-to-body ratio);128 x 128 pixels, 1:1 ratio (~106 ppi density);No;No;;;;;No;1.2;No;No;;;Predictive text inputOrganizerSyncML;Removable Li-Ion battery;Up to 350 h;Up to 4 h;;;;Class 10;No;3.2MB;;;;;;;;
https://www.gsmarena.com/sagem_my300x-1334.php;https://fdn2.gsmarena.com/vv/bigpic/sagem-my300x.gif;Sagem my300X;Released 2005, Q4;88g, 14mm thickness;Feature phone;3.2MB storage, no card slot;9;N/A;138,877 hits;"1.7""";128x128 pixels; ;;850 mAh Li-Ion;GSM 900 / 1800;;;2005, Q4;Discontinued;105 x 46 x 14 mm (4.13 x 1.81 x 0.55 in);88 g (3.10 oz);Mini-SIM;CSTN, 65K colors;1.7 inches, 9.3 cm(~19.3% screen-to-body ratio);128 x 128 pixels, 1:1 ratio (~106 ppi density);No;No;;;;;No;No;No;No;;;Predictive text inputOrganizerSyncML;Removable Li-Ion 850 mAh battery;Up to 350 h;Up to 4 h;;Blue, Silver, Red;;Class 10;No;3.2MB;;;;;;;;
https://www.gsmarena.com/sagem_my300c-2119.php;https://fdn2.gsmarena.com/vv/bigpic/sagem-my300c.gif;Sagem my300C;Released 2007, March;79g, 21.7mm thickness;Feature phone;3MB storage, no card slot;11;N/A;70,300 hits;;128x128 pixels; ;;820 mAh Li-Ion;GSM 900 / 1800;;;2007, March;Discontinued;79.2 x 43.5 x 21.7 mm (3.12 x 1.71 x 0.85 in);79 g (2.79 oz);Mini-SIM;CSTN, 65K colors;;128 x 128 pixels, 1:1 ratio;No;VGA;;No;No;;No;No;No;No;Proprietary;;Predictive text inputOrganizer;Removable Li-Ion battery;;;;Black, Silver, Red;About 80 EUR;Class 10;No;3MB;;;;;;1.25 W/kg (head);;
https://www.gsmarena.com/sagem_my215x-1832.php;https://fdn2.gsmarena.com/vv/bigpic/sagem-my215x.gif;Sagem my215x;Released 2007, January;69g, 15mm thickness;Feature phone;256MB storage, no card slot;6;N/A;70,851 hits;;128x128 pixels; ;;680 mAh Li-Ion;GSM 900 / 1800;;;2007, January;Discontinued;103 x 44.5 x 15 mm (4.06 x 1.75 x 0.59 in);69 g (2.43 oz);Mini-SIM;CSTN, 65K colors;;128 x 128 pixels, 1:1 ratio;No;No;;;;;No;No;No;No;Proprietary;;MP3/iMelody/Midi/AAC playerPredictive text inputOrganizer;Removable Li-Ion 680 mAh battery;Up to 255 h;Up to 3 h 50 min;;;About 80 EUR;No;No;256MB;;;;;;;;
https://www.gsmarena.com/sagem_my210x-2189.php;https://fdn2.gsmarena.com/vv/bigpic/sagem-my210x.jpg;Sagem my210x;Released 2007, October;69g, 15.4mm thickness;Feature phone;No card slot;7;N/A;61,838 hits;;128x128 pixels; ;;800 mAh Li-Ion;GSM 900 / 1800;;;2007, October. Released 2007, October;Discontinued;103 x 44.5 x 15.4 mm (4.06 x 1.75 x 0.61 in);69 g (2.43 oz);Mini-SIM;CSTN, 65K colors;;128 x 128 pixels, 1:1 ratio;No;No;;;;;No;No;No;No;miniUSB;;Predictive text inputOrganizer;Removable Li-Ion battery;Up to 255 h;Up to 3 h 50 min;;Black, Blue, White, Green;;No;No;;;;;;;;;
https://www.gsmarena.com/sagem_my200x-1455.php;https://fdn2.gsmarena.com/vv/bigpic/sagem-my200x.gif;Sagem my200x;Released 2006, February;76g, 15.5mm thickness;Feature phone;No card slot;6;N/A;125,711 hits;;101x80 pixels; ;;700 mAh Li-Ion;GSM 900 / 1800;;;2006, February;Discontinued;104 x 43 x 15.5 mm (4.09 x 1.69 x 0.61 in);76 g (2.68 oz);Mini-SIM;CSTN, 4096 colors;;101 x 80 pixels;No;No;;;;;No;No;No;No;No;;Predictive text inputOrganizer;Removable Li-Ion battery;Up to 255h;Up to 3 h 50 min;;;;Yes (my202x only);No;;;;;240 KB shared memory (my201x)470B shared memory (my202x);;;;
https://www.gsmarena.com/sagem_my200c-1875.php;https://fdn2.gsmarena.com/vv/bigpic/sagem-my200c.gif;Sagem my200C;Released 2007, February;85g, 21mm thickness;Feature phone;240 KB storage, no card slot;7;N/A;103,868 hits;;128x128 pixels; ;;680 mAh Li-Ion;GSM 900 / 1800;;;2007, February;Discontinued;74 x 42 x 21 mm (2.91 x 1.65 x 0.83 in);85 g (3.00 oz);Mini-SIM;CSTN, 65K colors;;128 x 128 pixels, 1:1 ratio;No;No;;;;;No;No;No;No;;;Predictive text inputOrganizer;Removable Li-Ion 680 mAh battery;Up to 240 h;Up to 4 h;;Black, Red, Silver, White & Pink;About 70 EUR;Yes;No;240 KB;;;;;;1.10 W/kg (head);;
https://www.gsmarena.com/sagem_my150x-2188.php;https://fdn2.gsmarena.com/vv/bigpic/sagem-my150x.jpg;Sagem my150X;Released 2006, February;65g, 10mm thickness;Feature phone;No card slot;11;N/A;65,228 hits;"1.8""";101x64 pixels; ;;800 mAh Li-Ion;GSM 900 / 1800;;;2006, February;Discontinued;107 x 47 x 10 mm (4.21 x 1.85 x 0.39 in);65 g (2.29 oz);Mini-SIM;Monochrome graphics;1.8 inches, 9.5 cm(~18.8% screen-to-body ratio);101 x 64 pixels (~66 ppi density);No;No;;;;;No;No;No;No;No;;Predictive text inputOrganizer;Removable Li-Ion battery;Up to 240 h;Up to 3 h;;Silver/Black, Pink/Black;About 60 EUR;No;No;;Blue glow backlight;;;;;;;
https://www.gsmarena.com/sagem_my101x-2187.php;https://fdn2.gsmarena.com/vv/bigpic/sagem-my101x.jpg;Sagem my101X;Released 2006, February;76g, 15.3mm thickness;Feature phone;No card slot;3;N/A;55,723 hits;;101x64 pixels; ;;800 mAh Li-Ion;GSM 900 / 1800;;;2006, February;Discontinued;104.2 x 42.6 x 15.3 mm (4.10 x 1.68 x 0.60 in);76 g (2.68 oz);Mini-SIM;Monochrome graphics;;101 x 64 pixels;No;No;;;;;No;No;No;No;No;;Predictive text inputOrganizer;Removable Li-Ion battery;Up to 255 h;Up to 3 h 50 min;;Black, White;;No;No;;Backlight keypad amber(my101X) and green (my100X);;;;;;;
https://www.gsmarena.com/sagem_my100x-1456.php;https://fdn2.gsmarena.com/vv/bigpic/sagem-my100x.gif;Sagem my100X;Released 2006, February;76g, 15.5mm thickness;Feature phone;No card slot;6;N/A;116,888 hits;;101x64 pixels; ;;720 mAh Li-Ion;GSM 900 / 1800;;;2006, February;Discontinued;104 x 42 x 15.5 mm (4.09 x 1.65 x 0.61 in);76 g (2.68 oz);Mini-SIM;Monochrome graphics;;101 x 64 pixels;No;No;;;;;No;No;No;No;No;;Predictive text inputOrganizer;Removable Li-Ion 720 mAh battery;Up to 255h;Up to 3 h 50 min;;;;No;No;;Backlight keypad amber(my101X) and green (my100X);;;;;;;
https://www.gsmarena.com/sagem_vs4-1605.php;https://fdn2.gsmarena.com/vv/bigpic/sagem-vs4.gif;Sagem VS4;Released 2005, June;90g, 14.7mm thickness;Feature phone;4MB storage, no card slot;6;N/A;88,493 hits;"1.7""";128x160 pixels; ;;850 mAh Li-Ion;GSM 900 / 1800 / 1900;;;2005, June;Discontinued;111 x 46.8 x 14.7 mm (4.37 x 1.84 x 0.58 in);90 g (3.17 oz);Mini-SIM;CSTN, 65K colors;1.7 inches, 27.3 x 32.6 mm, 9.1 cm(~17.5% screen-to-body ratio);128 x 160 pixels (~121 ppi density);No;No;;;;;No;No;No;No;Proprietary;;Predictive text inputReminder;Removable Li-Ion 850 mAh battery;Up to 166 h;Up to 4 h;;Silver;;Class 8;No;4MB;;;;;;;;
https://www.gsmarena.com/sagem_vs3-1370.php;https://fdn2.gsmarena.com/vv/bigpic/sagem-vs3.gif;Sagem VS3;Released 2005, Q4;76g, 23mm thickness;Feature phone;4MB storage, no card slot;6;N/A;124,331 hits;;128x160 pixels; ;;730 mAh Li-Ion;GSM 900 / 1800;;;2005, Q4;Discontinued;85 x 42 x 23 mm (3.35 x 1.65 x 0.91 in);76 g (2.68 oz);Mini-SIM;CSTN, 65K colors;;128 x 160 pixels;No;No;;;;;No;No;No;No;Proprietary;;Predictive text inputReminder;Removable Li-Ion 730 mAh battery;Up to 240 h;Up to 4 h;;Silver;;Class 8;No;4MB;Second external STN mono display (96 x 55 pixels);;;;;;;
https://www.gsmarena.com/sagem_vs2-1205.php;https://fdn2.gsmarena.com/vv/bigpic/sagem-vs2.gif;Sagem VS2;Released 2005, Q2;125g, 20.3mm thickness;Feature phone;4MB storage, no card slot;7;N/A;139,578 hits;;128x160 pixels; ;;920 mAh Li-Ion;GSM 900 / 1800 / 1900;;;2005, Q2;Discontinued;118.7 x 47.5 x 20.3 mm (4.67 x 1.87 x 0.80 in);125 g (4.41 oz);Mini-SIM;TFT, 65K colors;;128 x 160 pixels;No;No;;;;;No;No;No;No;Proprietary;;Predictive text inputRemainder;Removable Li-Ion 920 mAh battery;Up to 300 h;Up to 4 h;;Black;;Class 8;No;4MB;;;;;;;;
https://www.gsmarena.com/sagem_vs1-1181.php;https://fdn2.gsmarena.com/vv/bigpic/sagem-vs1.gif;Sagem VS1;Released 2005, Q2;125g, 24.8mm thickness;Feature phone;4MB storage, no card slot;6;N/A;114,181 hits;;128x160 pixels; ;;920 mAh Li-Ion;GSM 900 / 1800 / 1900;;;2005, Q2;Discontinued;123.5 x 52.5 x 24.8 mm (4.86 x 2.07 x 0.98 in);125 g (4.41 oz);Mini-SIM;65K colors;;128 x 160 pixels;No;No;;;;;No;No;No;No;Proprietary;;Predictive text inputRemainder;Removable Li-Ion 920 mAh battery;Up to 300 h;Up to 4 h;;Silver;;Class 8;No;4MB;;;;;;;;
https://www.gsmarena.com/sagem_my_v_85-1319.php;https://fdn2.gsmarena.com/vv/bigpic/sagem-myv85.gif;Sagem MY V-85;Released 2005, Q4;120g, 46mm thickness;Feature phone;8MB storage, microSD slot;8;N/A;145,464 hits;;176x220 pixels; ;;800 mAh Li-Ion;GSM 900 / 1800 / 1900;UMTS 2100;Yes, 384 kbps;2005, Q4;Discontinued;112 x 20 x 46 mm (4.41 x 0.79 x 1.81 in);120 g (4.23 oz);Mini-SIM;TFT, 256K colors;;176 x 220 pixels;microSD (dedicated slot);1.3 MP;;QCIF;VGA videocall camera;;No;Yes;No;No;Proprietary;;MP3 playerPredictive text inputCalculatorPhoto editor;Removable Li-Ion battery;Up to 300 h;Up to 4 h;;Graphite;;;;8MB;;;;;;;;
https://www.gsmarena.com/sagem_my_v_76-1227.php;https://fdn2.gsmarena.com/vv/bigpic/sagem-myv76.gif;Sagem MY V-76;Released 2005, July;104g, 47mm thickness;Feature phone;8MB storage, microSD slot;9;N/A;150,252 hits;;176x220 pixels; ;;920 mAh Li-Ion;GSM 900 / 1800 / 1900;;;2005, July;Discontinued;110 x 19 x 47 mm (4.33 x 0.75 x 1.85 in);104 g (3.67 oz);Mini-SIM;TFT, 256K colors;;176 x 220 pixels;microSD (dedicated slot);1.3 MP;LED flash;Yes;No;;No;1.2;No;No;;;MP3 playerCalculatorPhoto editorVoice memoPredictive text input;Removable Li-Ion 920 mAh battery;Up to 350 h;Up to 4 h;;Silver;;Class 10;No;8MB;;;;;;;;
https://www.gsmarena.com/sagem_my_v_56-1242.php;https://fdn2.gsmarena.com/vv/bigpic/sagem-myv56.gif;Sagem MY V-56;Released 2004, Q4;97g, 46mm thickness;Feature phone;4MB storage, no card slot;9;N/A;130,411 hits;;128x160 pixels; ;;920 mAh Li-Ion;GSM 900 / 1800 / 1900;;;2004, Q4;Discontinued;106 x 19 x 46 mm (4.17 x 0.75 x 1.81 in);97 g (3.42 oz);Mini-SIM;CSTN, 65K colors;;128 x 160 pixels;No;VGA;;No;No;;No;No;No;No;;;Predictive text inputOrganizerVoice dial/memoExchangeable cover;Removable Li-Ion 920 mAh battery;Up to 370 h;Up to 4 h 50 min;;Silver;;Class 10;No;4MB;Animated screensaversColor backgroundsDownloadable logos;;;;;;;
https://www.gsmarena.com/sagem_myw_7-1451.php;https://fdn2.gsmarena.com/vv/bigpic/sagem-myw7.gif;Sagem myW-7;Released 2006, February;119g, 20mm thickness;Feature phone;6MB storage, microSD slot;8;N/A;112,319 hits;;176x220 pixels; ;;1100 mAh Li-Ion;GSM 900 / 1800 / 1900;UMTS 2100;Yes, 384 kbps;2006, February;Discontinued;112 x 46 x 20 mm, 93 cc (4.41 x 1.81 x 0.79 in);119 g (3.84 oz);Mini-SIM;TFT, 256K colors;;176 x 220 pixels;microSD (dedicated slot);1.3 MP;;Yes;VGA videocall camera;;No;Yes;No;No;Proprietary;;Video telephony & streamingMP3/AAC playerPredictive text inputOrganizerVoice memo;Removable Li-Ion 1100 mAh battery;Up to 300 h;Up to 4 h;;Silver;;;;6MB;;;;;;;;
https://www.gsmarena.com/sagem_mymobiletv-1452.php;https://fdn2.gsmarena.com/vv/bigpic/sagem-mymobiletv.gif;Sagem myMobileTV;Released 2006, February;125g, 20.8mm thickness;Feature phone;40MB storage, microSD slot;7;N/A;187,157 hits;;240x320 pixels; ;;1100 mAh Li-Ion;GSM 900 / 1800 / 1900;;;2006, February;Discontinued;115 x 47 x 20.8 mm, 107 cc (4.53 x 1.85 x 0.82 in);125 g (4.41 oz);Mini-SIM;TFT, 256K colors;;240 x 320 pixels, 4:3 ratio;microSD (dedicated slot);1.3 MP;;Yes;No;;No;No;No;No;Proprietary (optional);;DVB-H TV receiverMP3 playerPredictive text inputOrganizerVoice memo;Removable Li-Ion battery;Up to 350 h;Up to 5 h;;Black;;Class 10;No;40MB;;;;;;;;
https://www.gsmarena.com/sagem_my_c2_3-1453.php;https://fdn2.gsmarena.com/vv/bigpic/sagem-myc2-3.gif;Sagem MY C2-3;Released 2005, Q4;75g, 21mm thickness;Feature phone;240 KB storage, no card slot;6;N/A;154,383 hits;;101x80 pixels, 6 lines; ;;700 mAh Li-Ion;GSM 900 / 1800;;;2005, Q4;Discontinued;73 x 42 x 21 mm, 70 cc (2.87 x 1.65 x 0.83 in);75 g (2.65 oz);Mini-SIM;CSTN, 4096 colors;;101 x 80 pixels, 6 lines;No;No;;;;;No;No;No;No;;;Predictive text inputCalculatorCurrency converter;Removable Li-Ion 700 mAh battery;Up to 240 h;Up to 3 h;;;;Class 10;No;240 KB;Downloadable wallpapers;;;Message templates;;;;
https://www.gsmarena.com/sagem_myz_5-1454.php;https://fdn2.gsmarena.com/vv/bigpic/sagem-myz5.gif;Sagem myZ-5;Released 2006, February;85g, 23mm thickness;Feature phone;3.7MB storage, no card slot;7;N/A;104,485 hits;;128x160 pixels; ;;700 mAh Li-Ion;GSM 900 / 1800 / 1900;;;2006, February;Discontinued;85 x 42 x 23 mm (3.35 x 1.65 x 0.91 in);85 g (3.00 oz);Mini-SIM;TFT, 65K colors;;128 x 160 pixels;No;VGA;;Yes;No;;No;No;No;No;Proprietary;;Predictive text inputOrganizer;Removable Li-Ion battery;Up to 240 h;Up to 3 h;;;;Class 10;No;3.7MB;Screensavers and wallpapersDownloadable logos and applications;;;;;;;
https://www.gsmarena.com/sagem_my_c5_3-1737.php;https://fdn2.gsmarena.com/vv/bigpic/sagem-myc5-3.gif;Sagem MY C5-3;Released 2006, October;85g, 23mm thickness;Feature phone;3MB storage, no card slot;7;N/A;144,732 hits;;128x160 pixels; ;;700 mAh Li-Ion;GSM 900 / 1800;;;2006, October;Discontinued;82 x 43 x 23 mm (3.23 x 1.69 x 0.91 in);85 g (3.00 oz);Mini-SIM;CSTN, 65K colors;;128 x 160 pixels;No;VGA;;Yes;No;;No;No;No;No;;;Predictive text inputOrganizerPhoto editor;Removable Li-Ion 700 mAh battery;Up to 240 h;Up to 3 h;;;About 110 EUR;Yes;No;3MB;Second external display B/W (96 x 64 pixels);;;100 short messages;;;;
https://www.gsmarena.com/sagem_my_c3_2-1076.php;https://fdn2.gsmarena.com/vv/bigpic/samyc3-2.gif;Sagem MY C3-2;Released 2005, Q1;75g, 22mm thickness;Feature phone;No card slot;7;N/A;145,028 hits;;128 x128 pixels, 6 lines; ;;650 mAh Li-Ion;GSM 900 / 1800;;;2005, Q1;Discontinued;77 x 41 x 22 mm, 70 cc (3.03 x 1.61 x 0.87 in);75 g (2.65 oz);Mini-SIM;CSTN, 65K colors;;128  x 128 pixels, 6 lines, 1:1 ratio;No;No;;;;;No;No;No;No;;;Predictive text inputOrganizer;Removable Li-Ion 650 mAh battery;Up to 240 h;Up to 3 h;;;;Yes;No;;Second external display (96 x 64 pixels)Downloadable wallpapers;;;;;;;
https://www.gsmarena.com/sagem_my_z_55-1220.php;https://fdn2.gsmarena.com/vv/bigpic/sagem-myz55.gif;Sagem MY Z-55;Released 2005, Q1;85g, 24mm thickness;Feature phone;3.7MB storage, no card slot;9;N/A;140,406 hits;;128x160 pixels; ;;780 mAh Li-Ion;GSM 900 / 1800;;;2005, Q1;Discontinued;81 x 41 x 24 mm (3.19 x 1.61 x 0.94 in);85 g (3.00 oz);Mini-SIM;CSTN, 65K colors;;128 x 160 pixels;No;VGA;;No;No;;No;No;No;No;Proprietary;;Predictive text inputOrganizer;Removable Li-Ion battery;Up to 300 h;Up to 3 h;;;;Class 10;No;3.7MB;Screensavers and wallpapersDownloadable logos and applications;;;;;;;
https://www.gsmarena.com/sagem_my_x6_2-1139.php;https://fdn2.gsmarena.com/vv/bigpic/sagem-myx6-2.gif;Sagem MY X6-2;Released 2005, Q1;104g, 19mm thickness;Feature phone;10MB storage, microSD slot;17;N/A;349,007 hits;"2.0""";176x220 pixels; ;;760 mAh Li-Ion;GSM 900 / 1800 / 1900;;;2005, Q1;Discontinued;110 x 47 x 19 mm (4.33 x 1.85 x 0.75 in);104 g (3.67 oz);Mini-SIM;TFT, 256K colors;2.0 inches, 31 x 39 mm, 12.6 cm(~24.3% screen-to-body ratio);176 x 220 pixels (~141 ppi density);microSD (dedicated slot);1.3 MP;;Yes;No;;No;1.2;No;No;;;MP3/AAC playerPredictive text inputCalculatorPhoto editorVoice memo;Removable Li-Ion 760 mAh battery;Up to 350 h;Up to 4 h;;;;Class 10;No;10MB;Screensavers and wallpapersDownloadable logos;;;;;;;
https://www.gsmarena.com/sagem_my_x2_2-1068.php;https://fdn2.gsmarena.com/vv/bigpic/samyx2-2.gif;Sagem MY X2-2;Released 2005, Q1;88g, 20mm thickness;Feature phone;No card slot;9;N/A;146,817 hits;;101x80 pixels; ;;680 mAh Li-Ion;GSM 900 / 1800;;;2005, Q1;Discontinued;105.6 x 46 x 20 mm (4.16 x 1.81 x 0.79 in);88 g (3.10 oz);Mini-SIM;4096 colors;;101 x 80 pixels;No;No;;;;;No;No;No;No;;;Predictive text inputCalculatorCurrency converterChangeable covers;Removable Li-Ion 680 mAh battery;Up to 200 h;Up to 3 h 20 min;;;;Yes (myX2-2m only);No;;Downloadable screensavers;;;myX2-2m: up to 470 KBmyX2-2: up to 240 KB;;;;
https://www.gsmarena.com/sagem_my_x1_2-1069.php;https://fdn2.gsmarena.com/vv/bigpic/samyx1-2.gif;Sagem MY X1-2;Released 2005, Q1;93g, 21mm thickness;Feature phone;No card slot;7;N/A;141,279 hits;;96x64 pixels; ;;680 mAh Li-Ion;GSM 900 / 1800;;;2005, Q1;Discontinued;106 x 47 x 21 mm (4.17 x 1.85 x 0.83 in);93 g (3.28 oz);Mini-SIM;Monochrome graphics;;96 x 64 pixels, 3:2 ratio;No;No;;;;;No;No;No;No;;;Exchangeable covers;Removable Li-Ion battery;Up to 240 h;Up to 3 h;;;;Class 8;No;;Downloadable wallpapers;;;;;;;
https://www.gsmarena.com/sagem_my_c5_2-903.php;https://fdn2.gsmarena.com/vv/bigpic/samyc5-2.gif;Sagem MY C5-2;Released 2004, Q4;80g, 23mm thickness;Feature phone;3.7MB storage, no card slot;10;N/A;307,019 hits;;128x160 pixels; ;;670 mAh Li-Ion;GSM 900 / 1800;;;2004, Q4;Discontinued;82 x 43 x 23 mm (3.23 x 1.69 x 0.91 in);80 g (2.82 oz);Mini-SIM;CSTN, 65K colors;;128 x 160 pixels;No;VGA;;No;No;;No;No;No;No;;;Predictive text inputOrganizerPhoto editor;Removable Li-Ion 670 mAh battery;Up to 240 h;Up to  3 h;;;;Yes;No;3.7MB;Second external display B/W (96 x 64 pixels);;;100 short messages;;;;
https://www.gsmarena.com/sagem_my_x_8-859.php;https://fdn2.gsmarena.com/vv/bigpic/samyx8.gif;Sagem MY X-8;Released 2004, Q3;125g, 20.8mm thickness;Feature phone;40MB storage, miniSD slot;12;N/A;423,975 hits;"2.2""";240x320 pixels; ;;1300 mAh Li-Ion;GSM 900 / 1800 / 1900;;;2004, Q3;Discontinued;115 x 47 x 20.8 mm (4.53 x 1.85 x 0.82 in);125 g (4.41 oz);Mini-SIM;TFT, 256K colors;2.2 inches, 34 x 45 mm, 15.0 cm(~27.7% screen-to-body ratio);240 x 320 pixels, 4:3 ratio (~182 ppi density);miniSD;1.3 MP;LED flash;Yes;No;;No;1.2;No;No;Proprietary;;Video/MP3 playerPredictive text inputOrganizer;Removable Li-Ion battery;Up to 350 h;Up to 5 h;;;;Class 10;No;40MB;Animated screensaversColor backgrounds;;;;;;;
https://www.gsmarena.com/sagem_my_x_4-860.php;https://fdn2.gsmarena.com/vv/bigpic/samyx4.gif;Sagem MY X-4;Released 2004, Q3;95g, 18mm thickness;Feature phone;3.5MB storage, no card slot;9;N/A;150,866 hits;;120x160 pixels; ;;1300 mAh Li-Ion;GSM 900 / 1800;;;2004, Q3;Discontinued;104 x 46 x 18 mm (4.09 x 1.81 x 0.71 in);95 g (3.35 oz);Mini-SIM;TFT, 65K colors;;120 x 160 pixels, 4:3 ratio;No;No;;;;;No;No;No;No;Proprietary;;Predictive text inputVideo/media playerOrganizerExchangeable covers;Removable Li-Ion battery;Up to 340 h;Up to 4 h;;;;Class 10;No;3.5MB;5-way navi keyDownloadable pictures;;;;;;;
https://www.gsmarena.com/sagem_my_c4_2-1217.php;https://fdn2.gsmarena.com/vv/bigpic/sagem-myc4-2.gif;Sagem MY C4-2;Released 2004, Q4;75g, 23mm thickness;Feature phone;No card slot;8;N/A;138,153 hits;;128x128 pixels; ;;650 mAh Li-Ion;GSM 900 / 1800;;;2004, Q4;Discontinued;77 x 42 x 23 mm (3.03 x 1.65 x 0.91 in);75 g (2.65 oz);Mini-SIM;CSTN, 65K colors;;128 x 128 pixels, 1:1 ratio;No;VGA;LED flash;No;No;;No;No;No;No;;;Predictive text inputOrganizerVoice memo;Removable Li-Ion 650 mAh battery;Up to 240 h;Up to 3 h;;Silver , Black;;Class 8;No;;Second external display B/W (96 x 64 pixels)WallpapersDownloadable pictures;;;;;;;
https://www.gsmarena.com/sagem_my_c_4-864.php;https://fdn2.gsmarena.com/vv/bigpic/samyc4.gif;Sagem MY C-4;Released 2004, Q3;92g, 23mm thickness;Feature phone;4.7MB storage, no card slot;11;N/A;186,630 hits;;128x128 pixels; ;;630 mAh Li-Ion;GSM 900 / 1800;;;2004, Q3;Discontinued;90 x 44.5 x 23 mm (3.54 x 1.75 x 0.91 in);92 g (3.25 oz);Mini-SIM;CSTN, 65K colors;;128 x 128 pixels, 1:1 ratio;No;No;;;;;No;No;No;No;;;Predictive text inputOrganizerVoice memo;Removable Li-Ion 630 mAh battery;Up to 240 h;Up to 4 h;;Wine red;;Class 10;No;4.7MB;WallpapersDownloadable pictures;;;;;;;
https://www.gsmarena.com/sagem_my_s_7-722.php;https://fdn2.gsmarena.com/vv/bigpic/samys7.gif;Sagem MY S-7;Released 2004, Q1;120g, 21mm thickness;Microsoft Smartphone 2003 SE;32MB storage, MMC/SD slot;10;N/A;236,445 hits;"2.2""";176x220 pixels; ;;830 mAh Li-Ion;GSM 900 / 1800 / 1900;;;2004, Q1;Discontinued;110 x 49 x 21 mm, 110 cc (4.33 x 1.93 x 0.83 in);120 g (4.23 oz);Mini-SIM;TFT, 65K colors;2.2 inches, 35 x 44 mm, 15.2 cm(~28.3% screen-to-body ratio);176 x 220 pixels (~128 ppi density);MMC/SD;VGA;;Yes;No;;No;No;No;No;Proprietary;;MP3 playerPredictive text inputOrganizerVoice memo;Removable Li-Ion battery;Up to 100 h;Up to 4 h;;;;Class 10;No;32MB;Animated screensaversColor backgroundsDownloadable logos;;;;;;Microsoft Smartphone 2003 SE;Intel PXA 262 200 MHz
https://www.gsmarena.com/sagem_my_z_3-906.php;https://fdn2.gsmarena.com/vv/bigpic/samyz3.gif;Sagem MY Z-3;Released 2004, Q1;105g, 24mm thickness;Feature phone;1.5MB storage, no card slot;7;N/A;97,806 hits;;128x160 pixels; ;;780 mAh Li-Ion;GSM 900 / 1800;;;2004, Q1;Discontinued;100 x 45 x 24 mm (3.94 x 1.77 x 0.94 in);105 g (3.70 oz);Mini-SIM;CSTN, 65K colors;;128 x 160 pixels;No;No;;;;;No;No;No;No;Proprietary;;Predictive text inputOrganizer;Removable Li-Ion 780 mAh battery;Up to 300h;Up to 3 h;;;;Class 10;No;1.5MB;Screensavers and wallpapersDownloadable logos and applications;;;;;;;
https://www.gsmarena.com/sagem_my_c2_2-934.php;https://fdn2.gsmarena.com/vv/bigpic/samyc2-2.gif;Sagem MY C2-2;Released 2004, Q2;80g, 21mm thickness;Feature phone;No card slot;8;N/A;113,553 hits;;101x80 pixels, 6 lines; ;;1490 mAh Li-Ion;GSM 900 / 1800;;;2004, Q2;Discontinued;85 x 44 x 21 mm (3.35 x 1.73 x 0.83 in);80 g (2.82 oz);Mini-SIM;CSTN, 4096 colors;;101 x 80 pixels, 6 lines;No;No;;;;;No;No;No;No;;;Predictive text inputCalculatorCurrency converter;Removable Li-Ion battery;Up to 360 h;Up to 3 h;;;;No;No;;Downloadable wallpapers;;;100 short messagesMessage templates;;;;
https://www.gsmarena.com/sagem_sg_321i-728.php;https://fdn2.gsmarena.com/vv/bigpic/sasg321i.gif;Sagem SG 321i;Released 2004, Q1;105g, 24mm thickness;Feature phone;No card slot;6;N/A;143,308 hits;;128x160 pixels; ;;850 mAh Li-Ion;GSM 900 / 1800;;;2004, Q1;Discontinued;100 x 45 x 24 mm (3.94 x 1.77 x 0.94 in);105 g (3.70 oz);Mini-SIM;TFT, 65K colors;;128 x 160 pixels;No;No;;;;;No;No;No;No;Proprietary;;Predictive text inputOrganizer;Removable Li-Ion battery;;;;;;Class 8;No;;Screensavers and wallpapersDownloadable logos;;;;;;;
https://www.gsmarena.com/sagem_my_v_55-821.php;https://fdn2.gsmarena.com/vv/bigpic/samyv55.gif;Sagem MY V-55;Released 2004, Q2;97g, 19mm thickness;Feature phone;4MB storage, no card slot;16;N/A;291,220 hits;;128x160 pixels; ;;920 mAh Li-Ion;GSM 900 / 1800 / 1900;;;2004, Q2;Discontinued;106 x 46 x 19 mm (4.17 x 1.81 x 0.75 in);97 g (3.42 oz);Mini-SIM;CSTN, 65K colors;;128 x 160 pixels;No;VGA;;No;No;;No;No;No;No;;;Predictive text inputOrganizerVoice dial/memoExchangeable cover;Removable Li-Ion 920 mAh battery;Up to 375 h;Up to 4 h 45 min;;;;Class 10;No;4MB;Animated screensaversColor backgroundsDownloadable logos;;;;;;;
https://www.gsmarena.com/sagem_my_x5_2-727.php;https://fdn2.gsmarena.com/vv/bigpic/samyx52.gif;Sagem MY X5-2;Released 2004, Q1;97g, 19mm thickness;Feature phone;4MB storage, no card slot;18;N/A;376,423 hits;;128x160 pixels; ;;850 mAh Li-Ion;GSM 900 / 1800 / 1900;;;2004, Q1;Discontinued;106 x 46 x 19 mm (4.17 x 1.81 x 0.75 in);97 g (3.42 oz);Mini-SIM;CSTN, 65K colors;;128 x 160 pixels;No;VGA;;No;No;;No;No;No;No;Proprietary;;Predictive text inputOrganizerPhoto editorVoice memo;Removable Li-Ion battery;Up to 300 h;Up to 5 h;;;;Class 10;No;4MB;Screensavers and wallpapersDownloadable logos;;;;;;;
https://www.gsmarena.com/sagem_my_v_75-670.php;https://fdn2.gsmarena.com/vv/bigpic/samyv75.gif;Sagem MY V-75;Released 2004, Q1;106g, 22mm thickness;Feature phone;4MB storage, no card slot;8;N/A;113,032 hits;;128x160 pixels; ;;785 mAh Li-Ion;GSM 900 / 1800 / 1900;;;2004, Q1;Discontinued;110 x 46 x 22 mm (4.33 x 1.81 x 0.87 in);106 g (3.74 oz);Mini-SIM;TFT, 65K colors;;128 x 160 pixels;No;VGA;;No;No;;No;No;No;No;;;Predictive text inputOrganizer;Removable Li-Ion battery;;;;;;Yes;No;4MB;Animated screensaversColor backgroundsDownloadable logos;;;;;;;
https://www.gsmarena.com/sagem_my_c_3b-630.php;https://fdn2.gsmarena.com/vv/bigpic/samyc3b.gif;Sagem MY C-3b;Released 2004, Q1;85g, 22.5mm thickness;Feature phone;1.5MB storage, no card slot;7;N/A;145,785 hits;;128x160 pixels, 12 lines; ;;780 mAh Li-Ion;GSM 900 / 1800;;;2004, Q1;Discontinued;81 x 51 x 22.5 mm (3.19 x 2.01 x 0.89 in);85 g (3.00 oz);Mini-SIM;CSTN, 65K colors;;128 x 160 pixels, 12 lines;No;No;;;;;No;No;No;No;;;Predictive text inputOrganizerVoice memo;Removable Li-Ion battery;Up to 120 h;Up to 2 h;;2 - Silver, Red;;Class 8;No;1.5MB;Animated screensaversColor backgrounds;;;;;;;
https://www.gsmarena.com/sagem_my_c_3s-644.php;https://fdn2.gsmarena.com/vv/bigpic/samyc3s.gif;Sagem MY C-3s;Released 2004, Q1;90g, 22.5mm thickness;Feature phone;No card slot;7;N/A;77,801 hits;;128x160 pixels, 12 lines; ;;750 mAh Li-Ion;GSM 900 / 1800;;;2004, Q1;Discontinued;81 x 52 x 22.5 mm (3.19 x 2.05 x 0.89 in);90 g (3.17 oz);Mini-SIM;CSTN, 65K colors;;128 x 160 pixels, 12 lines;No;No;;;;;No;No;No;No;;;Predictive text inputOrganizer;Removable Li-Ion 750 mAh battery;Up to 100 h;Up to 3 h;;2 - Silver, Red;;Class 8;No;;Animated screensaversColor backgrounds;;Stereo sounds;;;;;
https://www.gsmarena.com/sagem_my_x3_2-631.php;https://fdn2.gsmarena.com/vv/bigpic/samyx32.gif;Sagem MY X3-2;Released 2004, Q1;89g, 21mm thickness;Feature phone;No card slot;9;N/A;139,042 hits;;101x80 pixels; ;;780 mAh Li-Ion;GSM 900 / 1800;;;2004, Q1;Discontinued;100 x 45 x 21 mm (3.94 x 1.77 x 0.83 in);89 g (3.14 oz);Mini-SIM;CSTN, 4096 colors;;101 x 80 pixels;No;No;;;;;No;No;No;No;;;Predictive text inputCalculatorCurrency converterInterchangeable front and back covers;Removable Li-Ion battery;Up to 340 h;Up to 5 h;;4 - Silver, Light blue, Purple and White;;Class 8;No;;Downloadable logos;;;;;;;
https://www.gsmarena.com/sagem_my_x_7-624.php;https://fdn2.gsmarena.com/vv/bigpic/samyx7.gif;Sagem MY X-7;Released 2004, Q1;106g, 22mm thickness;Feature phone;4MB storage, no card slot;9;N/A;267,831 hits;;128x160 pixels, 12 lines; ;;1050 mAh Li-Ion;GSM 900 / 1800 / 1900;;;2004, Q1;Discontinued;110 x 46 x 22 mm, 111 cc (4.33 x 1.81 x 0.87 in);106 g (3.74 oz);Mini-SIM;TFT, 65K colors;;128 x 160 pixels, 12 lines;No;VGA;;Yes;No;;No;No;No;No;;;Predictive text inputOrganizerChronometerVoice memo (30 sec.)Changeable covers;Removable Li-Ion 1050 mAh battery;Up to 310 h;Up to 4 h 30 min;;;;Class 10;No;4MB;Animated screensaversColor backgrounds;;;;;;;
https://www.gsmarena.com/sagem_my_v_65-569.php;https://fdn2.gsmarena.com/vv/bigpic/samyv65.gif;Sagem MY V-65;Released 2003, Q4;106g, 22mm thickness;Feature phone;4MB storage, no card slot;10;N/A;183,373 hits;;128x160 pixels; ;;1050 mAh Li-Ion;GSM 900 / 1800 / 1900;;;2003, Q4;Discontinued;110 x 46 x 22 mm (4.33 x 1.81 x 0.87 in);106 g (3.74 oz);Mini-SIM;TFT, 65K colors;;128 x 160 pixels;No;VGA;;No;No;;No;No;No;No;;;Predictive text inputPCSyncOrganizer;Removable Li-Ion 1050 mAh battery;Up to 310 h;Up to 4 h 30 min;;;;Yes;No;4MB;Animated screensaversColor backgrounds;;;100 short messages;;;;
https://www.gsmarena.com/sagem_my_c_1-568.php;https://fdn2.gsmarena.com/vv/bigpic/samyc1.gif;Sagem MY C-1;Released 2003, Q4;80g, 20mm thickness;Feature phone;No card slot;6;N/A;67,464 hits;;96x64 pixels, 7 lines; ;;760 mAh Li-Ion;GSM 900 / 1800;;;2003, Q4;Discontinued;86 x 44 x 20 mm (3.39 x 1.73 x 0.79 in);80 g (2.82 oz);Mini-SIM;Monochrome graphic;;96 x 64 pixels, 7 lines, 3:2 ratio;No;No;;;;;No;No;No;No;;;Predictive text inputOrganizer;Removable Li-Ion battery;Up to 200 h;Up to 2 h 30 min;;;;No;No;;;;;;;;;
https://www.gsmarena.com/sagem_my_x_1w-563.php;https://fdn2.gsmarena.com/vv/bigpic/samyx1w.gif;Sagem MY X-1w;Released 2003, Q4;93g, 21mm thickness;Feature phone;No card slot;9;N/A;105,250 hits;;64x96 pixels, 7 lines; ;;1050 mAh Li-Ion;GSM 900 / 1800;;;2003, Q4;Discontinued;106 x 47 x 21 mm (4.17 x 1.85 x 0.83 in);93 g (3.28 oz);Mini-SIM;Monochrome graphic;;64 x 96 pixels, 7 lines, 3:2 ratio;No;No;;;;;No;No;No;No;;;Predictive text inputOrganizerInterchangeable front and back covers;Removable Li-Ion battery;Up to 240 h;Up to 3 h;;;;Class 4;No;;Four way navigation keysDownloadable logos;;;;;;;
https://www.gsmarena.com/sagem_my_c_2-555.php;https://fdn2.gsmarena.com/vv/bigpic/samyc2.gif;Sagem MY C-2;Released 2003, Q4;90g, 23mm thickness;Feature phone;No card slot;8;N/A;100,499 hits;;101x80 pixels, 6 lines; ;;850 mAh Li-Ion;GSM 900 / 1800;;;2003, Q4;Discontinued;82 x 42 x 23 mm (3.23 x 1.65 x 0.91 in);90 g (3.17 oz);Mini-SIM;CSTN, 256 colors;;101 x 80 pixels, 6 lines;No;No;;;;;No;No;No;No;;;Predictive text inputCalculatorCurrency converter;Removable Li-Ion battery;Up to 190 h;Up to 3 h;;;;No;No;;Backgrounds and screensavers;;;100 short messagesMessage templates;;;;
https://www.gsmarena.com/sagem_my_c_6-489.php;https://fdn2.gsmarena.com/vv/bigpic/samyc6.gif;Sagem MY C-6;Released 2003, Q3;86g, 22mm thickness;Feature phone;No card slot;7;N/A;87,409 hits;;160x120 pixels; ;;750 mAh Li-Ion;GSM 900 / 1800;;;2003, Q3;Discontinued;84 x 46 x 22 mm (3.31 x 1.81 x 0.87 in);86 g (3.03 oz);Mini-SIM;TFT, 65K colors;;160 x 120 pixels, 4:3 ratio;No;No;;;;;No;No;No;No;;;Predictive text inputCalculator;Removable Li-Ion 750 mAh battery;Up to 140 h;Up to 4 h;;;;Class 8;No;;Second external display, 84 x 40 pixels, SNTFour way navigation keysDownloadable screensavers;;;;;;;
https://www.gsmarena.com/sagem_my_c_5w-484.php;https://fdn2.gsmarena.com/vv/bigpic/samyc5w.gif;Sagem MY C-5w;Released 2003, Q3;80g, 20mm thickness;Feature phone;No card slot;7;N/A;84,708 hits;;101x80 pixels, 6 lines; ;;1000 mAh Li-Po;GSM 900 / 1800;;;2003, Q3;Discontinued;88 x 44 x 20 mm (3.46 x 1.73 x 0.79 in);80 g (2.82 oz);Mini-SIM;CSTN, 256 colors;;101 x 80 pixels, 6 lines;No;No;;;;;No;No;No;No;;;Predictive text inputCalculatorCurrency converter;Removable Li-Po 1000 mAh battery;Up to 200 h;Up to 3 h;;;;Class 8;No;;Backgrounds and screensavers;;;;;;;
https://www.gsmarena.com/sagem_my_x_2-473.php;https://fdn2.gsmarena.com/vv/bigpic/samyx2.gif;Sagem MY X-2;Released 2003, Q3;89g, 21mm thickness;Feature phone;No card slot;12;N/A;202,729 hits;;101x80 pixels, 6 lines; ;;600 mAh Li-Ion;GSM 900 / 1800;;;2003, Q3;Discontinued;99 x 45 x 21 mm (3.90 x 1.77 x 0.83 in);89 g (3.14 oz);Mini-SIM;CSTN, 256 colors;;101 x 80 pixels, 6 lines;No;No;;;;;No;No;No;No;;;Predictive text inputCalculatorCurrency converterInterchangeable front and back covers;Removable Li-Ion battery;up to 340 h;up to 5 h;;;;No;No;;Screensavers and backgrounds;;;100 short messagesMessage templates;;;;
https://www.gsmarena.com/sagem_my_x_6-423.php;https://fdn2.gsmarena.com/vv/bigpic/samyx6.gif;Sagem MY X-6;Released 2003, Q1;106g, 22mm thickness;Feature phone;2.3MB storage, no card slot;11;N/A;216,630 hits;;128x160 pixels, 12 lines; ;;1050 mAh Li-Ion;GSM 900 / 1800;;;2003, Q1;Discontinued;110 x 46 x 22 mm, 111 cc (4.33 x 1.81 x 0.87 in);106 g (3.74 oz);Mini-SIM;TFT, 65K colors;;128 x 160 pixels, 12 lines;No;VGA;;No;No;;No;No;No;No;;;Predictive text inputOrganizerVoice memoInterchangeable coversFormats: BMP, JPEG, PNG, GIF, animated GIF, Midi, iMelody, Wave, AMR;Removable Li-Ion 1050 mAh battery;Up to 310 h;Up to 4 h 40 min;;;;Class 10;No;2.3MB;65K colorsAnimated screensaversColor backgrounds;;;100 short messages;;;;
https://www.gsmarena.com/sagem_my_g5-359.php;https://fdn2.gsmarena.com/vv/bigpic/samyg5.gif;Sagem MY G5;Released 2002;92g, 20mm thickness;Feature phone;No card slot;5;N/A;113,511 hits;;101x80 pixels, 8 lines; ;;1000 mAh Li-Ion;GSM 900 / 1800;;;2002;Discontinued;105 x 46 x 20 mm, 77 cc (4.13 x 1.81 x 0.79 in);92 g (3.25 oz);Mini-SIM;CSTN, 256 colors;;101 x 80 pixels, 8 lines;No;No;;;;;No;No;No;No;;;Predictive text inputCalculatorCurrency converterInterchangeable front and back covers;Removable Li-Ion battery;240 h;4 h;;;;Yes;No;;Softkeys3D animated icons50 icons (17 downloadable);;New formats: BMP, JPEG, PNG, GIF, Midi, iMelody, Wave;100 short messages;;;;
https://www.gsmarena.com/sagem_my_x_3-358.php;https://fdn2.gsmarena.com/vv/bigpic/samyx3.gif;Sagem MY X-3;Released 2002;92g, 20mm thickness;Feature phone;No card slot;6;N/A;109,353 hits;;96x64 pixels; ;;1000 mAh Li-Ion;GSM 900 / 1800;;;2002;Discontinued;106 x 46 x 20 mm, 79 cc (4.17 x 1.81 x 0.79 in);92 g (3.25 oz);Mini-SIM;Monochrome graphic;;96 x 64 pixels, 3:2 ratio;No;No;;;;;No;No;No;No;;;Predictive text inputCalculatorCurrency converterInterchangeable front and back covers;Removable Li-Ion battery;240 h;4 h;;;;Class 8;No;;Blue backlightDownloadable animated  screensavers;;;100 short messages50 EMS pictures;;;;
https://www.gsmarena.com/sagem_my_x_5-320.php;https://fdn2.gsmarena.com/vv/bigpic/samyx5.gif;Sagem MY X-5;Released 2002;92g, 20mm thickness;Feature phone;No card slot;20;N/A;274,997 hits;;101x80 pixels, 8 lines; ;;720 mAh Li-Ion;GSM 900 / 1800;;;2002;Discontinued;105 x 46 x 20 mm, 77 cc (4.13 x 1.81 x 0.79 in);92 g (3.25 oz);Mini-SIM;CSTN, 256 colors;;101 x 80 pixels, 8 lines;No;No;;;;;No;No;No;No;;;Predictive text inputCalculatorCurrency converterInterchangeable front and back covers;Removable Li-Ion 720 mAh battery;240 h;up to 4 h;;;;Class 10;No;;Dynamic font sizeSoftkeys3D animated icons30 icons + downloadable;;New formats: BMP, JPEG, PNG, GIF, Midi, iMelody, Wave;100 short messages;;;;
https://www.gsmarena.com/sagem_my_3078-346.php;https://fdn2.gsmarena.com/vv/bigpic/samy3078.gif;Sagem MY 3078;Released 2002;85g, 75mm thickness;Feature phone;No card slot;5;N/A;78,297 hits;;96x64 pixels, 8 lines; ;;850 mAh Li-Ion;GSM 900 / 1800;;;2002;Discontinued;23 x 45 x 75 mm (0.91 x 1.77 x 2.95 in);85 g (3.00 oz);Mini-SIM;Monochrome graphic;;96 x 64 pixels, 8 lines, 3:2 ratio;No;No;;;;;No;No;No;No;;;Predictive text inputDownloadable gamesCalculatorCurrency converter;Removable Li-Ion battery;up to 180 h;up to 2 h 15 min;;;;No;No;;Softkeys3D animated screensavers20 downloadable screens10 downloadable icons (group calling);;;;;;;
https://www.gsmarena.com/sagem_mw_3026-273.php;https://fdn2.gsmarena.com/vv/bigpic/samw3026.gif;Sagem MW 3026;Released 2001;112g, 23mm thickness;Feature phone;No card slot;10;N/A;113,592 hits;;up to 8 lines; ;;650 mAh NiMH;GSM 900 / 1800;;;2001;Discontinued;105 x 50 x 23 mm (4.13 x 1.97 x 0.91 in);112 g (3.95 oz);Mini-SIM;Monochrome graphic;;up to 8 lines;No;No;;;;;No;No;No;No;;;Predictive text inputCalculatorCurency converter;Removable NiMH battery;185 h;3 h;;;;No;No;;Blue backlightSoftkeys3D animated icons;;;10 short messages;;;;
https://www.gsmarena.com/sagem_mw_3052-272.php;https://fdn2.gsmarena.com/vv/bigpic/samw3052.gif;Sagem MW 3052;Released 2001;100g, 23mm thickness;Feature phone;No card slot;7;N/A;68,534 hits;;up to 8 lines; ;;650 mAh Li-Ion;GSM 900 / 1800;;;2001;Discontinued;105 x 50 x 23 mm (4.13 x 1.97 x 0.91 in);100 g (3.53 oz);Mini-SIM;Monochrome graphic;;up to 8 lines;No;No;;;;;No;No;No;No;;;Predictive text inputCalculatorCurency converter;Removable Li-Ion battery;200 h;3 h;;;;Class 4;No;;Blue backlightSoftkeys3D animated icons;;;10 short messages;;;;
https://www.gsmarena.com/sagem_mw_3042-271.php;https://fdn2.gsmarena.com/vv/bigpic/samw3042.gif;Sagem MW 3042;Released 2001;97g, 18mm thickness;Feature phone;No card slot;8;N/A;60,389 hits;;up to 8 lines; ;;650 mAh NiMH;GSM 900 / 1800;;;2001;Discontinued;105 x 45 x 18 mm, 79 cc (4.13 x 1.77 x 0.71 in);97 g (3.42 oz);Mini-SIM;Monochrome graphic;;up to 8 lines;No;No;;;;;No;No;No;No;;;Predictive text inputCalculatorCurency converterInterchangeable front covers;Removable NiMH battery;207 h;3 h 45 min;;;;No;No;;Blue backlightSoftkeys3D animated icons;;;10 short messages;;;;
https://www.gsmarena.com/sagem_mw_3040-258.php;https://fdn2.gsmarena.com/vv/bigpic/samw3040.gif;Sagem MW 3040;Released 2001;97g, 18mm thickness;Feature phone;No card slot;8;N/A;83,495 hits;;up to 8 lines; ;;600 mAh NiMH;GSM 900 / 1800;;;2001;Discontinued;105 x 45 x 18 mm, 79 cc (4.13 x 1.77 x 0.71 in);97 g (3.42 oz);Mini-SIM;Monochrome graphic;;up to 8 lines;No;No;;;;;No;No;No;No;;;Predictive text inputCalculatorCurency converterInterchangeable front covers;Removable NiMH battery;170 h;4 h 30 min;;;;No;No;;Blue backlightSoftkeys3D animated icons;;;10 short messages;;;;
https://www.gsmarena.com/sagem_mw_x1-247.php;https://fdn2.gsmarena.com/vv/bigpic/samwx1.gif;Sagem MW X1;Released 2001;180g, 20mm thickness;Feature phone;No card slot;6;N/A;88,298 hits;;124x68 pixels, up to 8 lines; ;;800 mAh Li-Ion;GSM 900 / 1800;;;2001;Discontinued;140 x 57 x 20 mm (5.51 x 2.24 x 0.79 in);180 g (6.35 oz);Mini-SIM;Monochrome graphic;;124 x 68 pixels, up to 8 lines, 17:9 ratio;No;No;;;;;No;No;No;No;;;Predictive text inputCalculatorCurency converter;Removable Li-Ion 800 mAh battery;150 h;300 min;;;;No;No;;Softkeys;;;20 SMS messages;;;;
https://www.gsmarena.com/sagem_wa_3050-246.php;https://fdn2.gsmarena.com/vv/bigpic/sawa3050.gif;Sagem WA 3050;Released 2001;198g, 17mm thickness;Microsoft Windows PocketPC;No card slot;8;N/A;97,599 hits;;240x320 pixels, 60x80 mm; ;;850 mAh Li-Ion;GSM 900 / 1800;;;2001;Discontinued;130 x 80 x 17 mm (5.12 x 3.15 x 0.67 in);198 g (6.98 oz);Mini-SIM;Greyscale resistive touchscreen;;240 x 320 pixels, 60 x 80 mm, 4:3 ratio;No;No;;;;;No;No;No;No;;;MP3 playerPredictive text input;Removable Li-Ion battery;170 h;130 min;;;;Yes (for the GPRS model);No;;;;;;;;Microsoft Windows PocketPC;206 MHz ARM SA-1110
https://www.gsmarena.com/sagem_mw_3020-245.php;https://fdn2.gsmarena.com/vv/bigpic/samw3020.gif;Sagem MW 3020;Released 2001;112g, 18mm thickness;Feature phone;No card slot;14;N/A;128,346 hits;;up to 7 lines; ;;850 mAh NiMH;GSM 900 / 1800;;;2001;Discontinued;105 x 45 x 18 mm, 79 cc (4.13 x 1.77 x 0.71 in);112 g (3.95 oz);Mini-SIM;Monochrome graphic;;up to 7 lines;No;No;;;;;No;No;No;No;;;Predictive text inputCalculatorCurency converter;Removable NiMH battery;170 h;130 min;;;;No;No;;Softkeys;;;10 short messages;;;;
https://www.gsmarena.com/sagem_mc_3000-244.php;https://fdn2.gsmarena.com/vv/bigpic/samc3000.gif;Sagem MC 3000;Released 2001;112g, 18mm thickness;Feature phone;No card slot;8;N/A;85,964 hits;;up to 7 lines; ;;850 mAh NiMH;GSM 900 / 1800;;;2001;Discontinued;105 x 45 x 18 mm, 79 cc (4.13 x 1.77 x 0.71 in);112 g (3.95 oz);Mini-SIM;Monochrome graphic;;up to 7 lines;No;No;;;;;No;No;No;No;;;Predictive text inputCalculatorCurency converter;Removable NiMH battery;140 h;105 min;;;;No;No;;Softkeys;;;10 short messages;;;;
https://www.gsmarena.com/sagem_mc_939_wap-182.php;https://fdn2.gsmarena.com/vv/bigpic/samc939b.gif;Sagem MC 939 WAP;Released 2000;117g, 18mm thickness;Feature phone;No card slot;10;N/A;74,971 hits;;up to 7 lines; ;;600 mAh Li-Ion;GSM 900 / 1800;;;2000;Discontinued;116 x 45 x 18 mm (4.57 x 1.77 x 0.71 in);117 g (4.13 oz);Mini-SIM;Monochrome graphic;;up to 7 lines;No;No;;;;;No;No;No;No;;;Predictive text inputCalculatorCurency converter;Removable Li-Ion battery;150 h;3 h;;;;No;No;;Fixed iconsSoftkeys;;;20 short messages;;;;
https://www.gsmarena.com/sagem_mc_936-181.php;https://fdn2.gsmarena.com/vv/bigpic/samc936b.gif;Sagem MC 936;Released 2000;117g, 18mm thickness;Feature phone;No card slot;7;N/A;65,555 hits;;up to 7 lines; ;;600 mAh Li-Ion;GSM 900 / 1800;;;2000;Discontinued;116 x 45 x 18 mm (4.57 x 1.77 x 0.71 in);117 g (4.13 oz);Mini-SIM;Monochrome graphic;;up to 7 lines;No;No;;;;;No;No;No;No;;;Predictive text inputCalculatorCurency converter;Removable Li-Ion battery;150 h;3 h;;;;No;No;;Fixed iconsSoftkeys;;;20 short messages;;;;
https://www.gsmarena.com/sagem_mc_950-168.php;https://fdn2.gsmarena.com/vv/bigpic/samc950b.gif;Sagem MC 950;Released 2000;95g, 18mm thickness;Feature phone;No card slot;11;N/A;77,168 hits;;up to 7 lines; ;;500 mAh Li-Ion;GSM 900 / 1800;;;2000;Discontinued;116 x 45 x 18 mm (4.57 x 1.77 x 0.71 in);95 g (3.35 oz);Mini-SIM;Monochrome graphic;;up to 7 lines;No;No;;;;;No;No;No;No;;;Predictive text inputCalculatorCurency converter;Removable Li-Ion battery;150 h;3 h;;;;No;No;;Fixed iconsSoftkeys;;;20 short messages;;;;
https://www.gsmarena.com/sagem_mc_959-167.php;https://fdn2.gsmarena.com/vv/bigpic/samc959b.gif;Sagem MC 959;Released 2000;95g, 18mm thickness;Feature phone;No card slot;8;N/A;72,509 hits;;up to 7 lines; ;;500 mAh Li-Ion;GSM 900 / 1800;;;2000;Discontinued;116 x 45 x 18 mm (4.57 x 1.77 x 0.71 in);95 g (3.35 oz);Mini-SIM;Monochrome graphic;;up to 7 lines;No;No;;;;;No;No;No;No;;;Predictive text inputCalculatorCurency converterActive flip;Removable Li-Ion battery;150 h;3 h;;;;No;No;;Fixed iconsSoftkeys;;;20 short messages;;;;
https://www.gsmarena.com/sagem_mc_940-166.php;https://fdn2.gsmarena.com/vv/bigpic/samc940b.gif;Sagem MC 940;Released 2000;117g, 18mm thickness;Feature phone;No card slot;10;N/A;76,007 hits;;up to 7 lines; ;;500 mAh Li-Ion;GSM 900 / 1800;;;2000;Discontinued;116 x 45 x 18 mm (4.57 x 1.77 x 0.71 in);117 g (4.13 oz);Mini-SIM;Monochrome graphic;;up to 7 lines;No;No;;;;;No;No;No;No;;;Predictive text inputCalculatorCurency converter;Removable Li-Ion battery;160 h;3 h;;;;No;No;;Fixed iconsSoftkeys;;;20 short messages;;;;
https://www.gsmarena.com/sagem_mc_932-165.php;https://fdn2.gsmarena.com/vv/bigpic/samc932b.gif;Sagem MC 932;Released 1999;117g, 18mm thickness;Feature phone;No card slot;9;N/A;74,366 hits;;up to 7 lines; ;;500 mAh Li-Ion;GSM 900 / 1800;;;1999;Discontinued;116 x 45 x 18 mm (4.57 x 1.77 x 0.71 in);117 g (4.13 oz);Mini-SIM;Monochrome graphic;;up to 7 lines;No;No;;;;;No;No;No;No;;;Predictive text inputCalculatorCurency converter;Removable Li-Ion battery;150 h;3 h;;;;No;No;;Fixed iconsSoftkeys;;;20 short messages;;;;
https://www.gsmarena.com/sagem_rc_922-164.php;https://fdn2.gsmarena.com/vv/bigpic/sarc922b.gif;Sagem RC 922;Released 1999;121g, 18mm thickness;Feature phone;No card slot;11;N/A;86,059 hits;;3x 12 chars; ;;500 mAh NiMH;GSM 900 / 1800;;;1999;Discontinued;116 x 45 x 18 mm (4.57 x 1.77 x 0.71 in);121 g (4.27 oz);Mini-SIM;Alphanumeric;;3x 12 chars;No;No;;;;;No;No;No;No;;;CalculatorCurency converter;Removable NiMH 500 mAh battery;130 h;3 h;;;;No;No;;Fixed iconsSoftkeys;;;20 short messages;;;;
https://www.gsmarena.com/sagem_mc_912-163.php;https://fdn2.gsmarena.com/vv/bigpic/samc912b.gif;Sagem MC 912;Released 1999;117g, 22mm thickness;Feature phone;No card slot;10;N/A;77,153 hits;;4x12 chars; ;;600 mAh Li-Ion;GSM 900 / 1800;;;1999;Discontinued;116 x 45 x 22 mm (4.57 x 1.77 x 0.87 in);117 g (4.13 oz);Mini-SIM;Alphanumeric;;4 x 12 chars;No;No;;;;;No;No;No;No;;;CalculatorCurency converter;Removable Li-Ion battery;130 h;3 h;;;;No;No;;Fixed iconsSoftkeys;;;20 short messages;;;;
https://www.gsmarena.com/sagem_mc_850-162.php;https://fdn2.gsmarena.com/vv/bigpic/samc850b.gif;Sagem MC 850;Released 1998;137g, 21mm thickness;Feature phone;No card slot;8;N/A;73,776 hits;;3x12 chars; ;;600 mAh Li-Ion;GSM 900 / 1800;;;1998;Discontinued;132 x 50 x 21 mm (5.20 x 1.97 x 0.83 in);137 g (4.83 oz);Mini-SIM;Monochrome graphic;;3 x 12 chars;No;No;;;;;No;No;No;No;;;Predictive text inputCalculatorCurency converter;Removable Li-Ion battery;140 h;5 h;;;;No;No;;Fixed iconsSoftkeys;;;;;;;
https://www.gsmarena.com/sagem_mc_825_fm-161.php;https://fdn2.gsmarena.com/vv/bigpic/sa825fmb.gif;Sagem MC 825 FM;Released 1998;152g, 26mm thickness;Feature phone;No card slot;6;N/A;74,157 hits;;3x12 chars; ;;600 mAh NiMH;GSM 900 / 1800;;;1998;Discontinued;132 x 50 x 26 mm (5.20 x 1.97 x 1.02 in);152 g (5.36 oz);Mini-SIM;Alphanumeric;;3 x 12 chars;No;No;;;;;No;No;No;FM radio;;;CalculatorCurency converter;Removable NiMH battery;90 h;3 h;;;;No;No;;Fixed iconsSoftkeys;;;6 FM stations;;;;
https://www.gsmarena.com/sagem_mc_820-160.php;https://fdn2.gsmarena.com/vv/bigpic/samc820b.gif;Sagem MC 820;Released 1998;135g, 26mm thickness;Feature phone;No card slot;8;N/A;92,399 hits;;3x12 chars; ;;600 mAh NiMH;GSM 900 / 1800;;;1998;Discontinued;130 x 50 x 26 mm (5.12 x 1.97 x 1.02 in);135 g (4.76 oz);Mini-SIM;Alphanumeric;;3 x 12 chars;No;No;;;;;No;No;No;No;;;Calculator;Removable NiMH battery;90 h;3 h;;;;No;No;;Fixed iconsSoftkeys;;;;;;;
https://www.gsmarena.com/sagem_rc_750-159.php;https://fdn2.gsmarena.com/vv/bigpic/sarc750b.gif;Sagem RC 750;Released 1998;158g, 21mm thickness;Feature phone;No card slot;5;N/A;66,357 hits;;3x12 chars; ;;600 mAh NiMH;GSM 900;;;1998;Discontinued;140 x 50 x 21 mm (5.51 x 1.97 x 0.83 in);158 g (5.57 oz);Mini-SIM;Alphanumeric;;3 x 12 chars;No;No;;;;;No;No;No;No;;;CalculatorVoice memoSerial cable;Removable NiMH 600 mAh battery;80 h;150 min;;;;No;No;;Fixed icons;;;;;;;
https://www.gsmarena.com/sagem_rc_730-158.php;https://fdn2.gsmarena.com/vv/bigpic/sarc730b.gif;Sagem RC 730;Released 1997;158g, 21mm thickness;Feature phone;No card slot;7;N/A;84,171 hits;;3x12 chars; ;;600 mAh NiMH;GSM 900;;;1997;Discontinued;140 x 50 x 21 mm (5.51 x 1.97 x 0.83 in);158 g (5.57 oz);Mini-SIM;Alphanumeric;;3 x 12 chars;No;No;;;;;No;No;No;No;;;Calculator;Removable NiMH 600 mAh battery;70 h;150 min;;;;No;No;;Fixed icons;;;;;;;
