Link;Image;Name;Release date;Weight;OS;Storage;Fans;Popularity;Hits;Screen_size;Screen_resolution;RAM;SOC;Battery;net2g;net3g;net4g;speed;year;status;dimensions;weight;build;sim;displaytype;displaysize;displayresolution;os;chipset;cpu;gpu;memoryslot;internalmemory;cam1modules;cam1features;cam1video;cam2modules;cam2video;wlan;bluetooth;gps;nfc;radio;usb;sensors;batdescription1;colors;models;price;net5g;bodyother;displayprotection;memoryother;cam2features;optionalother;sar-eu;tbench;batstandby1;battalktime1;featuresother;gprstext;edge;displayother
https://www.gsmarena.com/sharp_aquos_v6_plus-11868.php;https://fdn2.gsmarena.com/vv/bigpic/sharp-aquos-v6plus.jpg;Sharp Aquos V6 Plus;Released 2022, February 16;190g, 8.9mm thickness;Android 12;64GB storage, microSDXC;2;1.0%;68,277 hits;"6.52""";720x1600 pixels;4 GB RAM;Helio G25;5000 mAh Li-Ion;GSM 850 / 900 / 1800 / 1900 - SIM 1 & SIM 2;HSDPA 900 / 2100;LTE;HSPA, LTE;2022, February 16;Available. Released 2022, February 16;165.2 x 75.5 x 8.9 mm (6.50 x 2.97 x 0.35 in);190 g (6.70 oz);Glass front, plastic frame, plastic back;Dual SIM (Nano-SIM, dual stand-by);IPS LCD;6.52 inches, 102.6 cm(~82.3% screen-to-body ratio);720 x 1600 pixels, 20:9 ratio (~269 ppi density);Android 12;Mediatek Helio G25 (12 nm);Octa-core (4x2.0 GHz Cortex-A53 & 4x1.5 GHz Cortex-A53);PowerVR GE8320;microSDXC;64GB 4GB RAM;50 MP, (wide)2 MP, (macro)2 MP, (depth);LED flash;1080p@30fps;8 MP;1080p@30fps;Wi-Fi 802.11 a/b/g/n/ac, dual-band;5.0, A2DP, LE, aptX HD, aptX Adaptive;GPS (L1+L5), GLONASS, BDS, GALILEO, QZSS;Yes;No;USB Type-C 3.0;Fingerprint (rear-mounted), accelerometer, gyro, proximity, compass;Li-Ion 5000 mAh, non-removable;Grey Sand, Deep Blue Sea;SH-C04;About 150 EUR;;;;;;;;;;;;;;
https://www.gsmarena.com/sharp_aquos_v6-11867.php;https://fdn2.gsmarena.com/vv/bigpic/sharp-aquos-v6.jpg;Sharp Aquos V6;Released 2022, February 16;190g, 8.9mm thickness;Android 12;32GB storage, microSDXC;1;0.4%;28,124 hits;"6.52""";720x1600 pixels;3 GB RAM;Helio G25;5000 mAh Li-Ion;GSM 850 / 900 / 1800 / 1900 - SIM 1 & SIM 2;HSDPA 900 / 2100;LTE;HSPA, LTE;2022, February 16;Available. Released 2022, February 16;165.2 x 75.5 x 8.9 mm (6.50 x 2.97 x 0.35 in);190 g (6.70 oz);Glass front, plastic frame, plastic back;Dual SIM (Nano-SIM, dual stand-by);IPS LCD;6.52 inches, 102.6 cm(~82.3% screen-to-body ratio);720 x 1600 pixels, 20:9 ratio (~269 ppi density);Android 12;Mediatek Helio G25 (12 nm);Octa-core (4x2.0 GHz Cortex-A53 & 4x1.5 GHz Cortex-A53);PowerVR GE8320;microSDXC;32GB 3GB RAM;13 MP, (wide)2 MP, (macro)2 MP, (depth);LED flash;1080p@30fps;5 MP;Yes;Wi-Fi 802.11 a/b/g/n/ac, dual-band;5.0, A2DP, LE, aptX HD, aptX Adaptive;GPS;Yes;No;USB Type-C 3.0;Fingerprint (rear-mounted), accelerometer, gyro, proximity, compass;Li-Ion 5000 mAh, non-removable;Grey Sand, Deep Blue Sea;;About 130 EUR;;;;;;;;;;;;;;
https://www.gsmarena.com/sharp_aquos_wish-11847.php;https://fdn2.gsmarena.com/vv/bigpic/sharp-aquos-wish.jpg;Sharp Aquos wish;Released 2022, January 21;162g, 8.9mm thickness;Android 11;64GB storage, microSDXC;3;0.4%;32,276 hits;"5.7""";720x1520 pixels;4 GB RAM;Snapdragon 480 5G;3730 mAh Li-Ion;GSM 850 / 900 / 1800 / 1900 - SIM 1 & SIM 2;HSDPA 900 / 2100;1, 3, 7, 8, 28, 38, 41;HSPA, LTE, 5G;2022, January 19;Available. Released 2022, January 21;147 x 71 x 8.9 mm (5.79 x 2.80 x 0.35 in);162 g (5.71 oz);Plastic body, plastic frame;Dual SIM (Nano-SIM and eSIM, dual stand-by);IPS LCD;5.7 inches, 81.1 cm(~77.7% screen-to-body ratio);720 x 1520 pixels, 19:9 ratio (~295 ppi density);Android 11;Qualcomm SM4350 Snapdragon 480 5G (8 nm);Octa-core (2x2.0 GHz Kryo 460 & 6x1.8 GHz Kryo 460);Adreno 619;microSDXC;64GB 4GB RAM;13 MP, (wide), AF;LED flash;1080p@30fps;8 MP;1080p@30fps;Wi-Fi 802.11 a/b/g/n/ac, dual-band, Wi-Fi Direct;5.1, A2DP, LE;GPS;Yes;No;USB Type-C;Fingerprint (side-mounted), accelerometer;Li-Ion 3730 mAh, non-removable;Spring Bud Green, Foggy Black;;About 230 EUR;1, 3, 7, 28, 38, 41, 78 SA/NSA;IPX5/IP6X/IPX7 water/dust resistant (up to 1.5m for 30 min)MIL-STD-810G compliant;;;;;;;;;;;;
https://www.gsmarena.com/sharp_aquos_zero6-11846.php;https://fdn2.gsmarena.com/vv/bigpic/sharp-aquos-zero6.jpg;Sharp Aquos zero6;Released 2021, October 14;146g, 7.9mm thickness;Android 11;128GB storage, microSDXC;10;0.5%;36,831 hits;"6.4""";1080x2340 pixels;8 GB RAM;Snapdragon 750G 5G;4010 mAh Li-Ion;GSM 850 / 900 / 1800 / 1900 - SIM 1 & SIM 2;HSDPA 900 / 2100;1, 3, 7, 8, 28, 38, 41;HSPA, LTE-A, 5G;2021, October 14;Available. Released 2021, October 14;158 x 73 x 7.9 mm (6.22 x 2.87 x 0.31 in);146 g (5.15 oz);;Dual SIM (Nano-SIM and eSIM, dual stand-by);OLED, 1B colors, 240Hz;6.4 inches, 100.5 cm(~87.2% screen-to-body ratio);1080 x 2340 pixels, 19.5:9 ratio (~403 ppi density);Android 11;Qualcomm SM7225 Snapdragon 750G 5G (8 nm);Octa-core (2x2.2 GHz Kryo 570 & 6x1.8 GHz Kryo 570);Adreno 619;microSDXC;128GB 8GB RAM;48 MP, f/1.8, (wide), AF8 MP, f/2.4, (telephoto), AF, 2x optical zoom8 MP, f/2.4, 120˚ (ultrawide)TOF 3D (depth);LED flash, HDR, panorama;1080p@30fps;12.6 MP;1080p@30fps;Wi-Fi 802.11 a/b/g/n/ac, dual-band, Wi-Fi Direct;5.1, A2DP, LE;GPS, GLONASS, BDS, GALILEO, QZSS;Yes;No;USB Type-C;Fingerprint (under display, optical), accelerometer;Li-Ion 4010 mAh, non-removable;Swan Black;;About 400 EUR;1, 3, 28, 78, 257 SA/NSA/mmWave;IPX5/IP6X/IPX8 water/dust resistant (up to 1.5m for 30 min);Corning Gorilla Glass Victus;;;;;;;;;;;
https://www.gsmarena.com/sharp_aquos_sense5g-11845.php;https://fdn2.gsmarena.com/vv/bigpic/sharp-aquos-sense5g.jpg;Sharp Aquos sense5G;Released 2021, June 10;178g, 8.9mm thickness;Android 11;128GB storage, microSDXC;5;0.6%;41,460 hits;"5.8""";1080x2280 pixels;8 GB RAM;Snapdragon 690 5G;4570 mAh Li-Ion;GSM 850 / 900 / 1800 / 1900 - SIM 1 & SIM 2;HSDPA 850 / 900 / 1900 / 2100;1, 3, 7, 8, 20, 28, 38, 41;HSPA, LTE-A, 5G;2020, September 25;Available. Released 2021, June 10;148 x 71 x 8.9 mm (5.83 x 2.80 x 0.35 in);178 g (6.28 oz);Glass front, aluminum frame, aluminum back;Dual SIM (Nano-SIM, dual stand-by);IGZO IPS LCD, HDR10;5.8 inches, 84.0 cm(~79.9% screen-to-body ratio);1080 x 2280 pixels, 19:9 ratio (~435 ppi density);Android 11;Qualcomm SM6350 Snapdragon 690 5G (8 nm);Octa-core (2x2.0 GHz Kryo 560 Gold & 6x1.7 GHz Kryo 560 Silver);Adreno 619L;microSDXC;128GB 8GB RAM;12 MP, f/2.0, (wide), AF8 MP, f/2.4, (telephoto), AF12 MP, f/2.4, 121˚ (ultrawide);LED flash, HDR, panorama;4K@30fps, 1080p@60fps, 1080p@30fps;8 MP;1080p@30fps;Wi-Fi 802.11 a/b/g/n/ac/6, dual-band, Wi-Fi Direct;5.1, A2DP, LE;GPS (L1+L5), GLONASS, BDS, GALILEO, QZSS;Yes;No;USB Type-C 3.1;Fingerprint (front-mounted), accelerometer, gyro, proximity, compass;Li-Ion 4570 mAh, non-removable;Satin Gold, Titanium Black;SHG03;About 250 EUR;1, 3, 28, 78 SA/NSA;IPX5/IP6X/IPX8 water/dust resistant (up to 1.5m for 30 min)MIL-STD-810H compliant;;UFS;;;;;;;;;;
https://www.gsmarena.com/sharp_aquos_sense4_plus-11844.php;https://fdn2.gsmarena.com/vv/bigpic/sharp-aquos-sense4plus.jpg;Sharp Aquos sense4 plus;Released 2020, September 11;198g, 8.8mm thickness;Android 10;128GB storage, microSDXC;3;0.3%;26,552 hits;"6.7""";1080x2400 pixels;8 GB RAM;Snapdragon 720G;4120 mAh Li-Po;GSM 850 / 900 / 1800 / 1900;HSDPA 850 / 900 / 1900 / 2100;1, 2, 3, 4, 5, 7, 8, 11, 12, 17, 18, 19, 20, 26, 28, 38, 40, 41;HSPA, LTE-A;2020, September 11;Available. Released 2020, September 11;166 x 78 x 8.8 mm (6.54 x 3.07 x 0.35 in);198 g (6.98 oz);;Nano-SIM;IPS LCD, 90Hz;6.7 inches, 108.4 cm(~83.7% screen-to-body ratio);1080 x 2400 pixels, 20:9 ratio (~393 ppi density);Android 10;Qualcomm SM7125 Snapdragon 720G (8 nm);Octa-core (2x2.3 GHz Kryo 465 Gold & 6x1.8 GHz Kryo 465 Silver);Adreno 618;microSDXC;128GB 8GB RAM;48 MP, f/1.8, (wide), AF5 MP, f/2.2, 115˚ (ultrawide)2 MP, f/2.4, 40mm (telephoto macro)2 MP, f/2.4, (depth);LED flash, HDR, panorama;1080p@30fps;8 MP;1080p@30fps;Wi-Fi 802.11 a/b/g/n/ac, dual-band, Wi-Fi Direct;5.1, A2DP, LE;GPS, GLONASS, BDS, GALILEO, QZSS;No;No;USB Type-C;Fingerprint (rear-mounted), accelerometer, gyro, proximity, compass;Li-Po 4120 mAh, non-removable;Deep Fog Black, Cloud White;;About 600 EUR;;IPX5/IP6X/IPX8 water/dust resistant (up to 1.5m for 30 min);;;;;;;;;;;;
https://www.gsmarena.com/sharp_aquos_zero_2-10259.php;https://fdn2.gsmarena.com/vv/bigpic/sharp-aquos-zero2.jpg;Sharp Aquos Zero 2;Released 2020, May 22;141g, 8.8mm thickness;Android 10;256GB storage, no card slot;89;0.9%;728,828 hits;"6.4""";1080x2340 pixels;8 GB RAM;Snapdragon 855;3130 mAh Li-Ion;GSM 850 / 900 / 1800 / 1900;HSDPA 850 / 900 / 1700(AWS) / 1900 / 2100;1, 2, 3, 4, 5, 6, 7, 8, 11, 12, 13, 17, 18, 19, 20, 28, 38, 39, 41 - Taiwan;HSPA, LTE-A;2020, May 22;Available. Released 2020, May 22;158 x 74 x 8.8 mm (6.22 x 2.91 x 0.35 in);141 g (4.97 oz);;Nano-SIM;OLED, 1B colors, 240Hz, HDR10, Dolby Vision;6.4 inches, 100.5 cm(~86.0% screen-to-body ratio);1080 x 2340 pixels, 19.5:9 ratio (~403 ppi density);Android 10;Qualcomm SM8150 Snapdragon 855 (7 nm);Octa-core (1x2.84 GHz Kryo 485 & 3x2.42 GHz Kryo 485 & 4x1.78 GHz Kryo 485);Adreno 640;No;256GB 8GB RAM;"12.2 MP, f/1.7, (wide), 1/2.55"", 1.4µm, Dual Pixel PDAF, OIS20 MP, f/2.4, 125˚ (ultrawide), AF";LED flash, HDR, panorama;4K@30fps, 1080p@30fps, gyro-EIS;8 MP, f/2.2, 23mm (wide);1080p@30fps, gyro-EIS;Wi-Fi 802.11 a/b/g/n/ac, dual-band, Wi-Fi Direct;5.0, A2DP, LE, aptX HD, aptX Adaptive;GPS (L1+L5), GLONASS, BDS, GALILEO, QZSS;Yes;No;USB Type-C 2.0;Fingerprint (under display, optical), accelerometer, gyro, proximity, compass;Li-Ion 3130 mAh, non-removable;Blue;SH-Z20, SHV47, 906SH;About 670 EUR;;IP68 dust/water resistant (up to 1.5m for 30 min);Corning Gorilla Glass 6;UFS 3.0;HDR;24-bit/192kHz audio;;;;;;;;
https://www.gsmarena.com/sharp_aquos_r5g-11843.php;https://fdn2.gsmarena.com/vv/bigpic/sharp-aquosr5g.jpg;Sharp Aquos R5G;Released 2020, February;189g, 8.9mm thickness;Android 10;256GB storage, no card slot;15;1.2%;79,347 hits;"6.4""";1440x3168 pixels;12 GB RAM;Snapdragon 865 5G;3730 mAh Li-Ion;GSM 850 / 900 / 1800 / 1900;HSDPA 850 / 900 / 1900 / 2100;1, 3, 7, 8, 20, 28, 38, 41;HSPA, LTE-A, 5G;2020, February;Available. Released 2020, February;162 x 75 x 8.9 mm (6.38 x 2.95 x 0.35 in);189 g (6.67 oz);;Nano-SIM;IGZO IPS LCD, 1B colors, 120Hz, Dolby Vision;6.4 inches, 99.5 cm(~81.9% screen-to-body ratio);1440 x 3168 pixels (~544 ppi density);Android 10;Qualcomm SM8250 Snapdragon 865 5G (7 nm+);Octa-core (1x2.84 GHz Cortex-A77 & 3x2.42 GHz Cortex-A77 & 4x1.80 GHz Cortex-A55);Adreno 650;No;256GB 12GB RAM;12 MP, f/1.7, 26mm (wide), 1.4µm, Dual Pixel PDAF, OIS12 MP, f/2.7, 52mm (telephoto), 1.0µm, PDAF, 2x optical zoom, OIS48 MP, f/2.9, 19mm (ultrawide), 0.8µmTOF 3D (depth);LED flash, panorama;8K@30fps, 1080p@30fps;16 MP, f/2.0, 26mm (wide), 0.7µm;1080p@30fps;Wi-Fi 802.11 a/b/g/n/ac/ax/6, dual-band, Wi-Fi Direct;5.1, A2DP, LE, aptX HD, aptX Adaptive;GPS (L1+L5), GLONASS, BDS, GALILEO, QZSS;Yes;No;USB Type-C 3.1;Fingerprint (front-mounted), accelerometer, gyro, proximity, compass;Li-Ion 3730 mAh, non-removable;Glare Black, Aurora White;SH-51A, SHG01, SH-R50;About 700 EUR;1, 3, 28, 78 SA/NSA;IPX5/IP6X/IPX8 water/dust resistant (up to 1.5m for 30 min);;UFS 3.0;;24-bit/192kHz audio;;;;;;;;
https://www.gsmarena.com/sharp_aquos_v-9962.php;https://fdn2.gsmarena.com/vv/bigpic/sharp-aquos-v.jpg;Sharp Aquos V;Released 2019, November;173g, 9mm thickness;Android 9.0;64GB storage, microSDXC;24;0.2%;397,566 hits;"5.9""";1080x2160 pixels;4 GB RAM;Snapdragon 835;3090 mAh Li-Ion;GSM 850 / 900 / 1800 / 1900 - SIM 1 & SIM 2;HSDPA 850 / 900 / 1900 / 2100;1, 3, 5, 7, 8, 13, 20, 38, 40;HSPA 42.2/5.76 Mbps, LTE-A (2CA) Cat9 450/50 Mbps;2019, November;Available. Released 2019, November;157 x 76 x 9 mm (6.18 x 2.99 x 0.35 in);173 g (6.10 oz);;Hybrid Dual SIM (Nano-SIM, dual stand-by);IPS LCD;5.9 inches, 89.8 cm(~75.3% screen-to-body ratio);1080 x 2160 pixels, 18:9 ratio (~409 ppi density);Android 9.0 (Pie);Qualcomm MSM8998 Snapdragon 835 (10 nm);Octa-core (4x2.35 GHz Kryo & 4x1.9 GHz Kryo);Adreno 540;microSDXC (uses shared SIM slot);64GB 4GB RAM;13 MP, f/2.0, PDAF, OIS13 MP B/W;LED flash, HDR, panorama;4K@30fps, 1080p@30fps (gyro-EIS);8 MP, f/2.0;1080p@30fps (gyro-EIS);Wi-Fi 802.11 a/b/g/n/ac, dual-band, Wi-Fi Direct;5.0, A2DP, LE;GPS, GLONASS, GALILEO, QZSS;No;No;USB Type-C 2.0;Fingerprint (rear-mounted), accelerometer, proximity, compass;Li-Ion 3090 mAh, non-removable;Black;SH-C02;About 210 EUR;;;Corning Gorilla Glass 5;;HDR;;;;;;;;;
https://www.gsmarena.com/sharp_aquos_r3-11839.php;https://fdn2.gsmarena.com/vv/bigpic/sharp-aquosa3.jpg;Sharp Aquos R3;Released 2019, August;185g, 8.9mm thickness;Android 9.0, up to Android 10;128GB storage, microSDXC;9;0.8%;56,974 hits;"6.2""";1440x3120 pixels;6 GB RAM;Snapdragon 855;3200 mAh Li-Po;GSM 850 / 900 / 1800 / 1900 - SIM 1 & SIM 2;HSDPA 900 / 2100;1, 3, 7, 8, 28, 38;HSPA 42.2/5.76 Mbps, LTE-A (3CA) Cat15 1024/50 Mbps;2019, August;Available. Released 2019, August;156 x 74 x 8.9 mm (6.14 x 2.91 x 0.35 in);185 g (6.53 oz);;Hybrid Dual SIM (Nano-SIM, dual stand-by);IGZO IPS LCD, 1B colors, 120Hz, HDR10, Dolby Vision;6.2 inches, 94.4 cm(~81.7% screen-to-body ratio);1440 x 3120 pixels, 19.5:9 ratio (~554 ppi density);Android 9.0 (Pie), upgradable to Android 10;Qualcomm SM8150 Snapdragon 855 (7 nm);Octa-core (1x2.84 GHz Kryo 485 & 3x2.42 GHz Kryo 485 & 4x1.78 GHz Kryo 485);Adreno 640;microSDXC (uses shared SIM slot);128GB 6GB RAM;"12.2 MP, f/1.7, (wide), 1/2.55"", 1.4µm, Dual Pixel PDAF, OIS20 MP, f/2.4, 125˚ (ultrawide), AF, OIS";Dual-LED flash, HDR, panorama;1080p@30fps;16 MP, f/2.0;1080p@30fps;Wi-Fi 802.11 a/b/g/n/ac, dual-band, Wi-Fi Direct;5.0, A2DP, LE;GPS, GLONASS;Yes;No;USB Type-C 3.0;Fingerprint (front-mounted), accelerometer, gyro, proximity, compass;Li-Po 3200 mAh, non-removable;Classic Black;;About 750 EUR;;IPX5/IP6X/IPX8 water/dust resistant (up to 1.5m for 30 min);Corning Gorilla Glass 5;UFS;;24-bit/192kHz audio;;;;;;;;
https://www.gsmarena.com/sharp_aquos_zero-9512.php;https://fdn2.gsmarena.com/vv/bigpic/sharp-aquos-zero.jpg;Sharp Aquos Zero;Released 2019, January;146g, 8.8mm thickness;Android 9.0;128GB storage, no card slot;57;0.5%;504,120 hits;"6.2""";1440x2992 pixels;6 GB RAM;Snapdragon 845;3130 mAh Li-Ion;GSM 850 / 900 / 1800 / 1900;HSDPA 900 / 2100;1, 3, 7, 8, 28, 38;HSPA 42.2/5.76 Mbps, LTE-A (3CA) Cat15 1024/50 Mbps;2019, January;Available. Released 2019, January;154 x 73 x 8.8 mm (6.06 x 2.87 x 0.35 in);146 g (5.15 oz);Glass front (Gorilla Glass 5), aluminum frame;Nano-SIM;OLED, HDR10, Dolby Vision;6.2 inches, 96.9 cm(~86.2% screen-to-body ratio);1440 x 2992 pixels, 18.7:9 ratio (~536 ppi density);Android 9.0 (Pie);Qualcomm SDM845 Snapdragon 845 (10 nm);Octa-core (4x2.6 GHz Kryo 385 Gold & 4x1.7 GHz Kryo 385 Silver);Adreno 630;No;128GB 6GB RAM;22.6 MP, f/1.9, 22 mm, PDAF, OIS;LED flash, HDR, panorama;4K@30fps, 1080p@30fps (gyro-EIS);8 MP, f/2.2, 23 mm;1080p@30fps;Wi-Fi 802.11 a/b/g/n/ac, dual-band, Wi-Fi Direct;5.0, A2DP, LE;GPS, GLONASS, GALILEO, QZSS;Yes;No;USB Type-C 2.0;Fingerprint (rear-mounted), accelerometer, gyro, proximity, compass;Li-Ion 3130 mAh, non-removable;Meteorite Black;;About 600 EUR;;IP68 dust/water resistant (up to 1.5m for 30 min);Corning Gorilla Glass 5;;HDR;24-bit/192kHz audio;;;;;;;;
https://www.gsmarena.com/sharp_aquos_r2_compact-9406.php;https://fdn2.gsmarena.com/vv/bigpic/sharp-aquos-r2-compact-.jpg;Sharp Aquos R2 compact;Released 2019, January;135g, 9.3mm thickness;Android 9.0;64GB storage, microSDXC;105;0.5%;647,640 hits;"5.2""";1080x2280 pixels;4 GB RAM;Snapdragon 845;2500 mAh Li-Ion;GSM 850 / 900 / 1800 / 1900;HSDPA 800 / 850 / 900 / 2100;1, 3, 5, 8, 11, 12, 17, 19, 26, 28, 41, 42;HSPA, LTE;2018, November;Available. Released 2019, January;131 x 64 x 9.3 mm (5.16 x 2.52 x 0.37 in);135 g (4.76 oz);Glass front (Gorilla Glass 3), plastic back, aluminum frame;Nano-SIM;IGZO IPS LCD, 120Hz, HDR10;5.2 inches, 67.5 cm(~80.5% screen-to-body ratio);1080 x 2280 pixels, 19:9 ratio (~485 ppi density);Android 9.0 (Pie);Qualcomm SDM845 Snapdragon 845 (10 nm);Octa-core (4x2.6 GHz Kryo 385 Gold & 4x1.7 GHz Kryo 385 Silver);Adreno 630;microSDXC (dedicated slot);64GB 4GB RAM;22.6 MP, f/1.9, 22 mm, PDAF, OIS;LED flash, HDR, panorama;4K@30fps, 1080p@30fps (gyro-EIS);8 MP, f/2.2, 23 mm;1080p@30fps;Wi-Fi 802.11 a/b/g/n/ac, dual-band, Wi-Fi Direct;5.0, A2DP, LE;GPS, GLONASS, GALILEO, QZSS;Yes;No;USB Type-C 2.0;Fingerprint (front-mounted), accelerometer, gyro, proximity, compass;Li-Ion 2500 mAh, non-removable;Smokey Green, Deep White, Pure Black;SH-M09;;;IP68 dust/water resistant (up to 1.5m for 30 min);Corning Gorilla Glass 3;;;24-bit/192kHz audio;;;;;;;;
https://www.gsmarena.com/sharp_aquos_d10-9311.php;https://fdn2.gsmarena.com/vv/bigpic/sharp-aquos-d10-.jpg;Sharp Aquos D10;Released 2018, October;165g, 8mm thickness;Android 8.0, Sharp UI;64GB storage, microSDXC;12;0.1%;228,902 hits;"5.99""";1080x2160 pixels;4 GB RAM;Snapdragon 630;2900 mAh Li-Ion;GSM 850 / 900 / 1800 / 1900;HSDPA 850 / 900 / 1900 / 2100;1, 3, 5, 7, 8, 20;HSPA 14.4/5.76 Mbps, LTE Cat4 150/50 Mbps;2018, August;Available. Released 2018, October;148.2 x 74.2 x 8 mm (5.83 x 2.92 x 0.31 in);165 g (5.82 oz);;Hybrid Dual SIM (Nano-SIM, dual stand-by);IPS LCD;5.99 inches, 92.6 cm(~84.2% screen-to-body ratio);1080 x 2160 pixels, 18:9 ratio (~403 ppi density);Android 8.0 (Oreo), Sharp UI;Qualcomm SDM630 Snapdragon 630 (14 nm);Octa-core (4x2.6 GHz Cortex-A53 & 4x1.8 GHz Cortex A53);Adreno 508;microSDXC (uses shared SIM slot);64GB 4GB RAM;"12 MP, f/1.8, 1/2.55"", 1.4µm, PDAF13 MP, 1/3.4"", 1.0µm";Dual-LED dual-tone flash, panorama, HDR;4K@30fps, 1080p@30fps;"16 MP, f/2.0, (wide), 1/3.06"", 1.0µm";1080p@30fps;Wi-Fi 802.11 a/b/g/n/ac, dual-band, Wi-Fi Direct;4.0, A2DP, LE;GPS, GLONASS, GALILEO;Yes;FM radio;USB Type-C 2.0, OTG;Fingerprint (front-mounted), accelerometer, gyro, proximity, compass;Li-Ion 2900 mAh, non-removable;Black;SH-D01;About 400 EUR;;;Corning Gorilla Glass 3;;;;;;;;;;;
https://www.gsmarena.com/sharp_aquos_b10-9275.php;https://fdn2.gsmarena.com/vv/bigpic/sharp-aquous-b10-.jpg;Sharp Aquos B10;Released 2018, July;175g, 8.8mm thickness;Android 7.0, Sharp UI;32GB storage, microSDXC;9;0.1%;161,088 hits;"5.7""";720x1440 pixels;3 GB RAM;MT6750T;4000 mAh Li-Ion;GSM 850 / 900 / 1800 / 1900;HSDPA 850 / 900 / 1900 / 2100;1, 3, 5, 7, 8, 20;HSPA 14.4/5.76 Mbps, LTE Cat4 150/50 Mbps;2018, July;Available. Released 2018, July;153.5 x 71.9 x 8.8 mm (6.04 x 2.83 x 0.35 in);175 g (6.17 oz);;Hybrid Dual SIM (Nano-SIM/Micro-SIM, dual stand-by);TFT;5.7 inches, 83.8 cm(~76.0% screen-to-body ratio);720 x 1440 pixels, 18:9 ratio (~282 ppi density);Android 7.0 (Nougat), Sharp UI;Mediatek MT6750T (28 nm);Octa-core (4x1.5 GHz Cortex-A53 & 4x1.2 GHz Cortex-A53);Mali-T860MP2;microSDXC (uses shared SIM slot);32GB 3GB RAM;13 MP, f/2.0, AF8 MP;LED flash, panorama, HDR;1080p@30fps;13 MP, f/2.2;1080p@30fps;Wi-Fi 802.11 b/g/n, Wi-Fi Direct;4.0, A2DP;GPS;Yes;Stereo FM radio, RDS;microUSB 2.0, OTG;Fingerprint (rear-mounted), accelerometer, proximity;Li-Ion 4000 mAh, non-removable;Black;SH-A01;About 300 EUR;;;Corning Gorilla Glass (unspecified version);eMMC 5.1;;;0.47 W/kg (head);;;;;;;
https://www.gsmarena.com/sharp_aquos_c10-9274.php;https://fdn2.gsmarena.com/vv/bigpic/sharp-aquous-c10-.jpg;Sharp Aquos C10;Released 2018, July;140g, 7.9mm thickness;Android 8.0, Sharp UI;64GB storage, microSDXC;21;0.1%;263,673 hits;"5.5""";1080x2040 pixels;4 GB RAM;Snapdragon 630;2700 mAh Li-Ion;GSM 850 / 900 / 1800 / 1900;HSDPA 850 / 900 / 1900 / 2100;1, 3, 7, 8, 20;HSPA 42.2/11.5 Mbps, LTE Cat4 150/50 Mbps;2018, July;Available. Released 2018, July;141.8 x 72 x 7.9 mm (5.58 x 2.83 x 0.31 in);140 g (4.94 oz);Glass front (Gorilla Glass), glass back, aluminum frame;Hybrid Dual SIM (Nano-SIM, dual stand-by);IPS LCD;5.5 inches, 80.7 cm(~79.0% screen-to-body ratio);1080 x 2040 pixels, 17:9 ratio (~420 ppi density);Android 8.0 (Oreo), Sharp UI;Qualcomm SDM630 Snapdragon 630 (14 nm);Octa-core (4x2.2 GHz Cortex-A53 & 4x1.8 GHz Cortex A53);Adreno 508;microSDXC (uses shared SIM slot);64GB 4GB RAM;"12 MP, f/1.8, 1/2.55"", 1.4µm, PDAF8 MP, f/2.0, 1/3.2"", 1.4µm";Dual-LED dual-tone flash, panorama, HDR;1080p@30fps;"8 MP, f/2.0, 1/3.2"", 1.4µm";1080p@30fps;Wi-Fi 802.11 a/b/g/n/ac, dual-band, Wi-Fi Direct;5.0, A2DP, LE;GPS, GLONASS, GALILEO;Yes;FM radio;USB Type-C 2.0, OTG;Fingerprint (front-mounted), accelerometer, gyro, proximity, compass;Li-Ion 2700 mAh, non-removable;Black;;About 400 EUR;;;Corning Gorilla Glass (unspecified version);;1080p@30fps;;0.35 W/kg (head);;;;;;;
https://www.gsmarena.com/sharp_aquos_s3_high-9233.php;https://fdn2.gsmarena.com/vv/bigpic/sharp-aquos-s3-1.jpg;Sharp Aquos S3 High;Released 2018, July;167.4g, 8mm thickness;Android 8.0;64GB storage, microSDXC;24;0.1%;195,437 hits;"6.0""";1080x2160 pixels;8 GB RAM;Snapdragon 660;3200 mAh Li-Ion;GSM 850 / 900 / 1800 / 1900;HSDPA 850 / 900 / 1900 / 2100;1, 3, 4, 5, 7, 8, 12, 17, 28, 34, 38, 39, 40, 41;HSPA 42.2/5.76 Mbps, LTE-A (2CA) Cat6 300/50 Mbps;2018, June;Available. Released 2018, July;148.2 x 74.2 x 8 mm (5.83 x 2.92 x 0.31 in);167.4 g (5.93 oz);;Hybrid Dual SIM (Nano-SIM, dual stand-by);IGZO IPS LCD;6.0 inches, 92.9 cm(~84.5% screen-to-body ratio);1080 x 2160 pixels, 18:9 ratio (~402 ppi density);Android 8.0 (Oreo);Qualcomm SDM660 Snapdragon 660 (14 nm);Octa-core (4x2.2 GHz Kryo 260 Gold & 4x1.8 GHz Kryo 260 Silver);Adreno 512;microSDXC (uses shared SIM slot);64GB 8GB RAM;"12 MP, f/1.8, 1/2.55"", 1.4µm, dual pixel PDAF13 MP, 2x optical zoom";Dual-LED dual-tone flash, HDR, panorama;1080p@30fps;"16 MP, f/2.0, (wide), 1/3.06"", 1.0µm";1080p@30fps;Wi-Fi 802.11 a/b/g/n/ac, dual-band, Wi-Fi Direct;5.0, A2DP, LE;GPS, GLONASS;Yes;No;USB Type-C 2.0, OTG;Fingerprint (front-mounted), accelerometer, gyro, proximity, compass;Li-Ion 3200 mAh, non-removable;Black, Gold;;About 400 EUR;;;;eMMC 5.1;;;;;;;;;;
https://www.gsmarena.com/sharp_aquos_r2-9193.php;https://fdn2.gsmarena.com/vv/bigpic/sharp-aquos-r2.jpg;Sharp Aquos R2;Released 2018, May;181g, 9mm thickness;Android 8.0, up to Android 10;64GB storage, microSDXC;61;2.2%;993,276 hits;"6.0""";1440x3040 pixels;4 GB RAM;Snapdragon 845;3130 mAh Li-Ion;GSM 850 / 900 / 1800 / 1900;HSDPA 850 / 900 / 1900 / 2100;1, 3, 5, 8, 11, 12, 17, 19, 26, 28, 41, 42;HSPA, LTE;2018, May;Available. Released 2018, May;156 x 74 x 9 mm (6.14 x 2.91 x 0.35 in);181 g (6.38 oz);;Hybrid Dual SIM (Nano-SIM, dual stand-by);IGZO IPS LCD;6.0 inches, 89.9 cm(~77.8% screen-to-body ratio);1440 x 3040 pixels, 19:9 ratio (~561 ppi density);Android 8.0 (Oreo), upgradable to Android 10;Qualcomm SDM845 Snapdragon 845 (10 nm);Octa-core (4x2.6 GHz Kryo 385 Gold & 4x1.7 GHz Kryo 385 Silver);Adreno 630;microSDXC (uses shared SIM slot);64GB 4GB RAM;22.6 MP, PDAF16.3 MP, PDAF (for video recording only);LED flash, HDR, panorama;4K@30fps (dedicated video camera);16.3 MP;;Wi-Fi 802.11 a/b/g/n/ac, dual-band, Wi-Fi Direct;5.0, A2DP, LE;GPS, GLONASS;Yes;No;USB Type-C 2.0;Fingerprint (front-mounted), accelerometer, gyro, proximity, compass;Li-Ion 3130 mAh, non-removable;Black, White;706SH, SHV42;About 350 EUR;;IPX5/IPX8/IP6X;;;;;;;;;;;;
https://www.gsmarena.com/sharp_aquos_s3-9138.php;https://fdn2.gsmarena.com/vv/bigpic/sharp-aquos-s3-1.jpg;Sharp Aquos S3;Released 2018, April;165.4g, 8mm thickness;Android 8.0;64GB storage, microSDXC;30;0.2%;361,977 hits;"6.0""";1080x2160 pixels;6 GB RAM;Snapdragon 630;3200 mAh Li-Ion;GSM 850 / 900 / 1800 / 1900;HSDPA 850 / 900 / 1900 / 2100;1, 3, 4, 5, 7, 8, 12, 17, 28, 34, 38, 39, 40, 41;HSPA 42.2/5.76 Mbps, LTE-A (2CA) Cat6 300/50 Mbps;2018, March;Available. Released 2018, April;148.2 x 74.2 x 8 mm (5.83 x 2.92 x 0.31 in);165.4 g (5.82 oz);;Hybrid Dual SIM (Nano-SIM, dual stand-by);IGZO IPS LCD;6.0 inches, 92.9 cm(~84.5% screen-to-body ratio);1080 x 2160 pixels, 18:9 ratio (~402 ppi density);Android 8.0 (Oreo);Qualcomm SDM630 Snapdragon 630 (14 nm);Octa-core 2.2 GHz Cortex-A53;Adreno 508;microSDXC (uses shared SIM slot);64GB 6GB RAM;"12 MP, f/1.8, 1/2.55"", 1.4µm, dual pixel PDAF13 MP, 2x optical zoom";Dual-LED dual-tone flash, HDR, panorama;1080p@30fps;"16 MP, f/2.0, (wide), 1/3.06"", 1.0µm";1080p@30fps;Wi-Fi 802.11 a/b/g/n/ac, dual-band, Wi-Fi Direct;5.0, A2DP, LE;GPS, GLONASS;Yes;No;USB Type-C 2.0, OTG;Fingerprint (rear-mounted), accelerometer, gyro, proximity, compass;Li-Ion 3200 mAh, non-removable;Black,Blue, Gold;FS8032;About 400 EUR;;;;;;;;;;;;;;
https://www.gsmarena.com/sharp_aquos_s3_mini-8822.php;https://fdn2.gsmarena.com/vv/bigpic/sharp-aquos-s3-mini.jpg;Sharp Aquos S3 mini;Released 2018, March;140g, 7.8mm thickness;Android 7.1.1;64GB storage, microSDXC;85;0.1%;495,068 hits;"5.5""";1080x2040 pixels;6 GB RAM;Snapdragon 630;3020 mAh Li-Ion;GSM 850 / 900 / 1800 / 1900;HSDPA 850 / 900 / 1900 / 2100;1, 3, 5, 8, 11, 12, 17, 19, 26, 28, 41, 42;HSPA, LTE;2018, March;Available. Released 2018, March;142.7 x 73 x 7.8 mm (5.62 x 2.87 x 0.31 in);140 g (4.94 oz);Glass front, glass back, aluminum frame;Hybrid Dual SIM (Nano-SIM, dual stand-by);IGZO IPS LCD;5.5 inches, 80.7 cm(~77.5% screen-to-body ratio);1080 x 2040 pixels, 17:9 ratio (~420 ppi density);Android 7.1.1 (Nougat);Qualcomm SDM630 Snapdragon 630 (14 nm);Octa-core 2.2 GHz Cortex-A53;Adreno 508;microSDXC (uses shared SIM slot);64GB 6GB RAM;16 MP, f/2.0, PDAF;LED flash, HDR, panorama;1080p@30fps;"20 MP, f/2.0, (wide), 1/3"", 0.9µm";1080p@30fps;Wi-Fi 802.11 b/g/n, Wi-Fi Direct;4.2, A2DP, LE;GPS;No;No;USB Type-C 2.0, OTG;Fingerprint (front-mounted), accelerometer, gyro, proximity, compass;Li-Ion 3020 mAh, non-removable;Black,Blue, Gold;;About 250 EUR;;;;;;;;;;;;;;
https://www.gsmarena.com/sharp_pi-9060.php;https://fdn2.gsmarena.com/vv/bigpic/sharp-pi.jpg;Sharp Pi;Released 2018, March;;Android 7.0;16GB storage, microSDXC;4;0.1%;166,017 hits;"5.2""";720x1280 pixels;2 GB RAM;MT6737M;3000 mAh Li-Ion;GSM 850 / 900 / 1800 / 1900 - SIM 1 & SIM 2;HSDPA 850 / 900 / 1900 / 2100;1, 3, 5, 7, 8, 40;HSPA 42.2/5.76 Mbps, LTE Cat4 150/50 Mbps;2018, February;Available. Released 2018, March;-;-;;Dual SIM (Nano-SIM, dual stand-by);IPS LCD;5.2 inches, 74.5 cm;720 x 1280 pixels, 16:9 ratio (~282 ppi density);Android 7.0 (Nougat);Mediatek MT6737M (28 nm);Quad-core 1.3 GHz Cortex-A53;Mali-T720;microSDXC;16GB 2GB RAM;13 MP, f/2.2, AF2 MP, (depth);LED flash, panorama, HDR;1080p@30fps;8 MP;;Wi-Fi 802.11 b/g/n, Wi-Fi Direct;4.0, A2DP;GPS;No;FM radio;microUSB 2.0, OTG;Fingerprint (front-mounted), accelerometer, proximity;Li-Ion 3000 mAh battery;White/Gold, black;;About 110 EUR;;;Scratch-resistant glass;eMMC 5.0;;;;;;;;;;
https://www.gsmarena.com/sharp_r1s-9059.php;https://fdn2.gsmarena.com/vv/bigpic/sharp-r1s1.jpg;Sharp R1S;Released 2018, March;;Android 7.0;32GB storage, microSDXC;9;0.1%;190,065 hits;"5.5""";720x1280 pixels;3 GB RAM;MT6750;5000 mAh Li-Ion;GSM 850 / 900 / 1800 / 1900 - SIM 1 & SIM 2;HSDPA 850 / 900 / 1900 / 2100;1, 3, 5, 7, 8, 40;HSPA, LTE;2018, February;Available. Released 2018, March;-;-;;Hybrid Dual SIM (Nano-SIM, dual stand-by);IPS LCD;5.5 inches, 83.4 cm;720 x 1280 pixels, 16:9 ratio (~267 ppi density);Android 7.0 (Nougat);Mediatek MT6750 (28 nm);Octa-core (4x1.5 GHz Cortex-A53 & 4x1.0 GHz Cortex-A53);Mali-T860MP2;microSDXC (uses shared SIM slot);32GB 3GB RAM;13 MP, f/2.0, AF5 MP, f/2.4, (depth);Dual-LED dual-tone flash, panorama, HDR;1080p@30fps;5 MP, f/2.4;;Wi-Fi 802.11 b/g/n;4.2, A2DP, LE;GPS;No;FM radio;microUSB 2.0, OTG;Fingerprint (front-mounted), accelerometer, proximity;Li-Ion 5000 mAh, non-removable;Black;FS8028, FS8014;About 170 EUR;;;;eMMC 5.1;;;;;;;;;;
https://www.gsmarena.com/sharp_aquos_s2-8797.php;https://fdn2.gsmarena.com/vv/bigpic/sharp-aquos-s2.jpg;Sharp Aquos S2;Released 2017, August;140g, 7.9mm thickness;Android 7.1.1;64GB/128GB storage, microSDXC;117;0.1%;922,871 hits;"5.5""";1080x2040 pixels;4/6 GB RAM;Snapdragon 630;3020 mAh Li-Po;GSM 850 / 900 / 1800 / 1900;HSDPA 850 / 900 / 1900 / 2100;1, 3, 4, 5, 7, 8, 12, 28, 39, 40, 41;HSPA 42.2/5.76 Mbps, LTE-A (2CA) Cat6 300/50 Mbps;2017, August;Available. Released 2017, August;141.8 x 72 x 7.9 mm (5.58 x 2.83 x 0.31 in);140 g (4.94 oz);Glass front (Gorilla Glass), glass back, aluminum frame;Hybrid Dual SIM (Nano-SIM, dual stand-by);IPS LCD;5.5 inches, 80.7 cm(~79.0% screen-to-body ratio);1080 x 2040 pixels, 17:9 ratio (~420 ppi density);Android 7.1.1 (Nougat);Qualcomm SDM630 Snapdragon 630 (14 nm) - 64/4GBQualcomm SDM660 Snapdragon 660 (14 nm) - 128/6GB;Octa-core (4x2.2 GHz Cortex-A53 & 4x1.8 GHz Cortex A53) - 64/4GBOcta-core (4x2.2 GHz Kryo 260 Gold & 4x1.8 GHz Kryo 260 Silver) - 128/6GB;Adreno 508 - 64/4GBAdreno 512 - 128/6GB;microSDXC (uses shared SIM slot);64GB 4GB RAM, 128GB 6GB RAM;"12 MP, f/1.8, 1/2.55"", 1/3.2"", 1.4µm, dual pixel PDAF8 MP";Dual-LED dual-tone flash, panorama, HDR;1080p@30fps;"8 MP, f/2.0, 1/3.2"", 1.4µm";;Wi-Fi 802.11 a/b/g/n/ac, dual-band, Wi-Fi Direct;4.2, A2DP, LE;GPS, GLONASS, BDS;Yes;No;USB Type-C, OTG;Fingerprint (front-mounted), accelerometer, gyro, proximity, compass;Li-Po 3020 mAh, non-removable;White, Black, Blue, Green;FS8010;About 450 EUR;;;Corning Gorilla Glass (unspecified version);eMMC 5.1;;;;GeekBench: 4046 (v4.4)GFXBench: 5.6fps (ES 3.1 onscreen);;;;;;
https://www.gsmarena.com/sharp_z3-8787.php;https://fdn2.gsmarena.com/vv/bigpic/sharp-z3.jpg;Sharp Z3;Released 2017, April;185g, 7.8mm thickness;Android 7.0;64GB storage, microSDXC;16;N/A;188,446 hits;"5.7""";1440x2560 pixels;4 GB RAM;Snapdragon 652;3100 mAh Li-Ion;GSM 850 / 900 / 1800 / 1900;HSDPA 850 / 900 / 1900 / 2100;1, 3, 5, 7, 8, 28, 38, 39, 40, 41;HSPA, LTE;2017, April;Available. Released 2017, April;157 x 78.5 x 7.8 mm (6.18 x 3.09 x 0.31 in);185 g (6.53 oz);;Hybrid Dual SIM (Nano-SIM, dual stand-by);IPS LCD;5.7 inches, 89.6 cm(~72.7% screen-to-body ratio);1440 x 2560 pixels, 16:9 ratio (~515 ppi density);Android 7.0 (Nougat);Qualcomm MSM8976 Snapdragon 652 (28 nm);Octa-core (4x1.8 GHz Cortex-A72 & 4x1.4 GHz Cortex-A53);Adreno 510;microSDXC (uses shared SIM slot);64GB 4GB RAM;16 MP, f/2.0, PDAF, OIS;Dual-LED flash, panorama, HDR;1080p@30fps;13 MP, f/1.8, PDAF;;Wi-Fi 802.11 a/b/g/n/ac, dual-band, Wi-Fi Direct;4.0, A2DP, LE;GPS;No;FM radio;microUSB 2.0;Fingerprint (front-mounted), accelerometer, gyro, proximity, compass;Li-Ion 3100 mAh, non-removable;Champagne Gold;Z3, FS8009;About 380 EUR;;;Corning Gorilla Glass (unspecified version);eMMC 5.1;;24-bit/192kHz audio;;;;;;;;
https://www.gsmarena.com/sharp_z2-8410.php;https://fdn2.gsmarena.com/vv/bigpic/sharp-z2.jpg;Sharp Z2;Released 2016, October;160g, 8.4mm thickness;Android 6.0;32GB storage, microSDXC;22;0.1%;396,983 hits;"5.5""";1080x1920 pixels;4 GB RAM;Helio X20;3000 mAh Li-Ion;GSM 850 / 900 / 1800 / 1900;HSDPA 850 / 900 / 1900 / 2100;LTE (unspecified);HSPA, LTE;2016, October. Released 2016, October;Discontinued;153 x 76 x 8.4 mm (6.02 x 2.99 x 0.33 in);160 g (5.64 oz);;Hybrid Dual SIM (Nano-SIM, dual stand-by);IPS LCD;5.5 inches, 83.4 cm(~71.7% screen-to-body ratio);1080 x 1920 pixels, 16:9 ratio (~401 ppi density);Android 6.0 (Marshmallow);Mediatek MT6797 Helio X20 (20 nm);Deca-core (2x2.3GHz Cortex-A72, 4x2.0GHz Cortex-A53, 4x1.4GHz Cortex-A53);Mali-T880 MP4;microSDXC (uses shared SIM slot);32GB 4GB RAM;16 MP, PDAF;LED flash, panorama, HDR;1080p@30fps;8 MP;;Wi-Fi 802.11 a/b/g/n;4.1, A2DP, LE;GPS, GLONASS;No;FM radio;USB Type-C;Fingerprint (rear-mounted), accelerometer, gyro, proximity, compass;Li-Ion 3000 mAh, non-removable;Silver, Gold;FS8002;About 330 EUR;;;Corning Gorilla Glass (unspecified version);;;;;;;;;;;
https://www.gsmarena.com/sharp_ms1-8409.php;https://fdn2.gsmarena.com/vv/bigpic/sharp-ms1.jpg;Sharp MS1;Released 2016, October;151g, 7.6mm thickness;Android 6.0;64GB storage, microSDXC;11;0.1%;289,597 hits;"5.5""";1080x1920 pixels;3 GB RAM;MT6753;2600 mAh Li-Ion;GSM 850 / 900 / 1800 / 1900;HSDPA 850 / 900 / 1900 / 2100;LTE (unspecified);HSPA, LTE;2016, October. Released 2016, October;Discontinued;155 x 76.9 x 7.6 mm (6.10 x 3.03 x 0.30 in);151 g (5.33 oz);;Hybrid Dual SIM (Nano-SIM, dual stand-by);IPS LCD;5.5 inches, 83.4 cm(~70.0% screen-to-body ratio);1080 x 1920 pixels, 16:9 ratio (~401 ppi density);Android 6.0 (Marshmallow);Mediatek MT6753 (28 nm);Octa-core 1.3 GHz Cortex-A53;Mali-T720MP3;microSDXC (uses shared SIM slot);64GB 3GB RAM;13 MP, AF;LED flash, panorama, HDR;1080p@30fps;13 MP;;Wi-Fi 802.11 a/b/g/n;4.1, A2DP, LE;GPS;No;FM radio;microUSB 2.0;Accelerometer, proximity, compass;Li-Ion 2600 mAh, non-removable;Hanayome White, Pure Pink;FS8001;About 240 EUR;;;Corning Gorilla Glass (unspecified version);;;;;;;;;;;
https://www.gsmarena.com/sharp_aquos_xx-7252.php;https://fdn2.gsmarena.com/vv/bigpic/sharp-aquos-xx.jpg;Sharp Aquos Xx;Released 2015, July;168g, 8.7mm thickness;Android 5.0;32GB storage, microSDXC;101;0.1%;1,049,830 hits;"5.7""";1080x1920 pixels;3 GB RAM;Snapdragon 810;3000 mAh Li-Ion;GSM 900 / 1800 / 1900;HSDPA 900 / 2100;LTE 900 / 1700 / 2100 / 2500;HSPA 42.2/5.76 Mbps, LTE-A (2CA) Cat6 300/50 Mbps;2015, May. Released 2015, July;Discontinued;146 x 79 x 8.7 mm (5.75 x 3.11 x 0.34 in);168 g (5.93 oz);;Nano-SIM;S-PureLED;5.7 inches, 89.6 cm(~77.7% screen-to-body ratio);1080 x 1920 pixels, 16:9 ratio (~386 ppi density);Android 5.0 (Lollipop);Qualcomm MSM8994 Snapdragon 810 (20 nm);Octa-core (4x1.5 GHz Cortex-A53 & 4x2.0 GHz Cortex-A57);Adreno 430;microSDXC (dedicated slot);32GB 3GB RAM;13 MP, AF;LED flash, panorama, HDR;4K@30fps, 1080p@120fps, 480p@210fps;2.1 MP;1080p@30fps;Wi-Fi 802.11 a/b/g/n/ac, dual-band, hotspot;4.1, A2DP;GPS;Yes;No;microUSB 2.0;Accelerometer, gyro, proximity, compass;Li-Ion 3000 mAh, non-removable;Black, White, Red;304SH, 404SH;About 340 EUR;;Splash resistant;;eMMC 5.0;;Direct Wave Receiver;;;Up to 410 h (2G) / Up to 450 h (3G);Up to 11 h 30 min (2G) / Up to 22 h 30 min (3G);;;;
https://www.gsmarena.com/sharp_aquos_crystal_2-7251.php;https://fdn2.gsmarena.com/vv/bigpic/sharp-aquos-crystal-2.jpg;Sharp Aquos Crystal 2;Released 2015, July;154g, 11mm thickness;Android 5.0;16GB storage, microSDXC;61;0.1%;921,894 hits;"5.2""";720x1280 pixels;2 GB RAM;Snapdragon 400;2030 mAh Li-Ion;GSM 900 / 1800 / 1900;HSDPA 900 / 2100;1, 3, 8, 42;HSPA, LTE;2015, May. Released 2015, July;Discontinued;136 x 71 x 11 mm (5.35 x 2.80 x 0.43 in);154 g (5.43 oz);Glass front, plastic back, plastic frame;Nano-SIM;S-PureLED;5.2 inches, 74.5 cm(~77.2% screen-to-body ratio);720 x 1280 pixels, 16:9 ratio (~282 ppi density);Android 5.0 (Lollipop);Qualcomm MSM8926 Snapdragon 400 (28 nm);Quad-core 1.2 GHz Cortex-A7;Adreno 305;microSDXC (dedicated slot);16GB 2GB RAM;8 MP, AF;LED flash, panorama, HDR;1080p@30fps;2.1 MP;;Wi-Fi 802.11 b/g;4.0, A2DP;GPS;Yes;No;microUSB 2.0;Accelerometer, proximity, compass;Li-Ion 2030 mAh, non-removable;Black, White, Red, Blue;403SH;About 300 EUR;;Splash resistant;;eMMC 4.5;;Direct Wave Receiver;;;;;;;;
https://www.gsmarena.com/sharp_aquos_crystal-6590.php;https://fdn2.gsmarena.com/vv/bigpic/sharp-aquos-crystal.jpg;Sharp Aquos Crystal;Released 2014, August;141g, 10mm thickness;Android 4.4.2;8GB storage, microSDXC;97;0.2%;2,806,072 hits;"5.0""";720x1280 pixels;1.5 GB RAM;Snapdragon 400;2040 mAh Li-Ion;CDMA 800 / 1900;CDMA2000 1xEV-DO;25, 26, 41;EV-DO Rev.A 3.1 Mbps, LTE;2014, August. Released 2014, August;Discontinued;131 x 67 x 10 mm (5.16 x 2.64 x 0.39 in);141 g (4.97 oz);Glass front, plastic back, plastic frame;Micro-SIM;TFT;5.0 inches, 68.9 cm(~78.5% screen-to-body ratio);720 x 1280 pixels, 16:9 ratio (~294 ppi density);Android 4.4.2 (KitKat);Qualcomm MSM8926 Snapdragon 400 (28 nm);Quad-core 1.2 GHz Cortex-A7;Adreno 305;microSDXC (dedicated slot);8GB 1.5GB RAM;8 MP, AF;LED flash, panorama, HDR;1080p@30fps;1.2 MP;;Wi-Fi 802.11 b/g/n, hotspot;4.0, A2DP, LE;GPS;No;No;microUSB 2.0;Accelerometer, proximity, compass;Li-Ion 2040 mAh, non-removable;Black, White;305SH, 306SH, SH825Wi;About 180 EUR;;;;eMMC 4.5;;Tuned by Harman KardonDirect Wave Receiver;;;;Up to 13 h;;;;
https://www.gsmarena.com/sharp_sh530u-5056.php;https://fdn2.gsmarena.com/vv/bigpic/sharp-sh530u.jpg;Sharp SH530U;Released 2012, October;168.8g, 9.9mm thickness;Android 4.0;20GB storage, microSDHC;11;N/A;332,777 hits;"5.0""";480x800 pixels;512 MB RAM;MT6577;1950 mAh Li-Ion;GSM 850 / 900 / 1800 / 1900 - SIM 1 & SIM 2;HSDPA 900 / 2100 - SIM 1 only;;HSPA 7.2/5.76 Mbps;2012, October. Released 2012, October;Discontinued;146.5 x 81 x 9.9 mm (5.77 x 3.19 x 0.39 in);168.8 g (5.93 oz);;Dual SIM (Mini-SIM, dual stand-by);TFT;5.0 inches, 71.2 cm(~60.0% screen-to-body ratio);480 x 800 pixels, 5:3 ratio (~187 ppi density);Android 4.0 (Ice Cream Sandwich);Mediatek MT6577 (40 nm);Dual-core 1.0 GHz Cortex-A9;PowerVR SGX531u;microSDHC (dedicated slot);20GB 512MB RAM;5 MP, AF;;Yes;VGA;;Wi-Fi 802.11 b/g/n, hotspot;4.0, A2DP;GPS;No;No;microUSB 2.0;Accelerometer, proximity, compass;Li-Ion 1950 mAh, removable;Snowy White, Cherry Red;;About 320 EUR;;;;;;;;;Up to 560 h;Up to 9 h;MP3/AAC+/WAV/WMA playerMP4/Xvid/DivX/H.264/WMV playerDocument viewer/editorPhoto viewer;;;
https://www.gsmarena.com/sharp_se_02-4632.php;https://fdn2.gsmarena.com/vv/bigpic/sharp-se-02.jpg;Sharp SE-02;Released 2012;88.5g, 12mm thickness;Feature phone;128MB ROM storage, microSDHC slot;8;N/A;141,545 hits;"2.8""";240x400 pixels;64 MB RAM;;1240 mAh Li-Ion;GSM 850 / 900 / 1800 / 1900;;;;2012;Discontinued;107 x 52 x 12 mm (4.21 x 2.05 x 0.47 in);88.5 g (3.10 oz);;Mini-SIM;TFT, 256K colors;2.8 inches, 22.3 cm(~40.1% screen-to-body ratio);240 x 400 pixels, 5:3 ratio (~167 ppi density);;;;;microSDHC (dedicated slot), 1 GB included;128MB ROM, 64MB RAM;3.15 MP;;480p;No;;No;2.1, A2DP;;;FM radio;microUSB 2.0;Accelerometer;Removable Li-Ion 1240 mAh battery;Black, red;;;;;;;;;;;Up to 315 h;Up to 5 h 30 min;ISDB-T Digital TV tunerSNS applicationsMP3/AAC+/WAV playerMP4/H.263 playerOrganizerDocument viewerVoice memoPredictive text input;Yes;Yes;
https://www.gsmarena.com/sharp_aquos_sh80f-4207.php;https://fdn2.gsmarena.com/vv/bigpic/orange-sharp-AQUOS-PHONE-SH80F.jpg;Sharp Aquos SH80F;Released 2011, October;135g, 11.9mm thickness;Android 2.3;2GB 512MB RAM storage, microSDHC slot;13;N/A;427,159 hits;"4.2""";540x960 pixels;512 MB RAM;;1240 mAh Li-Ion;GSM 900 / 1800 / 1900;HSDPA 900 / 2100;;HSPA;2011, September. Released 2011, October;Discontinued;127 x 64 x 11.9 mm (5.0 x 2.52 x 0.47 in);135 g (4.76 oz);;Mini-SIM;3D LCD;4.2 inches, 48.6 cm(~59.8% screen-to-body ratio);540 x 960 pixels, 16:9 ratio (~262 ppi density);Android 2.3 (Gingerbread);;1.0 GHz Scorpion;Adreno 205;microSDHC (dedicated slot);2GB 512MB RAM;8 MP, AF8 MP, AF;LED flash;1080p (2D), 720p (3D);VGA;;Wi-Fi 802.11 b/g/n, DLNA, hotspot;3.0, A2DP, EDR;GPS, A-GPS;;Stereo FM radio, RDS;microUSB 2.0;Accelerometer, proximity, compass;Removable Li-Ion 1240 mAh battery;Black;;About 470 EUR;;;;;;;;;Up to 450 h (2G) / Up to 410 h (3G);Up to 5 h 20 min (2G) / Up to 5 h 20 min (3G);HDMI portMP3/AAC+/WAV/WMA playerMP4/Xvid/H.264/WMV playerOrganizer3D photo viewerDocument viewer/editorVoice memo/dialPredictive text input;;;TapFlow UI
https://www.gsmarena.com/sharp_aquos_sh8298u-4149.php;https://fdn2.gsmarena.com/vv/bigpic/sharp-aquos-sh8298u.jpg;Sharp Aquos SH8298U;Released 2011, September;;Android 2.3.4;2GB 512MB RAM storage, microSDHC slot;10;N/A;214,045 hits;"4.2""";540x960 pixels;512 MB RAM;;1240 mAh Li-Ion;GSM 850 / 900 / 1800 / 1900;HSDPA;;HSPA;2011, September. Released 2011, September;Discontinued;-;-;;Mini-SIM;3D LCD;4.2 inches, 48.6 cm;540 x 960 pixels, 16:9 ratio (~262 ppi density);Android 2.3.4 (Gingerbread);;1.4 GHz Scorpion;Adreno 205;microSDHC (dedicated slot);2GB 512MB RAM;8 MP, AF8 MP, AF;LED flash;Yes;Yes;;Wi-Fi 802.11 b/g/n, DLNA, hotspot;3.0, A2DP, EDR;GPS, A-GPS;;Stereo FM radio, RDS;microUSB 2.0;Accelerometer, proximity, compass;Removable Li-Ion 1240 mAh battery;Black, red, white;;;;;;;;;;;;;MP3/AAC+/WAV/WMA playerMP4/Xvid/H.264/WMV playerOrganizerDocument viewer/editorVoice memo/dialPredictive text input;Yes;Yes;
https://www.gsmarena.com/sharp_fx-3460.php;https://fdn2.gsmarena.com/vv/bigpic/sharp-fx.jpg;Sharp FX;Released 2010, July;141.8g, 15.2mm thickness;Feature phone;80MB storage, microSDHC slot;8;N/A;356,906 hits;"3.0""";400x240 pixels; ;;1240 mAh Li-Ion;GSM 850 / 900 / 1800 / 1900;HSDPA 850 / 1900 / 2100;;HSPA 3.6/0.384 Mbps;2010, July. Released 2010, July;Discontinued;114.3 x 55.9 x 15.2 mm (4.5 x 2.20 x 0.60 in);141.8 g (4.97 oz);;Mini-SIM;TFT, 256K colors;3.0 inches, 25.6 cm(~40.1% screen-to-body ratio);400 x 240 pixels, 5:3 ratio (~155 ppi density);;;;;microSDHC (dedicated slot);80MB;2 MP;;Yes;No;;No;2.1, A2DP;No;;Stereo FM radio;2.0;;Removable Li-Ion 1240 mAh battery;Black;;About 210 EUR;;;;;;;;;Up to 240 h;Up to 3 h;Mobile TVMusic IDMP3/eAAC+ playerMP4/H.263 playerOrganizerVoice memoPredictive text input;;;
https://www.gsmarena.com/sharp_aquos__941sh-3142.php;https://fdn2.gsmarena.com/vv/bigpic/sharp-aquos-941sh.jpg;Sharp AQUOS  941SH;Released 2010, January;130g, 16.6mm thickness;Feature phone;microSDHC slot;13;N/A;317,080 hits;"4.0""";480x1024; ;;1300 mAh Li-Ion;GSM 850 / 900 / 1800 / 1900;HSDPA;;HSPA;2009, October. Released 2010, January;Discontinued;119 x 53 x 16.6 mm (4.69 x 2.09 x 0.65 in);130 g (4.59 oz);;Mini-SIM;TFT resistive touchscreen, 16M colors;4.0 inches, 39.7 cm(~62.9% screen-to-body ratio);480 x 1024 (~283 ppi density);;;;;microSDHC (dedicated slot);;8 MP, AF;LED flash;Yes;;;Wi-Fi 802.11 b/g;2.0, A2DP;GPS, A-GPS;;No;2.0;Accelerometer, proximity;Removable Li-Ion battery;Black, Blue, Red, White;;;;;;;;;;;Up to 310 h (2G) / Up to 350 h (3G);Up to 3 h 40 min (2G) / Up to 3 h 30 min (3G);Digital TV tunerMP3/eAAC+/WAV playerMP4/H.264 playerDocument viewer (Word, Excel, PowerPoint, PDF)OrganizerVoice memo/dial;Class 10;Class 10;
https://www.gsmarena.com/sharp_940sh-3143.php;https://fdn2.gsmarena.com/vv/bigpic/sharp-940sh.jpg;Sharp 940SH;Released 2010, January;130g, 16mm thickness;Feature phone;microSDHC slot;12;N/A;235,285 hits;"3.4""";854x480 pixels; ;;;GSM 850 / 900 / 1800 / 1900;HSDPA;;HSPA;2009, December. Released 2010, January;Discontinued;111 x 51 x 16 mm (4.37 x 2.01 x 0.63 in);130 g (4.59 oz);;Mini-SIM;TFT resistive touchscreen, 16M colors;3.4 inches, 31.9 cm(~56.3% screen-to-body ratio);854 x 480 pixels, 16:9 ratio (~288 ppi density);;;;;microSDHC (dedicated slot);;12 MP;Xenon flash;320p@100fps;;;Wi-Fi 802.11 b/g;2.1, A2DP;GPS, A-GPS;;No;2.0;;Removable Li-Po battery;Black, Blue, Red, White, Brown;;;;;;;;;;;Up to 300 h (2G) / Up to 340 h (3G);Up to 3 h 30 min (2G) / Up to 3 h 20 min (3G);Digital TV tunerMP3/eAAC+/WAV playerMP4/H.264 playerDocument viewer (Word, Excel, PowerPoint, PDF)OrganizerVoice memo/dial;Class 10;Class 10;External hidden display
https://www.gsmarena.com/sharp_936sh-3053.php;https://fdn2.gsmarena.com/vv/bigpic/sharp-936sh.jpg;Sharp 936SH;Released 2009, September;129g, 15.9mm thickness;Feature phone;microSDHC slot;9;N/A;171,702 hits;"3.0""";854x480 pixels; ;;;GSM 900 / 1800 / 1900;HSDPA;;HSPA 3.6/0.384 Mbps;2009, September. Released 2009, September;Discontinued;108 x 50 x 15.9 mm (4.25 x 1.97 x 0.63 in);129 g (4.55 oz);;Mini-SIM;TFT, 16M colors;3.0 inches, 24.8 cm(~45.9% screen-to-body ratio);854 x 480 pixels, 16:9 ratio (~327 ppi density);;;;;microSDHC (dedicated slot);;8 MP, AF;;w480p@30fps;Yes;;No;2.1, A2DP;No;;No;2.0;;Removable Li-Po battery;Navy, White, Green ground;;;;IPX7 splash resistant;;;;;;;Up to 300 h;Up to 4 h;MP3/WAV/eAAC+ playerMP4/H.264 playerOrganizerDocument viewerVoice memo;Class 10;Class 10;
https://www.gsmarena.com/sharp_934sh-3052.php;https://fdn2.gsmarena.com/vv/bigpic/sharp-934sh.jpg;Sharp 934SH;Released 2009, August;129g, 15.9mm thickness;Feature phone;microSDHC slot;7;N/A;137,300 hits;"3.0""";854x480 pixels; ;;;GSM 900 / 1800 / 1900;HSDPA;;HSPA 3.6/0.384 Mbps;2009, August. Released 2009, August;Discontinued;108 x 50 x 15.9 mm (4.25 x 1.97 x 0.63 in);129 g (4.55 oz);;Mini-SIM;TFT, 16M colors;3.0 inches, 24.8 cm(~45.9% screen-to-body ratio);854 x 480 pixels, 16:9 ratio (~327 ppi density);;;;;microSDHC (dedicated slot);;8 MP, AF;;w480p@30fps;Yes;;No;2.1, A2DP;No;;No;2.0;Accelerometer;Removable Li-Po battery;White, Pink, Black, Brown Wood;;;;IPX5 splash resistant;;;;;;;Up to 270 h (2G) / Up to 300 h (3G);Up to 3 h 40 min (2G) / Up to 3 h 50 min (3G);UV sensorMP3/WAV/eAAC+ playerMP4/H.264 playerOrganizerDocument viewerVoice memo;Class 10;Class 10;"External monochrome 3"" display, 456 x 240 pixels"
https://www.gsmarena.com/sharp_930sh-2768.php;https://fdn2.gsmarena.com/vv/bigpic/sharp-930sh.jpg;Sharp 930SH;Released 2008, November;110g, 15.2mm thickness;Feature phone;100MB storage, microSDHC slot;11;N/A;239,177 hits;"3.0""";854x480 pixels; ;;680 mAh Li-Ion;GSM 900 / 1800 / 1900;HSDPA 2100;;HSPA 3.6/0.384 Mbps;2008, October. Released 2008, November;Discontinued;105 x 48 x 15.2 mm (4.13 x 1.89 x 0.60 in);110 g (3.88 oz);;Mini-SIM;TFT, 16M colors;3.0 inches, 24.8 cm(~49.2% screen-to-body ratio);854 x 480 pixels, 16:9 ratio (~327 ppi density);;;;;microSDHC (dedicated slot);100MB;8 MP, AF;;w480p@30fps;Yes;;No;2.0, A2DP;No;;No;2.0;Accelerometer;Removable Li-Ion 680 mAh battery;Black, Blue Green, Pink, White Silver, Silver Violet;;;;;;;;;;;Up to 260 h (2G) / Up to 250 h (3G);Up to 3 h 30 min (2G) / Up to 3 h 10 min (3G);MP3/WAV/eAAC+ playerMP4/H.264 playerOrganizerDocument viewerQR code readerVoice memo;;;External 0.8 inch display, 86x16 pixels
https://www.gsmarena.com/sharp_923sh-2762.php;https://fdn2.gsmarena.com/vv/bigpic/sharp-923sh.jpg;Sharp 923SH;Released 2008 July;132g, 18.6mm thickness;Feature phone;100MB storage, microSDHC slot;10;N/A;174,536 hits;"3.3""";854x480 pixels (Wide-VGA); ;;790 mAh Li-Ion;GSM 900 / 1800 / 1900;HSDPA 2100;;HSPA 3.6/0.384 Mbps;2008, June. Released 2008 July;Discontinued;113 x 50 x 18.6 mm (4.45 x 1.97 x 0.73 in);132 g (4.66 oz);;Mini-SIM;TFT, 16M colors;3.3 inches, 30.0 cm(~53.1% screen-to-body ratio);854 x 480 pixels (Wide-VGA), 16:9 ratio (~297 ppi density);;;;;microSDHC (dedicated slot);100MB;5 MP, AF;;w480p@30fps;Yes;;No;2.0, A2DP;GPS;;No;2.0;Accelerometer, compass;Removable Li-Ion 790 mAh battery;Black, Blue, Pink, White, Purple;;;;Optical trackpad;;;;;;;Up to 310 h (2G) / Up to 310 h (3G);Up to 4 h 20 min (2G) / Up to 3 h 20 min (3G);DVB TunerMP3/eAAC+ playerMP4/ASF/3gp playerPredictive text inputOrganizerVoice memoDocument viewer (Word, Excel, PowerPoint, PDF);;;Swivel and rotate displayExternal 0.6 inch display(86 x 16 pixels)
https://www.gsmarena.com/sharp_825sh-2761.php;https://fdn2.gsmarena.com/vv/bigpic/sharp-825sh.jpg;Sharp 825SH;Released 2008, July;105g, 14.9mm thickness;Feature phone;50MB storage, microSDHC slot;7;N/A;96,007 hits;"2.8""";240x400 pixels; ;;680 mAh Li-Ion;GSM 900 / 1800 / 1900;HSDPA 1900;;HSPA;2008, June. Released 2008, July;Discontinued;102.9 x 48 x 14.9 mm (4.05 x 1.89 x 0.59 in);105 g (3.70 oz);;Mini-SIM;TFT, 16M colors;2.8 inches, 22.3 cm(~45.2% screen-to-body ratio);240 x 400 pixels, 5:3 ratio (~167 ppi density);;;;;microSDHC (dedicated slot);50MB;2 MP, AF;;320p@15fps;Yes;;No;2.0, A2DP;No;;No;2.0;Accelerometer;Removable Li-Ion 680 mAh battery;Black, White, Peach Pink, Rose Red, Lime Green, Lemon Yellow;;;;;;;;;;;Up to 290 h (2G) / Up to 240 h (3G);Up to 3 h 50 min (2G) / Up to 3h 10 min (3G);MP3/eAAC+ playerMP4/ASF/3gp playerDigital TV tuner (1seg)Document viewer (Word, Excel, PowerPoint, PDF)Predictive text inputOrganizerQR code readerVoice memo;;;Shake control
https://www.gsmarena.com/sharp_sx862-2371.php;https://fdn2.gsmarena.com/vv/bigpic/sharp-sx862.jpg;Sharp SX862;Released 2008;120g, 18mm thickness;Feature phone;50MB storage, microSD slot;13;N/A;355,896 hits;"3.2""";854x480 pixels (Wide-VGA); ;;1500 mAh Li-Ion;GSM 900 / 1800 / 1900;HSDPA 2100;;HSPA 3.6/0.384 Mbps;2008, May. Released 2008;Discontinued;110 x 50 x 18 mm (4.33 x 1.97 x 0.71 in);120 g (4.23 oz);;Mini-SIM;TFT, 256K colors;3.2 inches, 28.2 cm(~51.3% screen-to-body ratio);854 x 480 pixels (Wide-VGA), 16:9 ratio (~306 ppi density);;;;;microSD (dedicated slot);50MB;3.15 MP, AF;;480p;Yes;;No;2.0, A2DP;No;;No;2.0;;Removable Li-Ion battery;Black, Silver;;;;;;;;;;;Up to 350 h;Up to 4 h 40 min;MP3/MP4/3gp playerPredictive text inputOrganizerVoice memoDocument viewer (Word, Excel, PowerPoint, PDF);;;Swivel and rotate displayDownloadable wallpapers
https://www.gsmarena.com/sharp_gx18-2335.php;https://fdn2.gsmarena.com/vv/bigpic/sharp-gx18.jpg;Sharp GX18;Released 2008, June;70g, 11.5mm thickness;Feature phone;7MB storage, no card slot;9;N/A;154,137 hits;"1.8""";128x160 pixels; ;;920 mAh Li-Ion;GSM 900 / 1800;;;;2008, March. Released 2008, June;Discontinued;106 x 45 x 11.5 mm (4.17 x 1.77 x 0.45 in);70 g (2.47 oz);;Mini-SIM;TFT, 65K colors;1.8 inches, 10.2 cm(~21.4% screen-to-body ratio);128 x 160 pixels (~114 ppi density);;;;;No;7MB;VGA;;Yes;No;;No;2.0;No;;No;miniUSB;;Removable Li-Ion battery;Crystal Black with Matt Silver;;About 60 EUR;;;;;;;;;Up to 210 h;Up to 7 h 30 min;Video playerPredictive text inputOrganizerVoice recorder;Class 10;No;Downloadable wallpapers and ringtones
https://www.gsmarena.com/sharp_880sh-2099.php;https://fdn2.gsmarena.com/vv/bigpic/sharp-880sh.gif;Sharp 880SH;Released 2007, September;93g, 15mm thickness;Feature phone;50MB storage, microSD slot;9;N/A;247,845 hits;"2.2""";240x320 pixels; ;;1200 mAh Li-Ion;GSM 900 / 1800 / 1900;HSDPA 850 / 1900 / 2100;;HSPA 3.6/0.384 Mbps;2007, September;Discontinued;101 x 47.8 x 15 mm (3.98 x 1.88 x 0.59 in);93 g (3.28 oz);;Mini-SIM;TFT, 256K colors;2.2 inches, 15.0 cm(~31.0% screen-to-body ratio);240 x 320 pixels, 4:3 ratio (~182 ppi density);;;;;microSD (dedicated slot);50MB;2 MP, AF;LED flash;320p;Videocall camera;;No;2.0, A2DP;No;;FM radio;2.0;;Removable Li-Ion (XN-1BT80);Black;;;;;;;;;;;Up to 320 h;Up to 4 h 20 min;MP3/MP3/AAC/AAC+ playerVideo playerPredictive text inputOrganizerVoice recorder;;;Four-way navigationStatus light in 2 colors
https://www.gsmarena.com/sharp_gx34-2184.php;https://fdn2.gsmarena.com/vv/bigpic/sharp-gx34.jpg;Sharp GX34;Released 2007, November;87g, 21mm thickness;Feature phone;9MB storage, microSD slot;10;N/A;115,582 hits;"1.9""";176x220 pixels; ;;1350 mAh Li-Ion;GSM 900 / 1800 / 1900;;;;2007, November. Released 2007, November;Discontinued;93 x 44.6 x 21 mm (3.66 x 1.76 x 0.83 in);87 g (3.07 oz);;Mini-SIM;TFT, 256K colors;1.9 inches, 11.4 cm(~27.4% screen-to-body ratio);176 x 220 pixels (~148 ppi density);;;;;microSD (dedicated slot);9MB;2 MP;;QCIF;No;;No;2.0;No;;No;2.0;;Removable Li-Ion battery;Black;;;;;;;;;;;Up to 250 h;Up to 3 h 30 min;MP3 playerPredictive text inputOrganizerVoice memo (max 10 sec each);Class 10;No;Second external displayFour-way navigationStatus light in 7 colors
https://www.gsmarena.com/sharp_gx33-2058.php;https://fdn2.gsmarena.com/vv/bigpic/sharp-gx33.gif;Sharp GX33;Released 2007, Q3;87g, 21mm thickness;Feature phone;9MB storage, no card slot;8;N/A;132,328 hits;"1.9""";176x220 pixels; ;;930 mAh Li-Ion;GSM 900 / 1800 / 1900;;;;2007, Q3;Discontinued;93 x 44.6 x 21 mm (3.66 x 1.76 x 0.83 in);87 g (3.07 oz);;Mini-SIM;TFT, 256K colors;1.9 inches, 11.4 cm(~27.4% screen-to-body ratio);176 x 220 pixels (~148 ppi density);;;;;No;9MB;VGA;;SQCIF;No;;No;2.0;No;;No;2.0;;Removable Li-Ion battery;Black;;;;;;;;;;;Up to 250 h;Up to 3 h 30 min;MP3 playerPredictive text inputOrganizerVoice memo (max 10 sec each);Class 10;No;Second external displayFour-way navigationStatus light in 7 colors
https://www.gsmarena.com/sharp_705sh-1570.php;https://fdn2.gsmarena.com/vv/bigpic/sharp-705sh.gif;Sharp 705SH;Released 2006, May;104g, 17mm thickness;Feature phone;microSD slot;9;N/A;339,643 hits;"2.2""";240x320 pixels; ;;750 mAh Li-Ion;GSM 900 / 1800 / 1900;UMTS 2100;;Yes, 384 kbps;2006, May;Discontinued;101 x 50 x 17 mm (3.98 x 1.97 x 0.67 in);104 g (3.67 oz);;Mini-SIM;TFT, 256K colors;2.2 inches, 33 x 45 mm, 15.0 cm(~29.7% screen-to-body ratio);240 x 320 pixels, 4:3 ratio (~182 ppi density);;;;;microSD (dedicated slot);;2 MP;;Yes;CIF videocall camera;;No;Yes;No;;No;Proprietary;;Removable Li-Ion battery;Gold, Royal Black, Silky Pink;;;;;;;;;;;Up to 300 h;Up to 3 h 50 min;Face recognitionMP3/AAC playerPredictive text inputOrganizer;;;Second external mono display (12 x 72 pixels)
https://www.gsmarena.com/sharp_904-1490.php;https://fdn2.gsmarena.com/vv/bigpic/sharp-904sh.gif;Sharp 904;Released 2006, February;151g, 28mm thickness;Feature phone;20MB storage, miniSD slot;11;N/A;430,135 hits;"2.4""";480x640 pixels; ;;750 mAh Li-Ion;GSM 900 / 1800 / 1900;UMTS 2100;;Yes, 384 kbps;2006, February;Discontinued;104 x 50 x 28 mm (4.09 x 1.97 x 1.10 in);151 g (5.33 oz);;Mini-SIM;TFT, 256K colors;2.4 inches, 37 x 48 mm, 17.8 cm(~34.3% screen-to-body ratio);480 x 640 pixels, 4:3 ratio (~333 ppi density);;;;;miniSD;20MB;3.15 MP, AF, 2x optical zoom;LED flash;Yes;CIF videocall camera;;No;Yes;No;;No;Proprietary;;Removable Li-Ion battery;Violet, Black, Blue;;;;;;;;3D surround sound;;;Up to 350 h;Up to 4 h 40 min;MP3/AAC playerPredictive text inputOrganizerFace recognitionVoice memoKaraoke;;;Second external mono display (12 x 72 pixels)
https://www.gsmarena.com/sharp_770sh-1519.php;https://fdn2.gsmarena.com/vv/bigpic/sharp-770sh.gif;Sharp 770SH;Released 2006, March;101g, 17.1mm thickness;Feature phone;20MB storage, microSD slot;12;N/A;361,399 hits;"2.2""";240x320 pixels; ;;820 mAh Li-Ion;GSM 900 / 1800 / 1900;UMTS 2100;;Yes, 384 kbps;2006, March;Discontinued;101 x 50 x 17.1 mm (3.98 x 1.97 x 0.67 in);101 g (3.56 oz);;Mini-SIM;TFT, 256K colors;2.2 inches, 33 x 45 mm, 15.0 cm(~29.7% screen-to-body ratio);240 x 320 pixels, 4:3 ratio (~182 ppi density);;;;;microSD (dedicated slot);20MB;1.3 MP;;QCIF;Videocall camera;;No;1.1;No;;No;Proprietary;;Removable Li-Ion 820 mAh battery;Silver, Black;;;;;;;;;;;Up to 330 h;Up to 2 h 40 min;Video streamingVideo downloadingMP3/AAC/AAC+/AAC+e playerPredictive text inputOrganizerVoice memoStopwatch;;;Second external mono display (12 x 72 pixels)
https://www.gsmarena.com/sharp_550sh-1474.php;https://fdn2.gsmarena.com/vv/bigpic/sharp-550sh.gif;Sharp 550SH;Released 2006, February;98g, 18.5mm thickness;Feature phone;20MB storage, microSD slot;9;N/A;218,360 hits;"2.0""";240x320 pixels; ;;1440 mAh Li-Ion;GSM 900 / 1800 / 1900;UMTS 2100;;Yes, 384 kbps;2006, February;Discontinued;111 x 47 x 18.5 mm (4.37 x 1.85 x 0.73 in);98 g (3.46 oz);;Mini-SIM;TFT, 256K colors;2.0 inches, 30 x 40 mm, 12.4 cm(~23.7% screen-to-body ratio);240 x 320 pixels, 4:3 ratio (~200 ppi density);;;;;microSD (dedicated slot);20MB;1.3 MP;;QCIF;Videocall camera;;No;1.1;No;;No;Proprietary;;Removable Li-Ion battery;;;;;;;;;;;;Up to 370 h;Up to 4 h;MP3/AAC playerPredictive text inputOrganizerVoice memo;;;
https://www.gsmarena.com/sharp_gx29-1473.php;https://fdn2.gsmarena.com/vv/bigpic/sharp-gx29.gif;Sharp GX29;Released 2006, February;92g, 20.3mm thickness;Feature phone;2.1MB storage, no card slot;10;N/A;402,670 hits;"2.0""";240x320 pixels; ;;1440 mAh Li-Ion;GSM 900 / 1800 / 1900;;;;2006, February;Discontinued;93.8 x 46 x 20.3 mm (3.69 x 1.81 x 0.80 in);92 g (3.25 oz);;Mini-SIM;TFT, 256K colors;2.0 inches, 30 x 40 mm, 12.4 cm(~28.7% screen-to-body ratio);240 x 320 pixels, 4:3 ratio (~200 ppi density);;;;;No;2.1MB;VGA;;SQCIF;No;;No;1.1;No;;No;Proprietary;;Removable Li-Ion battery;Silver;;;;;;;;;;;Up to 250 h;Up to 3 h 40 min;Predictive text inputOrganizerVoice memoRate conversion;Class 10;No;Second external mono display 72 x 12 pixels
https://www.gsmarena.com/sharp_903-1241.php;https://fdn2.gsmarena.com/vv/bigpic/sharp-903.gif;Sharp 903;Released 2005, July;140g, 29mm thickness;Feature phone;8MB storage, miniSD slot;15;N/A;953,244 hits;"2.4""";240x320 pixels; ;;900 mAh Li-Ion;GSM 900 / 1800 / 1900;UMTS 2100;;Yes, 384 kbps;2005, July;Discontinued;109 x 50 x 29 mm (4.29 x 1.97 x 1.14 in);140 g (4.94 oz);;Mini-SIM;TFT, 256K colors;2.4 inches, 36 x 48 mm, 17.8 cm(~32.7% screen-to-body ratio);240 x 320 pixels, 4:3 ratio (~167 ppi density);;;;;miniSD, 64 MB included;8MB;3.15 MP, 2x optical zoom;LED flash;320p;Videocall camera;;No;1.1;No;;No;Proprietary;;Removable Li-Ion 900 mAh battery;Black;;;;;;;;3D stereo sound;;;Up to 250 h;Up to 4 h;MP3/AAC/AAC+ playerPredictive text inputOrganizerVoice memoBarcode reading;;;
https://www.gsmarena.com/sharp_703-1240.php;https://fdn2.gsmarena.com/vv/bigpic/sharp-703.gif;Sharp 703;Released 2005, July;107g, 23mm thickness;Feature phone;8MB storage, miniSD slot;9;N/A;346,827 hits;"2.0""";240x320 pixels; ;;700 mAh Li-Ion;GSM 900 / 1800 / 1900;UMTS 2100;;Yes, 384 kbps;2005, July;Discontinued;99 x 47 x 23 mm (3.90 x 1.85 x 0.91 in);107 g (3.77 oz);;Mini-SIM;TFT, 256K colors;2.0 inches, 30 x 40 mm, 12.4 cm(~26.6% screen-to-body ratio);240 x 320 pixels, 4:3 ratio (~200 ppi density);;;;;miniSD;8MB;1.3 MP;;320p;Videocall camera;;No;1.1;No;;No;Proprietary;;Removable Li-Ion battery;Black;;;;;;;;;;;Up to 290 h;Up to 4 h;MP3/AAC/AAC+ playerPredictive text inputOrganizer;;;Second external mono display 72 x 12 pixels
https://www.gsmarena.com/sharp_gx17-1246.php;https://fdn2.gsmarena.com/vv/bigpic/sharp-gx17.gif;Sharp GX17;Released 2005, Q1;85g, 17.4mm thickness;Feature phone;No card slot;12;N/A;434,683 hits;"1.9""";120x160 pixels; ;;900 mAh Li-Ion;GSM 900 / 1800 / 1900;;;;2005, Q1;Discontinued;106 x 45.5 x 17.4 mm (4.17 x 1.79 x 0.69 in);85 g (3.00 oz);;Mini-SIM;TFT, 65K colors;1.9 inches, 11.2 cm(~23.2% screen-to-body ratio);120 x 160 pixels, 4:3 ratio (~105 ppi density);;;;;No;;VGA;;Yes;No;;No;1.1;No;;No;Proprietary;;Removable Li-Ion (XN-1BT30);;;;;;;;;;;;Up to 290 h;Up to 3 h 50 min;Predictive text inputOrganizerVoice memo;Class 10;No;
https://www.gsmarena.com/sharp_gx40-1466.php;https://fdn2.gsmarena.com/vv/bigpic/sharp-gx40.gif;Sharp GX40;Released 2005, Q2;98g, 22mm thickness;Feature phone;miniSD slot;10;N/A;156,457 hits;;240x320 pixels, 2.0 inch; ;;650 mAh Li-Ion;GSM 900 / 1800 / 1900;;;;2005, Q2;Discontinued;93 x 46 x 22 mm (3.66 x 1.81 x 0.87 in);98 g (3.46 oz);;Mini-SIM;TFT, 256K colors;;240 x 320 pixels, 2.0 inch, 4:3 ratio;;;;;miniSD;;1.3 MP;;QCIF;No;;No;1.1;No;;FM radio;Proprietary;;Removable Li-Ion battery;;;;;;;;;;;;Up to 290 h;Up to 3 h 50 min;Video playerMP3/AAC/AAC+ playerPredictive text inputOrganizerVoice memo;Class 10;No;
https://www.gsmarena.com/sharp_902-895.php;https://fdn2.gsmarena.com/vv/bigpic/sh902.gif;Sharp 902;Released 2004, Q3;149g, 26mm thickness;Feature phone;26MB storage, SD/MMC slot;14;N/A;652,560 hits;"2.4""";240x320 pixels; ;;870 mAh Li-Ion;GSM 900 / 1800 / 1900;UMTS 2100;;Yes, 384 kbps;2004, Q3;Discontinued;102 x 50 x 26 mm (4.02 x 1.97 x 1.02 in);149 g (5.26 oz);;Mini-SIM;TFT, 256K colors;2.4 inches, 36 x 48 mm, 17.8 cm(~35.0% screen-to-body ratio);240 x 320 pixels, 4:3 ratio (~167 ppi density);;;;;SD/MMC, up to 1 GB, 32 MB included;26MB;2 MP, 2x optical zoom;LED flash;Yes;Yes;;No;1.1;No;;No;miniUSB;;Removable Li-Ion 870 mAh battery (XN-1BT90);Mirror White, Titanium Gray, Warm Orange;;;;;;;;;;;Up to 140 h;Up to 3 h;Video streaming and downloadMP3/MP4 playerPredictive text inputOrganizerPhoto editorVoice dial/memo;;;Second external display 72 x 12 pixels180 degree swiveling display
https://www.gsmarena.com/sharp_802-896.php;https://fdn2.gsmarena.com/vv/bigpic/sh802.gif;Sharp 802;Released 2004, Q3;149g, 26mm thickness;Feature phone;8MB storage, SD/MMC slot;11;N/A;281,736 hits;"2.4""";240x320 pixels; ;;870 mAh Li-Ion;GSM 900 / 1800 / 1900;UMTS 2100;;Yes, 384 kbps;2004, Q3;Discontinued;102 x 50 x 26 mm (4.02 x 1.97 x 1.02 in);149 g (5.26 oz);;Mini-SIM;TFT, 256K colors;2.4 inches, 36 x 48 mm, 17.8 cm(~35.0% screen-to-body ratio);240 x 320 pixels, 4:3 ratio (~167 ppi density);;;;;SD/MMC, 32 MB included;8MB;1.3 MP;LED flash;Yes;Yes;;No;1.1;No;;No;miniUSB;;Removable Li-Ion 870 mAh battery (XN-1BT90);Silver;;;;;;;;;;;;;Video streaming and downloadPredictive text inputMP3/MP4 playerOrganizerPhoto editor;;;180 deg swivel
https://www.gsmarena.com/sharp_tm200-938.php;https://fdn2.gsmarena.com/vv/bigpic/shtm200.gif;Sharp TM200;Released 2004, Q4;120g, 27mm thickness;Feature phone;9MB storage, SD slot;9;N/A;222,548 hits;"2.2""";320x240 pixels; ;;840 mAh Li-Ion;GSM 900 / 1800 / 1900;;;;2004, Q4;Discontinued;96 x 49 x 27 mm (3.78 x 1.93 x 1.06 in);120 g (4.23 oz);;Mini-SIM;TFT, 256K colors;2.2 inches, 33 x 45 mm, 15.0 cm(~31.9% screen-to-body ratio);320 x 240 pixels, 4:3 ratio (~182 ppi density);;;;;SD;9MB;2 MP, AF;LED flash;Yes;No;;No;1.1;No;;No;;;Removable Li-Ion 840 mAh battery;;;About 460 EUR;;;;;;;;;Up to 220 h;Up to 3 h 20 min;MP3/AAC/MP4 playerPredictive text inputOrganizerVoice memo;Class 10;No;Second external TFT display (64 x 96 pixels), 65K colors
https://www.gsmarena.com/sharp_gx25_gz200-924.php;https://fdn2.gsmarena.com/vv/bigpic/shgx25.gif;Sharp GX25/GZ200;Released 2004, Q3;90g, 23.5mm thickness;Feature phone;No card slot;16;N/A;514,463 hits;;320x240 pixels; ;;780 mAh Li-Ion;GSM 900 / 1800 / 1900;;;;2004, Q3;Discontinued;92 x 46 x 23.5 mm (3.62 x 1.81 x 0.93 in);90 g (3.17 oz);;Mini-SIM;TFT, 256K colors;;320 x 240 pixels, 4:3 ratio;;;;;No;;VGA;LED flash;Yes;No;;No;1.1;No;;No;;;Removable Li-Ion 780 mAh battery;;;;;;;2.1 MB memory for gallery0.8 MB memory for MMS200 short messages;;;;;Up to 250 h;Up to 3 h 30 min;Predictive text inputOrganizerVoice memo;Class 10;No;Static and animated(GIF) wallpapers
https://www.gsmarena.com/sharp_tm150-872.php;https://fdn2.gsmarena.com/vv/bigpic/shtm150.gif;Sharp TM150;Released 2004, Q3;113g, 25mm thickness;Feature phone;6MB storage, SD/MMC slot;9;N/A;202,292 hits;"2.2""";240x320 pixels; ;;780 mAh Li-Ion;GSM 900 / 1800 / 1900;;;;2004, Q3;Discontinued;93 x 43 x 25 mm (3.66 x 1.69 x 0.98 in);113 g (3.99 oz);;Mini-SIM;TFT, 256K colors;2.2 inches, 33 x 45 mm, 15.0 cm(~37.5% screen-to-body ratio);240 x 320 pixels, 4:3 ratio (~182 ppi density);;;;;SD/MMC;6MB;1 MP;;Yes;No;;No;No;No;;No;1.1;;Removable Li-Ion 780 mAh battery;;;;;;;;;;;;Up to 200 h;Up to 3 h 20 min;Predictive text inputOrganizerVoice memo;Class 10;No;Second external 65K colors display 64 x 96 pixels
https://www.gsmarena.com/sharp_tm100-714.php;https://fdn2.gsmarena.com/vv/bigpic/shtm100.gif;Sharp TM100;Released 2004, Q1;95g, 19mm thickness;Feature phone;No card slot;11;N/A;353,642 hits;;240x320 pixels; ;;780 mAh Li-Ion;GSM 900 / 1800 / 1900;;;;2004, Q1;Discontinued;100 x 49 x 19 mm (3.94 x 1.93 x 0.75 in);95 g (3.35 oz);;Mini-SIM;CGS, 256K colors;;240 x 320 pixels, 4:3 ratio;;;;;No;;VGA;;Yes;No;;No;No;No;;No;Proprietary;;Removable Li-Ion 780 mAh battery;;;About 330 EUR;;;;;;;;;Up to 200 h;Up to 3 h;Predictive text inputPhoto editorOrganizerVoice memo (60 sec.);Class 10;No;
https://www.gsmarena.com/sharp_v801sh-645.php;https://fdn2.gsmarena.com/vv/bigpic/shv801.gif;Sharp V801SH;Released 2004, Q1;126g, 26mm thickness;Feature phone;5MB storage, SD slot;9;N/A;245,514 hits;"2.4""";240x320 pixels, 20 lines; ;;750 mAh Li-Ion;GSM 900 / 1800 / 1900;UMTS 2100;;Yes, 384 kbps;2004, Q1;Discontinued;102 x 50 x 26 mm (4.02 x 1.97 x 1.02 in);126 g (4.44 oz);;Mini-SIM;TFT, 256K colors;2.4 inches, 36 x 48 mm, 17.8 cm(~35.0% screen-to-body ratio);240 x 320 pixels, 20 lines, 4:3 ratio (~167 ppi density);;;;;SD, 16 MB included;5MB;1 MP;;Yes;No;;No;No;No;;No;Proprietary;;Removable Li-Ion battery;4 - Noble White, Precious Black, Shanghai Red...;;;;;;;;;;;Up to 220 h;Up to 3 h;Audio/video playerPredictive text inputBarcode reading/creationOrganizerWorld ClockVoice memo;;;Second external display (64 x 96 pixels), 65K colorsFour-way navigation
https://www.gsmarena.com/sharp_gx30-629.php;https://fdn2.gsmarena.com/vv/bigpic/shgx30.gif;Sharp GX30;Released 2004, Q1;110g, 26mm thickness;Feature phone;6MB storage, SD slot;17;N/A;625,562 hits;"2.2""";240x320 pixels, 8 lines; ;;780 mAh Li-Ion;GSM 850 / 900 / 1800 / 1900;;;;2004, Q1;Discontinued;95 x 49 x 26 mm (3.74 x 1.93 x 1.02 in);110 g (3.88 oz);;Mini-SIM;CGS, 256K colors;2.2 inches, 33 x 45 mm, 15.0 cm(~32.2% screen-to-body ratio);240 x 320 pixels, 8 lines, 4:3 ratio (~182 ppi density);;;;;SD, 16 MB included;6MB;1 MP;LED flash;Yes;No;;No;1.1;No;;No;Proprietary;;Removable Li-Ion 780 mAh battery;;;;;;;Voice memo (max 10 sec each);;;;;Up to 250 h;Up to 3 h;MP3 playerPredictive text inputOrganizer;Class 10;No;Second external display (64 x 96 pixels), 65K colorsFour-way navigationStatus light in 7 colors
https://www.gsmarena.com/sharp_gx15_gz100-779.php;https://fdn2.gsmarena.com/vv/bigpic/shgx15.gif;Sharp GX15/GZ100;Released 2004;90g, 18mm thickness;Feature phone;1.8MB storage, no card slot;13;N/A;448,634 hits;;120x160 pixels; ;;780 mAh Li-Ion;GSM 900 / 1800 / 1900;;;;2004;Discontinued;105 x 45 x 18 mm (4.13 x 1.77 x 0.71 in);90 g (3.17 oz);;Mini-SIM;TFT, 65K colors;;120 x 160 pixels, 4:3 ratio;;;;;No;1.8MB;VGA;;Yes;No;;No;1.1;No;;No;Proprietary;;Removable Li-Ion 780 mAh battery;Silver;;;;;;;;;;;Up to 210 h;Up to 3 h 30 min;Predictive text inputOrganizerChangeable Covers;Class 10;No;Four-way navigationWallpapers
https://www.gsmarena.com/sharp_gx22-595.php;https://fdn2.gsmarena.com/vv/bigpic/shgx22.gif;Sharp GX22;Released 2003, Q3;102g, 25mm thickness;Feature phone;2MB storage, no card slot;10;N/A;217,851 hits;;240x320 pixels; ;;720 mAh Li-Ion;GSM 900 / 1800 / 1900;;;;2003, Q3;Discontinued;94 x 49 x 25 mm (3.70 x 1.93 x 0.98 in);102 g (3.60 oz);;Mini-SIM;CGS, 256K colors;;240 x 320 pixels, 4:3 ratio;;;;;No;2MB;VGA;LED flash;No;No;;No;No;No;;No;;;Removable Li-Ion 720 mAh battery;;;;;;;;;;;;Up to 250 h;Up to 3 h 30 min;Predictive text inputOrganizerVoice memo;Yes;No;Second external display (80 x 60 pixels), 65K colorsFour-way navigationStatus light in 7 colors
https://www.gsmarena.com/sharp_gx20-510.php;https://fdn2.gsmarena.com/vv/bigpic/shgx20.gif;Sharp GX20;Released 2003, Q3;102g, 25mm thickness;Feature phone;2MB storage, no card slot;12;N/A;366,081 hits;;240x320 pixels; ;;720 mAh Li-Ion;GSM 900 / 1800 / 1900;;;;2003, Q3;Discontinued;95 x 49 x 25 mm (3.74 x 1.93 x 0.98 in);102 g (3.60 oz);;Mini-SIM;CGS, 65K colors;;240 x 320 pixels, 4:3 ratio;;;;;No;2MB;VGA;LED flash;Yes;No;;No;No;No;;No;;;Removable Li-Ion 720 mAh battery;;;;;;;;;;;;Up to 250 h;Up to 3 h 30 min;Predictive text inputOrganizerVoice memo;Class 8;No;Second external display (80 x 60 pixels), 65K colorsFour-way navigationStatus light in 7 colors
https://www.gsmarena.com/sharp_gx10i-461.php;https://fdn2.gsmarena.com/vv/bigpic/shgx10i.gif;Sharp GX10i;Released 2003, May;110g, 27mm thickness;Feature phone;No card slot;13;N/A;350,620 hits;;120x160 pixels; ;;720 mAh Li-Ion;GSM 900 / 1800 / 1900;;;;2003, May;Discontinued;94 x 49 x 27 mm (3.70 x 1.93 x 1.06 in);110 g (3.88 oz);;Mini-SIM;TFT, 65K colors;;120 x 160 pixels, 4:3 ratio;;;;;No;;CIF;;No;No;;No;No;No;;No;;;Removable Li-Ion 720 mAh battery;;;;;;;700 KB memory for pictures100 calendar entries20 short messages10 sec per voice memo record;;;;;Up to 250 h;Up to 3 h 30 min;Predictive text inputOrganizerVoice memo;Class 10;No;Second external display, monochrome, 1 line + iconsFour-way navigationWallpapers
https://www.gsmarena.com/sharp_gx10-460.php;https://fdn2.gsmarena.com/vv/bigpic/shgx10.gif;Sharp GX10;Released 2002, Oct;110g, 27mm thickness;Feature phone;No card slot;16;N/A;222,792 hits;;120x160 pixels; ;;720 mAh Li-Ion;GSM 900 / 1800;;;;2002, Oct;Discontinued;94 x 49 x 27 mm (3.70 x 1.93 x 1.06 in);110 g (3.88 oz);;Mini-SIM;TFT, 65K colors;;120 x 160 pixels, 4:3 ratio;;;;;No;;CIF;;No;No;;No;No;No;;No;;;Removable Li-Ion 720 mAh battery;;;;;;;700 KB memory for pictures100 calendar entries20 short messages10 sec per voice memo record;;;;;Up to 250 h;Up to 3 h 30 min;Predictive text inputOrganizerVoice memo;Class 10;No;Second external display, monochrome, 1 line + iconsFour-way navigationWallpapers
https://www.gsmarena.com/sharp_gx1-459.php;https://fdn2.gsmarena.com/vv/bigpic/shgx1.gif;Sharp GX1;Released 2002, Oct;110g, 23mm thickness;Feature phone;No card slot;14;N/A;143,461 hits;;120x160 pixels; ;;720 mAh Li-Ion;GSM 900 / 1800;;;;2002, Oct;Discontinued;133 x 46 x 23 mm (5.24 x 1.81 x 0.91 in);110 g (3.88 oz);;Mini-SIM;GFC, 65K Colors;;120 x 160 pixels, 4:3 ratio;;;;;No;;CIF;;No;No;;No;No;No;;No;;;Removable Li-Ion 720 mAh battery;;;;;;;700 KB memory for pictures100 calendar entries20 short messages10 sec per voice memo record;;;;;Up to 250 h;Up to 3 h 30 min;Predictive text inputOrganizerVoice memo;Class 10;No;Four-way navigationWallpapers
