Link;Image;Name;Release date;Weight;OS;Storage;Fans;Popularity;Hits;Screen_size;Screen_resolution;RAM;SOC;Battery;net2g;gprstext;edge;year;status;dimensions;weight;sim;displaytype;displaysize;displayresolution;os;chipset;cpu;gpu;memoryslot;internalmemory;cam1modules;cam1video;cam2modules;wlan;bluetooth;gps;nfc;radio;usb;sensors;featuresother;batdescription1;batstandby1;battalktime1;colors;sar-eu;cam1features;cam2video;batmusicplayback1;net3g;speed;price;bodyother;optionalother;sar-us;displayother
https://www.gsmarena.com/spice_smart_pulse_(m_9010)-7005.php;https://fdn2.gsmarena.com/vv/bigpic/spice-9010.jpg;Spice Smart Pulse (M-9010);Released 2014, July;52.5g, 13.6mm thickness;Proprietary OS;64MB 64MB storage, microSDHC slot;8;N/A;258,046 hits;"1.6""";240x320 pixels;64 MB RAM;MT6260;420 mAh Li-Ion;GSM 900 / 1800 - SIM 1 & SIM 2;Class 12;Class 12;2014, July. Released 2014, July;Discontinued;53.7 x 41.7 x 13.6 mm (2.11 x 1.64 x 0.54 in);52.5 g (1.83 oz);Dual SIM (Mini-SIM/ Micro-SIM);TFT, 256K colors;1.6 inches;240 x 320 pixels (~250 ppi density);Proprietary OS;Mediatek MT6260;360 MHz;No;microSDHC (dedicated slot);64MB 64MB;VGA;144p@7fps;No;No;2.0, A2DP;No;No;FM radio;No;No;MP3 player;Li-Ion 420 mAh, non-removable;Up to 50 h (3G);Up to 3 h (3G);Black;0.54 W/kg (head);;;;;;;;;;
https://www.gsmarena.com/spice_fire_one_(mi_fx_1)-7004.php;https://fdn2.gsmarena.com/vv/bigpic/spice-firefox.jpg;Spice Fire One (Mi-FX-1);Released 2014, August;65g, 11.2mm thickness;Firefox OS;256MB 128MB RAM storage, microSDHC slot;10;N/A;104,065 hits;"3.5""";320x480 pixels;128 MB RAM;Spreadtrum 6821;1400 mAh Li-Ion;GSM 900 / 1800 - SIM 1 & SIM 2;Class 12;Class 12;2014, August. Released 2014, August;Discontinued;115.6 x 62 x 11.2 mm (4.55 x 2.44 x 0.44 in);65 g (2.29 oz);Dual SIM (Mini-SIM);TFT, 256K colors;3.5 inches, 36.5 cm(~50.9% screen-to-body ratio);320 x 480 pixels, 3:2 ratio (~165 ppi density);Firefox OS;Spreadtrum 6821;1.0 GHz;;microSDHC (dedicated slot);256MB 128MB RAM;1.3 MP;Yes;VGA;Wi-Fi 802.11 b/g/n;2.1, A2DP;No;No;FM radio;microUSB 2.0;Accelerometer;MP4/H.263 playerMP3/AAC player;Li-Ion 1400 mAh battery;Up to 120 h;Up to 8 h;White, Black, Orange;0.74 W/kg (head);LED flash;;Up to 20 h;;;;;;;
https://www.gsmarena.com/spice_n_300-7003.php;https://fdn2.gsmarena.com/vv/bigpic/N300.jpg;Spice N-300;Released 2014, August;180g, 9.8mm thickness;Android 4.4.2;4GB 512MB RAM storage, microSDHC slot;2;N/A;105,979 hits;"5.0""";480x854 pixels;512 MB RAM;MT6571;2000 mAh Li-Ion;GSM 900 / 1800 - SIM 1 & SIM 2;Class 12;Class 12;2014, August. Released 2014, August;Discontinued;150.4 x 74.8 x 9.8 mm (5.92 x 2.94 x 0.39 in);180 g (6.35 oz);Dual SIM (Mini-SIM/ Micro-SIM);IPS LCD, 256K colors;5.0 inches, 68.9 cm(~61.2% screen-to-body ratio);480 x 854 pixels, 16:9 ratio (~196 ppi density);Android 4.4.2 (KitKat);Mediatek MT6571 (28 nm);Dual-core 1.3 GHz Cortex-A7;Mali-400;microSDHC;4GB 512MB RAM;8 MP, AF;720p@30fps;2 MP;Wi-Fi 802.11 b/g/n, hotspot;4.0, A2DP;GPS;No;FM radio;microUSB 2.0;Accelerometer, proximity;;Li-Ion 2000 mAh battery;Up to 200 h;Up to 5 h;Blue;0.82 W/kg (head);LED flash, panorama;;Up to 30 h;;;;;;;
https://www.gsmarena.com/spice_smart_flo_508_(mi_508)-7002.php;https://fdn2.gsmarena.com/vv/bigpic/spice-508.jpg;Spice Smart Flo 508 (Mi-508);Released 2014, August;180g, 9.8mm thickness;Android 4.4.2;4GB 512MB RAM storage, microSDHC slot;2;N/A;143,925 hits;"5.0""";480x854 pixels;512 MB RAM;MT6571;2000 mAh Li-Ion;GSM 900 / 1800 - SIM 1 & SIM 2;Class 12;Class 12;2014, August. Released 2014, August;Discontinued;150.4 x 74.8 x 9.8 mm (5.92 x 2.94 x 0.39 in);180 g (6.35 oz);Dual SIM (Mini-SIM/ Micro-SIM);IPS LCD, 256K colors;5.0 inches, 68.9 cm(~61.2% screen-to-body ratio);480 x 854 pixels, 16:9 ratio (~196 ppi density);Android 4.4.2 (KitKat);Mediatek MT6571 (28 nm);Dual-core 1.3 GHz Cortex-A7;Mali-400;microSDHC;4GB 512MB RAM;8 MP, AF;720p@30fps;2 MP;Wi-Fi 802.11 b/g/n, hotspot;4.0, A2DP;GPS;No;FM radio;microUSB 2.0;Accelerometer, proximity;;Li-Ion 2000 mAh battery;Up to 200 h;Up to 5 h;Blue;0.82 W/kg (head);LED flash, panorama;;Up to 30 h;;;;;;;
https://www.gsmarena.com/spice_smart_flo_503_(mi_503)-7001.php;https://fdn2.gsmarena.com/vv/bigpic/spice-503.jpg;Spice Smart Flo 503 (Mi-503);Released 2014, August;180g, 9.8mm thickness;Android 4.4.2;4GB 512MB RAM storage, microSDHC slot;1;N/A;91,310 hits;"5.0""";480x854 pixels;512 MB RAM;MT6571;2000 mAh Li-Ion;GSM 900 / 1800 - SIM 1 & SIM 2;Class 12;Class 12;2014, August. Released 2014, August;Discontinued;150.4 x 74.8 x 9.8 mm (5.92 x 2.94 x 0.39 in);180 g (6.35 oz);Dual SIM (Mini-SIM/ Micro-SIM);IPS LCD, 256K colors;5.0 inches, 68.9 cm(~61.2% screen-to-body ratio);480 x 854 pixels, 16:9 ratio (~196 ppi density);Android 4.4.2 (KitKat);Mediatek MT6571 (28 nm);Dual-core 1.3 GHz Cortex-A7;Mali-400;microSDHC;4GB 512MB RAM;8 MP, AF;720p@30fps;2 MP;Wi-Fi 802.11 b/g/n, hotspot;4.0, A2DP, EDR;GPS;No;FM radio;microUSB 2.0;Accelerometer, proximity;;Li-Ion 2000 mAh battery;Up to 200 h;Up to 5 h;White, Gray;0.82 W/kg (head);LED flash, panorama;;Up to 30 h;;;;;;;
https://www.gsmarena.com/spice_smart_flo_359_(mi_359)-7000.php;https://fdn2.gsmarena.com/vv/bigpic/spice-359.jpg;Spice Smart Flo 359 (Mi-359);Released 2014, August;130g, 12mm thickness;Android 4.4.2;512MB 256MB RAM storage, microSDHC slot;0;N/A;144,496 hits;"3.5""";320x480 pixels;256 MB RAM;MT6571;1400 mAh Li-Ion;GSM 900 / 1800 - SIM 1 & SIM 2;Class 12;Class 12;2014, August. Released 2014, August;Discontinued;117.5 x 62.9 x 12 mm (4.63 x 2.48 x 0.47 in);130 g (4.59 oz);Dual SIM (Mini-SIM);TFT, 256K colors;3.5 inches, 36.5 cm(~49.4% screen-to-body ratio);320 x 480 pixels, 3:2 ratio (~165 ppi density);Android 4.4.2 (KitKat);Mediatek MT6571 (28 nm);Dual-core 1.3 GHz Cortex-A7;Mali-400;microSDHC;512MB 256MB RAM;2 MP;720p@25fps;1.3 MP;Wi-Fi 802.11 b/g/n, hotspot;3.0, A2DP, EDR;GPS;No;FM radio;microUSB 2.0;Accelerometer;;Li-Ion 1400 mAh battery;Up to 280 h;Up to 6 h;Titanium Grey, Silver;0.51 W/kg (head);LED flash;;Up to 20 h;;;;;;;
https://www.gsmarena.com/spice_smart_flo_358_(mi_358)-6999.php;https://fdn2.gsmarena.com/vv/bigpic/spice-358.jpg;Spice Smart Flo 358 (Mi-358);Released 2014, October;130g, 10.8mm thickness;Android 4.4.2;512MB 256MB RAM storage, microSDHC slot;0;N/A;66,751 hits;"3.5""";320x480 pixels;256 MB RAM;MT6571;1450 mAh Li-Ion;GSM 900 / 1800 - SIM 1 & SIM 2;Class 12;Class 12;2014, October. Released 2014, October;Discontinued;118 x 60.4 x 10.8 mm (4.65 x 2.38 x 0.43 in);130 g (4.59 oz);Dual SIM (Mini-SIM);TFT, 256K colors;3.5 inches, 36.5 cm(~51.2% screen-to-body ratio);320 x 480 pixels, 3:2 ratio (~165 ppi density);Android 4.4.2 (KitKat);Mediatek MT6571 (28 nm);Dual-core 1.3 GHz Cortex-A7;Mali-400;microSDHC;512MB 256MB RAM;2 MP;720p@25fps;1.3 MP;Wi-Fi 802.11 b/g/n, hotspot;3.0, A2DP, EDR;A-GPS;No;FM radio;microUSB 2.0;Accelerometer;;Li-Ion 1450 mAh battery;Up to 300 h;Up to 6 h 30 min;White, Gray;0.57 W/kg (head);LED flash;;Up to 20 h;;;;;;;
https://www.gsmarena.com/spice_stellar_439_(mi_439)-6998.php;https://fdn2.gsmarena.com/vv/bigpic/spice-439.jpg;Spice Stellar 439 (Mi-439);Released 2014, August;113.8g, 10mm thickness;Android 4.4.2;4GB 512MB RAM storage, microSDHC slot;1;N/A;119,262 hits;"4.0""";480x800 pixels;512 MB RAM;MT6572M;1400 mAh Li-Ion;GSM 900 / 1800 - SIM 1 & SIM 2;;;2014, August. Released 2014, August;Discontinued;125 x 63 x 10 mm (4.92 x 2.48 x 0.39 in);113.8 g (4.02 oz);Dual SIM (Mini-SIM);TFT, 256K colors;4.0 inches, 45.5 cm(~57.8% screen-to-body ratio);480 x 800 pixels, 5:3 ratio (~233 ppi density);Android 4.4.2 (KitKat);Mediatek MT6572M (28 nm);Dual-core 1.0 GHz Cortex-A7;Mali-400;microSDHC;4GB 512MB RAM;3.15 MP;720p@25fps;1.3 MP;Wi-Fi 802.11 b/g/n, hotspot;3.0, A2DP;A-GPS;No;FM radio;microUSB 2.0;Accelerometer;;Li-Ion 1400 mAh battery;Up to 58 h;Up to 5 h 30 min;Brown, Silver;0.85 W/kg (head);;;Up to 15 h;HSDPA 2100;HSPA 21.1/5.76 Mbps;;;;;
https://www.gsmarena.com/spice_stellar_361_(mi_361)-6997.php;https://fdn2.gsmarena.com/vv/bigpic/spice-361.jpg;Spice Stellar 361 (Mi-361);Released 2014, July;102g, 11.9mm thickness;Android 4.2.2;512MB 256MB RAM storage, microSDHC slot;2;N/A;73,566 hits;"3.5""";320x480 pixels;256 MB RAM;MT6572M;1400 mAh Li-Ion;GSM 900 / 1800 - SIM 1 & SIM 2;;;2014, July. Released 2014, July;Discontinued;115.3 x 60.6 x 11.9 mm (4.54 x 2.39 x 0.47 in);102 g (3.60 oz);Dual SIM (Mini-SIM);TFT, 256K colors;3.5 inches, 36.5 cm(~52.2% screen-to-body ratio);320 x 480 pixels, 3:2 ratio (~165 ppi density);Android 4.2.2 (Jelly Bean);Mediatek MT6572M (28 nm);Dual-core 1.0 GHz Cortex-A7;Mali-400;microSDHC;512MB 256MB RAM;2 MP;480p@25fps;1.3 MP;Wi-Fi 802.11 b/g/n, hotspot;2.0, A2DP;GPS;No;FM radio;microUSB 2.0;Accelerometer;;Li-Ion 1400 mAh battery;Up to 72 h;Up to 8 h;Black, White;0.81 W/kg (head);LED flash;;Up to 15 h;HSDPA 2100;HSPA 21.1/5.76 Mbps;;;;;
https://www.gsmarena.com/spice_stellar_507_(mi_507)-6996.php;https://fdn2.gsmarena.com/vv/bigpic/spice-507.jpg;Spice Stellar 507 (Mi-507);Released 2014, August;184g, 10.7mm thickness;Android 4.4.2;4GB 512MB RAM storage, microSDHC slot;1;N/A;86,663 hits;"5.0""";480x854 pixels;512 MB RAM;MT6572;1800 mAh Li-Ion;GSM 900 / 1800 - SIM 1 & SIM 2;;;2014, August. Released 2014, August;Discontinued;145.2 x 72.7 x 10.7 mm (5.72 x 2.86 x 0.42 in);184 g (6.49 oz);Dual SIM (Mini-SIM/ Micro-SIM);TFT, 256K colors;5.0 inches, 68.9 cm(~65.3% screen-to-body ratio);480 x 854 pixels, 16:9 ratio (~196 ppi density);Android 4.4.2 (KitKat);Mediatek MT6572 (28 nm);Dual-core 1.3 GHz Cortex-A7;Mali-400;microSDHC;4GB 512MB RAM;8 MP, AF;720p@30fps;1.3 MP;Wi-Fi 802.11 b/g/n, hotspot;4.0, A2DP, EDR;GPS;No;FM radio;microUSB 2.0;Accelerometer, proximity;;Li-Ion 1800 mAh battery;Up to 200 h;Up to 8 h;Red/Black, Blue/Black;0.94 W/kg (head);LED flash, panorama;;Up to 28 h;HSDPA 2100;HSPA 21.1/5.76 Mbps;;;;;
https://www.gsmarena.com/spice_stellar_509_(mi_509)-6995.php;https://fdn2.gsmarena.com/vv/bigpic/spice-509.jpg;Spice Stellar 509 (Mi-509);Released 2014, May;120g, 9.5mm thickness;Android 4.4.2;4GB 1GB RAM storage, microSDHC slot;0;N/A;126,666 hits;"5.0""";480x854 pixels;1 GB RAM;MT6582M;2000 mAh Li-Ion;GSM 850 / 900 / 1800 / 1900;;;2014, May. Released 2014, May;Discontinued;145 x 79 x 9.5 mm (5.71 x 3.11 x 0.37 in);120 g (4.23 oz);Mini-SIM;IPS LCD;5.0 inches, 68.9 cm(~60.1% screen-to-body ratio);480 x 854 pixels, 16:9 ratio (~196 ppi density);Android 4.4.2 (KitKat);Mediatek MT6582M (28 nm);Quad-core 1.3 GHz Cortex-A7;Mali-400MP2;microSDHC (dedicated slot);4GB 1GB RAM;8 MP, AF;720p@30fps;2 MP;Wi-Fi 802.11 a/b/g/n, dual-band, hotspot;3.0, A2DP;GPS;No;FM radio;microUSB 2.0;Accelerometer, proximity;;Li-Ion 2000 mAh battery;Up to 170 h;Up to 4 h 30 min;White;0.92 W/kg (head);LED flash, panorama, HDR;;Up to 30 h;HSDPA 2100;HSPA 21.1/5.76 Mbps;;;;;
https://www.gsmarena.com/spice_stellar_600_(mi_600)-6976.php;https://fdn2.gsmarena.com/vv/bigpic/spice-600.jpg;Spice Stellar 600 (Mi-600);Released 2014, July;189 g;Android 4.4.2;4GB 1GB RAM storage, microSDHC slot;3;N/A;133,595 hits;"6.0""";540x960 pixels;1 GB RAM;MT6582M;2500 mAh Li-Po;GSM 900 / 1800 - SIM 1 & SIM 2;;;2014, July. Released 2014, July;Discontinued;;189 g (6.67 oz);Dual SIM (Mini-SIM/ Micro-SIM);IPS LCD;6.0 inches, 99.2 cm;540 x 960 pixels, 16:9 ratio (~184 ppi density);Android 4.4.2 (KitKat);Mediatek MT6582M (28 nm);Quad-core 1.3 GHz Cortex-A7;Mali-400MP2;microSDHC;4GB 1GB RAM;8 MP, AF;720p@30fps;3.15 MP;Wi-Fi 802.11 a/b/g/n, dual-band, hotspot;3.0, A2DP;GPS;No;FM radio;microUSB 2.0;Accelerometer, proximity;;Li-Po 2500 mAh battery;Up to 100 h;Up to 18 h;White;0.44 W/kg (head);LED flash, panorama, HDR;;Up to 35 h;HSDPA 2100;HSPA 21.1/5.76 Mbps;;;;;
https://www.gsmarena.com/spice_stellar_526_(mi_526)-6975.php;https://fdn2.gsmarena.com/vv/bigpic/spice-526.jpg;Spice Stellar 526 (Mi-526);Released 2014, July;210g, 8.3mm thickness;Android 4.4.2;8GB storage, microSDHC;1;N/A;121,016 hits;"5.0""";720x1280 pixels;1 GB RAM;MT6591;2500 mAh Li-Po;GSM 900 / 1800 - SIM 1 & SIM 2;;;2014, July. Released 2014, July;Discontinued;143.6 x 71.7 x 8.3 mm (5.65 x 2.82 x 0.33 in);210 g (7.41 oz);Dual SIM (Mini-SIM/ Micro-SIM);TFT;5.0 inches, 68.9 cm(~66.9% screen-to-body ratio);720 x 1280 pixels, 16:9 ratio (~294 ppi density);Android 4.4.2 (KitKat);Mediatek MT6591;Hexa-core 1.5 GHz Cortex-A7;Mali-450MP4;microSDHC;8GB 1GB RAM;8 MP, AF;1080p@30fps;3.15 MP;Wi-Fi 802.11 a/b/g/n, dual-band, hotspot;4.0, A2DP, EDR;GPS;No;FM radio;microUSB 2.0, OTG;Accelerometer, proximity;;Li-Po 2500 mAh battery;Up to 280 h;Up to 9 h;White, Silver;0.44 W/kg (head);LED flash, panorama, HDR;;Up to 35 h;HSDPA 2100;HSPA 21.1/5.76 Mbps;;;;;
https://www.gsmarena.com/spice_stellar_520_(mi_520)-6974.php;https://fdn2.gsmarena.com/vv/bigpic/spice-520.jpg;Spice Stellar 520 (Mi-520);Released 2014, July;156g, 8.5mm thickness;Android 4.4.2;4GB 1GB RAM storage, microSDHC slot;0;N/A;111,553 hits;"5.0""";720x1280 pixels;1 GB RAM;MT6582;2000 mAh Li-Ion;GSM 850 / 900 / 1800 / 1900;;;2014, July. Released 2014, July;Discontinued;145 x 72.8 x 8.5 mm (5.71 x 2.87 x 0.33 in);156 g (5.50 oz);Mini-SIM;IPS LCD;5.0 inches, 68.9 cm(~65.3% screen-to-body ratio);720 x 1280 pixels, 16:9 ratio (~294 ppi density);Android 4.4.2 (KitKat);Mediatek MT6582 (28 nm);Quad-core 1.3 GHz Cortex-A7;Mali-400MP2;microSDHC (dedicated slot);4GB 1GB RAM;8 MP, AF;Yes;2 MP;Wi-Fi 802.11 b/g/n, hotspot;3.0, A2DP, EDR;GPS;No;FM radio;microUSB 2.0;Accelerometer, proximity;;Li-Ion 2000 mAh battery;Up to 200 h;Up to 4 h;Red/Yellow;0.82 W/kg (head);LED flash, panorama, HDR;;Up to 20 h;HSDPA 2100;HSPA 21.1/5.76 Mbps;;;;;
https://www.gsmarena.com/spice_stellar_520n_(mi_520n)-6972.php;https://fdn2.gsmarena.com/vv/bigpic/spice-520n.jpg;Spice Stellar 520n (Mi-520n);Released 2014, December;156g, 8.5mm thickness;Android 4.4.2;8GB storage, microSDHC;4;N/A;108,987 hits;"5.0""";720x1280 pixels;1 GB RAM;MT6582;2000 mAh Li-Ion;GSM 850 / 900 / 1800 / 1900;;;2014, December. Released 2014, December;Discontinued;145 x 72.8 x 8.5 mm (5.71 x 2.87 x 0.33 in);156 g (5.50 oz);Mini-SIM;IPS LCD;5.0 inches, 68.9 cm(~65.3% screen-to-body ratio);720 x 1280 pixels, 16:9 ratio (~294 ppi density);Android 4.4.2 (KitKat);Mediatek MT6582 (28 nm);Quad-core 1.3 GHz Cortex-A7;Mali-400MP2;microSDHC (dedicated slot);8GB 1GB RAM;8 MP, AF;Yes;2 MP;Wi-Fi 802.11 b/g/n, hotspot;3.0, A2DP, EDR;GPS;No;FM radio;microUSB 2.0;Accelerometer, proximity;;Li-Ion 2000 mAh battery;Up to 200 h;Up to 4 h;Red/Yellow;0.82 W/kg (head);LED flash, panorama, HDR;;Up to 20 h;HSDPA 2100;HSPA 21.1/5.76 Mbps;;;;;
https://www.gsmarena.com/spice_stellar_440_(mi_440)-6973.php;https://fdn2.gsmarena.com/vv/bigpic/spice-440.jpg;Spice Stellar 440 (Mi-440);Released 2014, December;119g, 11.5mm thickness;Android 4.4.2;4GB 512MB RAM storage, microSDHC slot;0;N/A;82,782 hits;"4.0""";480x800 pixels;512 MB RAM;MT6572;1400 mAh Li-Ion;GSM 900 / 1800;;;2014, December. Released 2014, December;Discontinued;127.6 x 63.8 x 11.5 mm (5.02 x 2.51 x 0.45 in);119 g (4.20 oz);Mini-SIM;TFT, 256K colors;4.0 inches, 45.5 cm(~55.9% screen-to-body ratio);480 x 800 pixels, 5:3 ratio (~233 ppi density);Android 4.4.2 (KitKat);Mediatek MT6572 (28 nm);Dual-core 1.0 GHz Cortex-A7;Mali-400;microSDHC (dedicated slot);4GB 512MB RAM;3.15 MP;480p@25fps;1.3 MP;Wi-Fi 802.11 b/g/n, hotspot;2.0, A2DP;GPS;No;FM radio;microUSB 2.0;Accelerometer;;Li-Ion 1400 mAh battery;Up to 72 h;Up to 8 h;Gray;0.58 W/kg (head);LED flash;;Up to 15 h;HSDPA 2100;HSPA 21.1/5.76 Mbps;;;;;
https://www.gsmarena.com/spice_stellar_470_(mi_470)-6971.php;https://fdn2.gsmarena.com/vv/bigpic/spice-470.jpg;Spice Stellar 470 (Mi-470);Released 2014, October;140g, 7.9mm thickness;Android 4.4.2;8GB storage, microSDHC;0;N/A;73,504 hits;"4.7""";540x960 pixels;1 GB RAM;MT6582;1500 mAh Li-Ion;GSM 900 / 1800 - SIM 1 & SIM 2;;;2014, October. Released 2014, October;Discontinued;137.8 x 68.6 x 7.9 mm (5.43 x 2.70 x 0.31 in);140 g (4.94 oz);Dual SIM (Mini-SIM/ Micro-SIM);TFT;4.7 inches, 60.9 cm(~64.4% screen-to-body ratio);540 x 960 pixels, 16:9 ratio (~234 ppi density);Android 4.4.2 (KitKat);Mediatek MT6582 (28 nm);Quad-core 1.3 GHz Cortex-A7;Mali-400MP2;microSDHC;8GB 1GB RAM;8 MP, AF;1080p@30fps;3.2 MP;Wi-Fi 802.11 a/b/g/n, dual-band, hotspot;4.0, A2DP, EDR;GPS;No;FM radio;microUSB 2.0, OTG;Accelerometer, proximity;;Li-Ion 1500 mAh battery;Up to 120 h;Up to 4 h;Black, Blue;0.89 W/kg (head);LED flash, panorama, HDR;;Up to 22 h;HSDPA 2100;HSPA 21.1/5.76 Mbps;;;;;
https://www.gsmarena.com/spice_mi_449_3g-6745.php;https://fdn2.gsmarena.com/vv/bigpic/Mi-449-3G.jpg;Spice Mi-449 3G;Released 2014;156g, 8.7mm thickness;Android 4.4;microSDHC slot;2;N/A;144,818 hits;;480x854 pixels; ;;1450 mAh Li-Ion;GSM 900 / 1800 - SIM 1 & SIM 2;;;2014. Released 2014;Discontinued;134.5 x 69.5 x 8.7 mm (5.30 x 2.74 x 0.34 in);156 g (5.50 oz);Dual SIM;TFT;, -;480 x 854 pixels, 16:9 ratio;Android 4.4 (KitKat);;;;microSDHC;;3.15 MP;Yes;1.3 MP;Wi-Fi 802.11 b/g/n;2.0;A-GPS only;No;FM radio;microUSB;Accelerometer;;Li-Ion 1450 mAh battery;Up to 60 h;Up to 5 h 30 min;White, Gray;;;;;HSDPA 2100;HSPA;;;;;
https://www.gsmarena.com/spice_mi_451_3g-6744.php;https://fdn2.gsmarena.com/vv/bigpic/Mi-451-3G.jpg;Spice Mi-451 3G;Released 2014;156g, 8.7mm thickness;Android 4.4;microSDHC slot;0;N/A;100,426 hits;;480x854 pixels; ;;1450 mAh Li-Ion;GSM 900 / 1800 - SIM 1 & SIM 2;;;2014. Released 2014;Discontinued;134.5 x 69.5 x 8.7 mm (5.30 x 2.74 x 0.34 in);156 g (5.50 oz);Dual SIM;TFT;, -;480 x 854 pixels, 16:9 ratio;Android 4.4 (KitKat);;;;microSDHC;;3.15 MP;Yes;1.3 MP;Wi-Fi 802.11 b/g/n;2.0;A-GPS only;No;FM radio;microUSB;Accelerometer;;Li-Ion 1450 mAh battery;Up to 60 h;Up to 5 h 30 min;White, Gray;;;;;HSDPA 2100;HSPA;;;;;
https://www.gsmarena.com/spice_mi_498_dream_uno-6683.php;https://fdn2.gsmarena.com/vv/bigpic/spice-498.jpg;Spice Mi-498 Dream Uno;Released 2014, September;107g, 9.2mm thickness;Android 4.4.4, up to 5.1.1, Android One;4GB 1GB RAM storage, microSDHC slot;30;N/A;674,762 hits;"4.5""";480x854 pixels;1 GB RAM;MT6582;1700 mAh Li-Ion;GSM 850 / 900 / 1800 / 1900 - SIM 1 & SIM 2;;;2014, September. Released 2014, September;Discontinued;132 x 67 x 9.2 mm (5.20 x 2.64 x 0.36 in);107 g (3.77 oz);Dual SIM;TFT;4.5 inches, 55.8 cm(~63.1% screen-to-body ratio);480 x 854 pixels, 16:9 ratio (~218 ppi density);Android 4.4.4 (KitKat), upgradable to 5.1.1 (Lollipop), Android One;Mediatek MT6582 (28 nm);Quad-core 1.3 GHz Cortex-A7;Mali-400MP2;microSDHC;4GB 1GB RAM;5 MP, AF;Yes;2 MP;Wi-Fi 802.11 b/g/n, hotspot;2.1;GPS;No;FM radio;microUSB 2.0;Accelerometer, proximity;;Li-Ion 1700 mAh, removable;Up to 160 h;Up to 17 h;Black, White;;LED flash;;;HSDPA 850 / 2100;HSPA 21.1/5.76 Mbps;About 90 EUR;;;;
https://www.gsmarena.com/spice_mi_506_stellar_mettle_icon-6322.php;https://fdn2.gsmarena.com/vv/bigpic/spice-506.jpg;Spice Mi-506 Stellar Mettle Icon;Released 2014, March;177g, 9.6mm thickness;Android 4.2;microSDHC slot;7;N/A;1,169,030 hits;"5.0""";480x854 pixels; ;;1800 mAh Li-Ion;GSM 900 / 1800 - SIM 1 & SIM 2;;;2014, March. Released 2014, March;Discontinued;145 x 72.9 x 9.6 mm (5.71 x 2.87 x 0.38 in);177 g (6.24 oz);Dual SIM (Mini-SIM);TFT;5.0 inches, 68.9 cm(~65.2% screen-to-body ratio);480 x 854 pixels, 16:9 ratio (~196 ppi density);Android 4.2 (Jelly Bean);;;;microSDHC;;8 MP;Yes;1.3 MP;Wi-Fi 802.11 b/g/n;4.0, A2DP;GPS;No;FM radio;microUSB;Accelerometer;;Li-Ion 1800 mAh, removable;Up to 200 h;Up to 7 h 30 min;White/Silver;;LED flash;;;HSDPA 2100;HSPA;About 80 EUR;;;;
https://www.gsmarena.com/spice_mi_356_smart_flo_mettle_3_5x-6321.php;https://fdn2.gsmarena.com/vv/bigpic/spice-356.jpg;Spice Mi-356 Smart Flo Mettle 3.5X;Released 2014, January;112g, 11.5mm thickness;Android 4.2;microSDHC slot;0;N/A;128,116 hits;"3.5""";320x480 pixels; ;;1500 mAh Li-Ion;GSM 900 / 1800 - SIM 1 & SIM 2;Class 12;Class 12;2014, January. Released 2014, January;Discontinued;119.9 x 63 x 11.5 mm (4.72 x 2.48 x 0.45 in);112 g (3.95 oz);Dual SIM (Mini-SIM);TFT;3.5 inches, 36.5 cm(~48.3% screen-to-body ratio);320 x 480 pixels, 3:2 ratio (~165 ppi density);Android 4.2 (Jelly Bean);;;;microSDHC;;2 MP;Yes;1.3 MP;Wi-Fi 802.11 b/g/n;2.0;A-GPS only;No;FM radio;microUSB;Accelerometer;;Li-Ion 1500 mAh battery;Up to 120 h;Up to 7 h 30 min;Silver;;;;;;;About 40 EUR;;;;
https://www.gsmarena.com/spice_mi_426_smart_flo_mettle_4_0x-6320.php;https://fdn2.gsmarena.com/vv/bigpic/spice-426.jpg;Spice Mi-426 Smart Flo Mettle 4.0X;Released 2014, January;122g, 10.8mm thickness;Android 4.2;microSDHC slot;0;N/A;122,586 hits;"4.0""";480x800 pixels; ;;1400 mAh Li-Ion;GSM 900 / 1800 - SIM 1 & SIM 2;Class 12;Class 12;2014, January. Released 2014, January;Discontinued;119.9 x 58 x 10.8 mm (4.72 x 2.28 x 0.43 in);122 g (4.30 oz);Dual SIM (Mini-SIM);TFT;4.0 inches, 45.5 cm(~65.5% screen-to-body ratio);480 x 800 pixels, 5:3 ratio (~233 ppi density);Android 4.2 (Jelly Bean);;;;microSDHC;;2 MP;Yes;1.3 MP;Wi-Fi 802.11 b/g/n;2.0;GPS;No;FM radio;microUSB;Accelerometer;;Li-Ion 1400 mAh battery;Up to 250 h;Up to 6 h;Silver;;;;;;;About 50 EUR;;;;
https://www.gsmarena.com/spice_mi_438_stellar_glide-6319.php;https://fdn2.gsmarena.com/vv/bigpic/spice-438.jpg;Spice Mi-438 Stellar Glide;Released 2014, June;155g, 9.5mm thickness;Android 4.2;microSDHC slot;1;N/A;130,582 hits;"4.0""";480x800 pixels; ;;1350 mAh Li-Ion;GSM 900 / 1800 - SIM 1 & SIM 2;;;2014, April. Released 2014, June;Discontinued;145 x 79 x 9.5 mm (5.71 x 3.11 x 0.37 in);155 g (5.47 oz);Dual SIM (Mini-SIM);TFT;4.0 inches, 45.5 cm(~39.8% screen-to-body ratio);480 x 800 pixels, 5:3 ratio (~233 ppi density);Android 4.2 (Jelly Bean);;;;microSDHC;;2 MP;Yes;1.3 MP;Wi-Fi 802.11 b/g/n;4.0, A2DP;GPS;No;FM radio;microUSB;Accelerometer;;Li-Ion 1350 mAh battery;Up to 170 h;Up to 4 h 30 min;Black/White;;;;;HSDPA 2100;HSPA;About 60 EUR;;;;
https://www.gsmarena.com/spice_mi_504_smart_flo_mettle_5x-6318.php;https://fdn2.gsmarena.com/vv/bigpic/spice-504.jpg;Spice Mi-504 Smart Flo Mettle 5X;Released 2014, February;190g, 10.4mm thickness;Android 4.2;microSDHC slot;0;N/A;252,369 hits;"5.0""";480x854 pixels; ;;1800 mAh Li-Ion;GSM 900 / 1800 - SIM 1 & SIM 2;Class 12;Class 12;2014, February. Released 2014, February;Discontinued;148.5 x 78.9 x 10.4 mm (5.85 x 3.11 x 0.41 in);190 g (6.70 oz);Dual SIM (Mini-SIM);TFT;5.0 inches, 68.9 cm(~58.8% screen-to-body ratio);480 x 854 pixels, 16:9 ratio (~196 ppi density);Android 4.2 (Jelly Bean);;;;microSDHC;;8 MP;Yes;1.3 MP;Wi-Fi 802.11 b/g/n;2.0;GPS;No;FM radio;microUSB;Accelerometer;;Li-Ion 1800 mAh, removable;;Up to 5 h 30 min;White;;LED flash;;;;;About 80 EUR;;;;
https://www.gsmarena.com/spice_mi_451_smartflo_poise-6317.php;https://fdn2.gsmarena.com/vv/bigpic/spice-451.jpg;Spice Mi-451 Smartflo Poise;Released 2014, June;156g, 8.7mm thickness;Android 4.2;microSDHC slot;2;N/A;200,223 hits;"4.5""";480x854 pixels; ;;1450 mAh Li-Ion;GSM 850 / 900 / 1800 / 1900 - SIM 1 & SIM 2;Class 12;Class 32;2014, February. Released 2014, June;Discontinued;134.5 x 69.5 x 8.7 mm (5.30 x 2.74 x 0.34 in);156 g (5.50 oz);Dual SIM (Mini-SIM);IPS LCD;4.5 inches, 55.8 cm(~59.7% screen-to-body ratio);480 x 854 pixels, 16:9 ratio (~218 ppi density);Android 4.2 (Jelly Bean);;;;microSDHC;;3.15 MP;Yes;1.3 MP;Wi-Fi 802.11 b/g/n;4.0, A2DP;A-GPS only;No;FM radio;microUSB;Accelerometer;;Li-Ion 1450 mAh, removable;;Up to 5 h 30 min;White;;;;;;;About 60 EUR;;;;
https://www.gsmarena.com/spice_mi_496_spice_coolpad_2-5865.php;https://fdn2.gsmarena.com/vv/bigpic/spice-coolpad-2-mi-496.jpg;Spice Mi-496 Spice Coolpad 2;Released 2013, November;;Android 4.1;4GB 1GB RAM storage, microSDHC slot;7;N/A;379,746 hits;"4.5""";540x960 pixels;1 GB RAM;MT6589;1700 mAh Li-Ion;GSM 900 / 1800 - SIM 1 & SIM 2;;;2013, November. Released 2013, November;Discontinued;-;-;Dual SIM;TFT;4.5 inches, 55.8 cm;540 x 960 pixels, 16:9 ratio (~245 ppi density);Android 4.1 (Jelly Bean);Mediatek MT6589 (28 nm);Quad-core 1.2 GHz Cortex-A7;PowerVR SGX544;microSDHC (dedicated slot);4GB 1GB RAM;5 MP, AF;Yes;No;Wi-Fi 802.11 b/g/n;Yes;A-GPS;No;FM radio;microUSB;Accelerometer, proximity;;Li-Ion 1700 mAh battery;;;White;;LED flash;;;HSDPA 2100;HSPA;About 110 EUR;;;;
https://www.gsmarena.com/spice_mi_423_smart_flo_ivory_2-5828.php;https://fdn2.gsmarena.com/vv/bigpic/spice-smart-flo-ivory-2-mi-423.jpg;Spice Mi-423 Smart Flo Ivory 2;Released 2013, September;11.2mm thickness;Android 4.2.2;512MB 256MB RAM storage, microSDHC slot;3;N/A;162,594 hits;"4.0""";320x480 pixels;256 MB RAM;;1400 mAh Li-Ion;GSM 900 / 1800 - SIM 1 & SIM 2;Yes;Yes;2013, September. Released 2013, September;Discontinued;126.3 x 68.6 x 11.2 mm (4.97 x 2.70 x 0.44 in);-;Dual SIM;TFT, 256K colors;4.0 inches, 47.6 cm(~55.0% screen-to-body ratio);320 x 480 pixels, 3:2 ratio (~144 ppi density);Android 4.2.2 (Jelly Bean);;Dual-core 1.0 GHz;;microSDHC (dedicated slot);512MB 256MB RAM;3.15 MP;Yes;1.3 MP;Wi-Fi 802.11 b/g/n;Yes;No;No;FM radio;microUSB;Accelerometer;;Li-Ion 1400 mAh battery;Up to 120 h;Up to 8 h;White;;;;;;;About 50 EUR;;;;
https://www.gsmarena.com/spice_mi_349_smart_flo_edge-5829.php;https://fdn2.gsmarena.com/vv/bigpic/spice-smart-flo-edge-mi-349.jpg;Spice Mi-349 Smart Flo Edge;Released 2013, September;12.3mm thickness;Android 2.3.5;512MB 256MB RAM storage, microSDHC slot;0;N/A;246,804 hits;"3.5""";320x480 pixels;256 MB RAM;;1500 mAh Li-Ion;GSM 900 / 1800 - SIM 1 & SIM 2;Yes;Yes;2013, September. Released 2013, September;Discontinued;117 x 63 x 12.3 mm (4.61 x 2.48 x 0.48 in);-;Dual SIM;TFT, 256K colors;3.5 inches, 36.5 cm(~49.5% screen-to-body ratio);320 x 480 pixels, 3:2 ratio (~165 ppi density);Android 2.3.5 (Gingerbread);;1.0 GHz;;microSDHC (dedicated slot);512MB 256MB RAM;1.3 MP;Yes;VGA;Wi-Fi 802.11 b/g/n;Yes;A-GPS only;No;FM radio;microUSB;Accelerometer;;Li-Ion 1500 mAh battery;Up to 120 h;Up to 8 h;White;;;;;;;About 40 EUR;;;;
https://www.gsmarena.com/spice_mi_550_pinnacle_stylus-5813.php;https://fdn2.gsmarena.com/vv/bigpic/spice-mi-550.jpg;Spice Mi-550 Pinnacle Stylus;Released 2013, September;155g, 9.5mm thickness;Android 4.2;microSDHC slot;3;N/A;293,198 hits;;720x1280 pixels; ;;2500 mAh Li-Ion;GSM 900 / 1800 - SIM 1 & SIM 2;;;2013, September. Released 2013, September;Discontinued;160 x 79 x 9.5 mm (6.30 x 3.11 x 0.37 in);155 g (5.47 oz);Dual SIM;TFT;, -;720 x 1280 pixels, 16:9 ratio;Android 4.2 (Jelly Bean);;;;microSDHC (dedicated slot);;8 MP, AF;Yes;2 MP;Wi-Fi 802.11 b/g/n;4.0, A2DP;GPS;No;FM radio;microUSB;Accelerometer, proximity;;Li-Ion 2500 mAh battery;Up to 504 h;Up to 9 h 40 min;Black, White;;;;;HSDPA 2100;HSPA;About 150 EUR;Stylus;;;
https://www.gsmarena.com/spice_mi_502n_smart_flo_pace3-5812.php;https://fdn2.gsmarena.com/vv/bigpic/spice-mi-502n.jpg;Spice Mi-502n Smart FLO Pace3;Released 2013, September;190g, 10.4mm thickness;Android 4.2;microSDHC slot;2;N/A;181,956 hits;;480x800 pixels; ;;2100 mAh Li-Ion;GSM 900 / 1800 - SIM 1 & SIM 2;Class 12;Class 12;2013, September. Released 2013, September;Discontinued;148.5 x 78.9 x 10.4 mm (5.85 x 3.11 x 0.41 in);190 g (6.70 oz);Dual SIM;TFT;, -;480 x 800 pixels, 5:3 ratio;Android 4.2 (Jelly Bean);;;;microSDHC (dedicated slot);;8 MP;Yes;1.3 MP;Wi-Fi 802.11 b/g/n;4.0, A2DP;GPS;No;FM radio;microUSB;Accelerometer, proximity;;Li-Ion 2100 mAh, removable;Up to 400 h;Up to 8 h 20 min;White. Blue;;;;;;;About 80 EUR;;;;
https://www.gsmarena.com/spice_mi_492_stellar_virtuoso_pro+-5811.php;https://fdn2.gsmarena.com/vv/bigpic/spice-virtuoso-pro-plus.jpg;Spice Mi-492 Stellar Virtuoso Pro+;Released 2013, September;123.3g, 10mm thickness;Android 4.2;microSDHC slot;2;N/A;140,598 hits;;480x854 pixels; ;;1730 mAh Li-Ion;GSM 900 / 1800 - SIM 1 & SIM 2;;;2013, September. Released 2013, September;Discontinued;133.8 x 68.2 x 10 mm (5.27 x 2.69 x 0.39 in);123.3 g (4.34 oz);Dual SIM;TFT;, -;480 x 854 pixels, 16:9 ratio;Android 4.2 (Jelly Bean);;;;microSDHC (dedicated slot);;5 MP;Yes;1.3 MP;Wi-Fi 802.11 b/g/n;4.0, A2DP;GPS;No;FM radio;microUSB;Accelerometer, proximity;;Li-Ion 1730 mAh, removable;Up to 350 h;Up to 5 h;Black, White;;;;;HSDPA 2100;HSPA;About 80 EUR;;;;
https://www.gsmarena.com/spice_mi_437_stellar_nhance_2-5810.php;https://fdn2.gsmarena.com/vv/bigpic/spice-mi-437.jpg;Spice Mi-437 Stellar Nhance 2;Released 2013, October;108g, 10.5mm thickness;Android 4.2;microSDHC slot;2;N/A;127,762 hits;;480x800 pixels; ;;1400 mAh Li-Ion;GSM 900 / 1800 - SIM 1 & SIM 2;;;2013, October. Released 2013, October;Discontinued;124.5 x 65.5 x 10.5 mm (4.90 x 2.58 x 0.41 in);108 g (3.81 oz);Dual SIM;TFT;, -;480 x 800 pixels, 5:3 ratio;Android 4.2 (Jelly Bean);;;;microSDHC (dedicated slot);;3.15 MP;Yes;1.3 MP;Wi-Fi 802.11 b/g/n;Yes;GPS;No;FM radio;microUSB;Accelerometer, proximity;;Li-Ion 1400 mAh battery;Up to 400 h;Up to 7 h;Gray;;;;;HSDPA 2100;HSPA;About 70 EUR;;;;
https://www.gsmarena.com/spice_mi_436_stellar_glamour-5653.php;https://fdn2.gsmarena.com/vv/bigpic/spice-mi-436.jpg;Spice Mi-436 Stellar Glamour;Released 2013, August;100g, 11.5mm thickness;Android 4.2;microSDHC slot;10;N/A;562,372 hits;"4.0""";480x800 pixels; ;MT6572;1400 mAh Li-Ion;GSM 850 / 900 / 1800 / 1900 - SIM 1 & SIM 2;;;2013, August;Discontinued;125 x 65.8 x 11.5 mm (4.92 x 2.59 x 0.45 in);100 g (3.53 oz);Dual SIM;TFT;4.0 inches, 45.5 cm(~55.4% screen-to-body ratio);480 x 800 pixels, 5:3 ratio (~233 ppi density);Android 4.2 (Jelly Bean);Mediatek MT6572 (28 nm);Dual-core 1.2 GHz Cortex-A7;Mali-400;microSDHC (dedicated slot);;5 MP;Yes;1.3 MP;Wi-Fi 802.11 b/g/n;3.0;GPS;No;FM radio;microUSB;Accelerometer, proximity;;Li-Ion 1400 mAh battery;Up to 170 h;Up to 4 h 30 min;Blue, Red/black;;;;;HSDPA 2100;HSPA;About 70 EUR;;;;
https://www.gsmarena.com/spice_mi_354_smartflo_space-5652.php;https://fdn2.gsmarena.com/vv/bigpic/spice-mi-354.jpg;Spice Mi-354 Smartflo Space;Released 2013, August;125g, 12.4mm thickness;Android 4.2;microSDHC slot;2;N/A;221,039 hits;"3.5""";320x480 pixels; ;MT6517;1450 mAh Li-Ion;GSM 900 / 1800 - SIM 1 & SIM 2;Class 12;Class 12;2013, August;Discontinued;118.2 x 60.8 x 12.4 mm (4.65 x 2.39 x 0.49 in);125 g (4.41 oz);Dual SIM;TFT;3.5 inches, 36.5 cm(~50.8% screen-to-body ratio);320 x 480 pixels, 3:2 ratio (~165 ppi density);Android 4.2 (Jelly Bean);Mediatek MT6517;Dual-core 1.0 GHz Cortex-A9;PowerVR SGX531u;microSDHC (dedicated slot);;3.15 MP;Yes;1.3 MP;Wi-Fi 802.11 b/g/n;3.0;GPS;No;FM radio;microUSB;Accelerometer, proximity;;Li-Ion 1450 mAh battery;Up to 200 h;Up to 6 h;Black/silver, White/silver;;;;;;;About 40 EUR;;;;
https://www.gsmarena.com/spice_mi_525_pinnacle_fhd-5594.php;https://fdn2.gsmarena.com/vv/bigpic/spice-pinnacle-fhd-mi-525.jpg;Spice Mi-525 Pinnacle FHD;Released 2013, July;175g, 9.3mm thickness;Android 4.2;8GB storage, microSDHC;14;N/A;544,671 hits;"5.0""";1080x1920 pixels;1 GB RAM;MT6589;2100 mAh Li-Ion;GSM 900 / 1800 - SIM 1 & SIM 2;;;2013, June. Released 2013, July;Discontinued;149.4 x 74.9 x 9.3 mm (5.88 x 2.95 x 0.37 in);175 g (6.17 oz);Dual SIM;IPS LCD;5.0 inches, 68.9 cm(~61.6% screen-to-body ratio);1080 x 1920 pixels, 16:9 ratio (~441 ppi density);Android 4.2 (Jelly Bean);Mediatek MT6589 (28 nm);Quad-core 1.5 GHz Cortex-A7;PowerVR SGX544;microSDHC (dedicated slot);8GB 1GB RAM;8 MP, AF;1080p@30fps;2 MP;Wi-Fi 802.11 b/g/n, hotspot;4.0, A2DP;GPS;No;FM radio;microUSB 2.0;Accelerometer, gyro, proximity;;Li-Ion 2100 mAh, removable;Up to 362 h;Up to 7 h;Black/White;0.91 W/kg (head);Dual-LED flash;;;HSDPA 2100;HSPA;About 160 EUR;;;;
https://www.gsmarena.com/spice_mi_515_coolpad-5546.php;https://fdn2.gsmarena.com/vv/bigpic/spice-mi-515.jpg;Spice Mi-515 Coolpad;Released 2013, June;161g, 9.9mm thickness;Android 4.1;4GB 1GB RAM storage, microSDHC slot;18;N/A;700,064 hits;"5.0""";540x960 pixels;1 GB RAM;MT6589;2000 mAh Li-Ion;GSM 900 / 1800 / 1900 - SIM 1 & SIM 2;;;2013, June. Released 2013, June;Discontinued;140 x 73 x 9.9 mm (5.51 x 2.87 x 0.39 in);161 g (5.68 oz);Dual SIM;IPS LCD;5.0 inches, 68.9 cm(~67.4% screen-to-body ratio);540 x 960 pixels, 16:9 ratio (~220 ppi density);Android 4.1 (Jelly Bean);Mediatek MT6589 (28 nm);Quad-core 1.2 GHz Cortex-A7;PowerVR SGX544;microSDHC (dedicated slot);4GB 1GB RAM;5 MP, AF;Yes;VGA;Wi-Fi 802.11 b/g/n;3.0;GPS;No;FM radio;microUSB 2.0;Accelerometer;;Li-Ion 2000 mAh, removable;;;Black;0.37 W/kg (head);LED flash;;;HSDPA 900 / 2100;HSPA;About 130 EUR;;;;
https://www.gsmarena.com/spice_mi_510_stellar_prime-5528.php;https://fdn2.gsmarena.com/vv/bigpic/spice-510.jpg;Spice Mi-510 Stellar Prime;Released 2013, July;176g, 9.9mm thickness;Android 4.2;microSDHC slot;4;N/A;233,769 hits;"5.0""";480x854 pixels; ;MT6589;2100 mAh Li-Ion;GSM 900 / 1800 - SIM 1 & SIM 2;;;2013, June. Released 2013, July;Discontinued;145 x 74 x 9.9 mm (5.71 x 2.91 x 0.39 in);176 g (6.21 oz);Dual SIM (Mini-SIM);TFT;5.0 inches, 68.9 cm(~64.2% screen-to-body ratio);480 x 854 pixels, 16:9 ratio (~196 ppi density);Android 4.2 (Jelly Bean);Mediatek MT6589 (28 nm);Quad-core 1.2 GHz Cortex-A7;PowerVR SGX544;microSDHC (dedicated slot);;8 MP;Yes;3 MP;Wi-Fi 802.11 b/g/n;3.0;GPS;No;FM radio;microUSB;Accelerometer;;Li-Ion 2100 mAh, removable;Up to 250 h;Up to 6 h;White;;LED flash;;;HSDPA 2100;HSPA;About 220 EUR;;SRS audio;;
https://www.gsmarena.com/spice_mi_505_stellar_horizon_pro-5527.php;https://fdn2.gsmarena.com/vv/bigpic/spice-505.jpg;Spice Mi-505 Stellar Horizon Pro;Released 2013, May;186g, 9.6mm thickness;Android 4.0;microSDHC slot;4;N/A;283,918 hits;"5.0""";480x800 pixels; ;MT6577;2100 mAh Li-Ion;GSM 900 / 1800 - SIM 1 & SIM 2;;;2013, May. Released 2013, May;Discontinued;148 x 77.2 x 9.6 mm (5.83 x 3.04 x 0.38 in);186 g (6.56 oz);Dual SIM (Mini-SIM);TFT;5.0 inches, 71.2 cm(~62.3% screen-to-body ratio);480 x 800 pixels, 5:3 ratio (~187 ppi density);Android 4.0 (Ice Cream Sandwich);Mediatek MT6577 (40 nm);Dual-core 1.0 GHz Cortex-A9;PowerVR SGX531u;microSDHC (dedicated slot);;5 MP;Yes;1.3 MP;Wi-Fi 802.11 b/g/n;4.0, A2DP;GPS;No;FM radio;microUSB;Accelerometer;;Li-Ion 2100 mAh battery;Up to 200 h;Up to 4 h 20 min;White;;Dual-LED flash;;;HSDPA 900 / 2100;HSPA;About 90 EUR;;;;
https://www.gsmarena.com/spice_mi_491_stellar_virtuoso_pro-5526.php;https://fdn2.gsmarena.com/vv/bigpic/spice-491.jpg;Spice Mi-491 Stellar Virtuoso Pro;Released 2013, July;143g, 9.9mm thickness;Android 4.1;microSDHC slot;3;N/A;169,699 hits;"4.5""";480x854 pixels; ;MT6577;1700 mAh Li-Ion;GSM 900 / 1800 - SIM 1 & SIM 2;;;2013, June. Released 2013, July;Discontinued;135 x 68 x 9.9 mm (5.31 x 2.68 x 0.39 in);143 g (5.04 oz);Dual SIM (Mini-SIM);TFT;4.5 inches, 55.8 cm(~60.8% screen-to-body ratio);480 x 854 pixels, 16:9 ratio (~218 ppi density);Android 4.1 (Jelly Bean);Mediatek MT6577 (40 nm);Dual-core 1.0 GHz Cortex-A9;PowerVR SGX531u;microSDHC (dedicated slot);;5 MP;Yes;1.3 MP;Wi-Fi 802.11 b/g/n;3.0;A-GPS only;No;FM radio;microUSB;Accelerometer;;Li-Ion 1700 mAh battery;Up to 210 h;Up to 5 h;Black;;;;;HSDPA 2100;HSPA;About 80 EUR;;SRS audio;;
https://www.gsmarena.com/spice_mi_450_smartflo_ivory-5525.php;https://fdn2.gsmarena.com/vv/bigpic/spice-450.jpg;Spice Mi-450 Smartflo Ivory;Released 2013, May;130g, 11.1mm thickness;Android 4.0;microSDHC slot;4;N/A;231,504 hits;"4.5""";480x800 pixels; ;MT6517;1500 mAh Li-Ion;GSM 900 / 1800 - SIM 1 & SIM 2;Class 12;Class 12;2013, May. Released 2013, May;Discontinued;131.7 x 68.5 x 11.1 mm (5.19 x 2.70 x 0.44 in);130 g (4.59 oz);Dual SIM (Mini-SIM);TFT;4.5 inches, 57.6 cm(~63.9% screen-to-body ratio);480 x 800 pixels, 5:3 ratio (~207 ppi density);Android 4.0 (Ice Cream Sandwich);Mediatek MT6517;Dual-core 1.0 GHz Cortex-A9;PowerVR SGX531u;microSDHC (dedicated slot);;3.15 MP;Yes;1.3 MP;Wi-Fi 802.11 b/g/n;Yes;A-GPS only;No;FM radio;microUSB;Accelerometer;;Li-Ion 1500 mAh battery;Up to 250 h;Up to 6 h;White;;LED flash;;;;;About 70 EUR;;;;
https://www.gsmarena.com/spice_mi_422_smartflo_pace-5524.php;https://fdn2.gsmarena.com/vv/bigpic/spice-422.jpg;Spice Mi-422 Smartflo Pace;Released 2013, May;90g, 10.9mm thickness;Android 4.0;microSDHC slot;1;N/A;158,607 hits;"4.0""";480x800 pixels; ;MT6515;1300 mAh Li-Ion;GSM 900 / 1800 - SIM 1 & SIM 2;Class 12;Class 12;2013, May. Released 2013, May;Discontinued;126 x 63.8 x 10.9 mm (4.96 x 2.51 x 0.43 in);90 g (3.17 oz);Dual SIM (Mini-SIM);TFT;4.0 inches, 45.5 cm(~56.7% screen-to-body ratio);480 x 800 pixels, 5:3 ratio (~233 ppi density);Android 4.0 (Ice Cream Sandwich);Mediatek MT6515;1.0 GHz Cortex-A9;PowerVR SGX531;microSDHC (dedicated slot);;3.15 MP;Yes;1.3 MP;Wi-Fi 802.11 b/g/n;Yes;A-GPS only;No;FM radio;microUSB;Accelerometer;;Li-Ion 1300 mAh, removable;Up to 190 h;Up to 4 h 30 min;White;;LED flash;;;;;About 50 EUR;;;;
https://www.gsmarena.com/spice_mi_353_stellar_jazz-5523.php;https://fdn2.gsmarena.com/vv/bigpic/spice-353.jpg;Spice Mi-353 Stellar Jazz;Released 2013, May;135g, 13.6mm thickness;Android 2.3;microSDHC slot;1;N/A;95,769 hits;"3.5""";320x480 pixels; ;;1500 mAh Li-Ion;GSM 900 / 1800 - SIM 1 & SIM 2;;;2013, May. Released 2013, May;Discontinued;124.1 x 63.7 x 13.6 mm (4.89 x 2.51 x 0.54 in);135 g (4.76 oz);Dual SIM (Mini-SIM);TFT;3.5 inches, 36.5 cm(~46.1% screen-to-body ratio);320 x 480 pixels, 3:2 ratio (~165 ppi density);Android 2.3 (Gingerbread);;;;microSDHC (dedicated slot);;3.15 MP;Yes;1.3 MP;Wi-Fi 802.11 b/g/n;3.0;GPS;No;FM radio;microUSB;Accelerometer;;Li-Ion 1500 mAh, removable;Up to 150 h;Up to 3 h 30 min;White;;LED flash;;;HSDPA 2100;HSPA;About 40 EUR;;;;
https://www.gsmarena.com/spice_mi_725_stellar_slatepad-5442.php;https://fdn2.gsmarena.com/vv/bigpic/spice-mi-725.jpg;Spice Mi-725 Stellar Slatepad;Released 2013, May;450g, 12.2mm thickness;Android 4.1;microSDHC slot;2;N/A;106,993 hits;"7.0""";600x1024 pixels; ;;3000 mAh Li-Po;GSM 900 / 1800;;;2013, May. Released 2013, May;Discontinued;194.4 x 124.5 x 12.2 mm (7.65 x 4.90 x 0.48 in);450 g (0.99 lb);Yes;TFT;7.0 inches, 137.9 cm(~57.0% screen-to-body ratio);600 x 1024 pixels, 16:9 ratio (~170 ppi density);Android 4.1 (Jelly Bean);;;;microSDHC (dedicated slot);;3.15 MP;Yes;1.3 MP;Wi-Fi 802.11 b/g/n;4.0, A2DP;GPS;No;FM radio;microUSB;Accelerometer;;Li-Po 3000 mAh, non-removable;Up to 400 h;Up to 10 h;White;;;;;HSDPA 2100;HSPA;About 120 EUR;;;;
https://www.gsmarena.com/spice_mi_502_smartflo_pace2-5441.php;https://fdn2.gsmarena.com/vv/bigpic/spice-mi-502.jpg;Spice Mi-502 Smartflo Pace2;Released 2013, May;185g, 9.6mm thickness;Android 4.0;512MB storage, microSDHC slot;5;N/A;562,955 hits;"5.0""";480x800 pixels; ;;2100 mAh Li-Ion;GSM 900 / 1800 - SIM 1 & SIM 2;Class 12;Class 12;2013, May. Released 2013, May;Discontinued;148 x 77.2 x 9.6 mm (5.83 x 3.04 x 0.38 in);185 g (6.53 oz);Dual SIM;TFT;5.0 inches, 71.2 cm(~62.3% screen-to-body ratio);480 x 800 pixels, 5:3 ratio (~187 ppi density);Android 4.0 (Ice Cream Sandwich);;;;microSDHC (dedicated slot);512MB;5 MP, AF;Yes;1.3 MP;Wi-Fi 802.11 b/g/n;4.0, A2DP;A-GPS only;No;FM radio;microUSB 2.0, OTG;Accelerometer, proximity;;Li-Ion 2100 mAh, removable;Up to 288 h;Up to 4 h 20 min;White, Blue;;Dual-LED flash;;;;;About 100 EUR;;;;
https://www.gsmarena.com/spice_mi_535_stellar_pinnacle_pro-5440.php;https://fdn2.gsmarena.com/vv/bigpic/spice-mi-535.jpg;Spice Mi-535 Stellar Pinnacle Pro;Released 2013, May;196.3g, 10.3mm thickness;Android 4.2;16GB storage, microSDHC;37;N/A;546,607 hits;"5.3""";540x960 pixels;1 GB RAM;MT6589;2550 mAh Li-Po;GSM 900 / 1800 / 1900 - SIM 1 & SIM 2;;;2013, May. Released 2013, May;Discontinued;152 x 79 x 10.3 mm (5.98 x 3.11 x 0.41 in);196.3 g (6.91 oz);Dual SIM;IPS LCD;5.3 inches, 77.4 cm(~64.5% screen-to-body ratio);540 x 960 pixels, 16:9 ratio (~208 ppi density);Android 4.2 (Jelly Bean);Mediatek MT6589 (28 nm);Quad-core 1.2 GHz Cortex-A7;PowerVR SGX544;microSDHC (dedicated slot);16GB 1GB RAM;8 MP, AF;Yes;5 MP;Wi-Fi 802.11 b/g/n;4.0, A2DP;GPS;No;FM radio;microUSB 2.0, OTG;Accelerometer, gyro, proximity, compass;;Li-Po 2550 mAh, removable;Up to 700 h;Up to 4 h 12 min;Brown;;Dual-LED flash;;;HSDPA 900 / 2100 - SIM 1 & SIM 2;HSPA;About 210 EUR;;;;
https://www.gsmarena.com/spice_mi_530_stellar_pinnacle-5278.php;https://fdn2.gsmarena.com/vv/bigpic/Spice-Stellar-Pinnacle-Mi-530.jpg;Spice Mi-530 Stellar Pinnacle;Released 2013, February;196.3g, 10.3mm thickness;Android 4.0, up to 4.1;16GB storage, microSDHC;34;N/A;493,453 hits;"5.3""";540x960 pixels;1 GB RAM;;2550 mAh Li-Ion;GSM 900 / 1800 - SIM 1 & SIM 2;;;2013, January. Released 2013, February;Discontinued;152 x 79 x 10.3 mm (5.98 x 3.11 x 0.41 in);196.3 g (6.91 oz);Dual SIM (Mini-SIM);TFT;5.3 inches, 77.4 cm(~64.5% screen-to-body ratio);540 x 960 pixels, 16:9 ratio (~208 ppi density);Android 4.0 (Ice Cream Sandwich), upgradable to 4.1 (Jelly Bean);;;;microSDHC (dedicated slot);16GB 1GB RAM;8 MP, AF;Yes;5 MP;Wi-Fi 802.11 b/g/n;4.0, A2DP;GPS;No;FM radio;microUSB 2.0, OTG;Accelerometer, proximity, compass;;Li-Ion 2550 mAh, removable;Up to 700 h;Up to 4 h 12 min;Black;;LED flash;;;HSDPA 2100 - SIM 1 & SIM 2;HSPA;About 190 EUR;;;;
https://www.gsmarena.com/spice_mi_1010_stellar_pad-5223.php;https://fdn2.gsmarena.com/vv/bigpic/spice-mi-1010.jpg;Spice Mi-1010 Stellar Pad;Released 2013, January;;Android 4.1;microSDHC slot;7;N/A;185,234 hits;"10.0""";1280x800 pixels; ;;7600 mAh Li-Po;N/A;No;No;2013, January. Released 2013, January;Discontinued;-;-;No;IPS LCD;10.0 inches, 290.0 cm;1280 x 800 pixels, 16:10 ratio (~151 ppi density);Android 4.1 (Jelly Bean);;;;microSDHC (dedicated slot);;3.15 MP;Yes;VGA;Wi-Fi 802.11 b/g/n;No;No;No;No;microUSB;Accelerometer;HDMI port;Li-Po 7600 mAh, non-removable;;;Silver;;;;;;;About 180 EUR;;;;
https://www.gsmarena.com/spice_mi_495_stellar_virtuoso-5222.php;https://fdn2.gsmarena.com/vv/bigpic/spice-mi-495.jpg;Spice Mi-495 Stellar Virtuoso;Released 2013, January;;Android 4.0;microSDHC slot;9;N/A;303,106 hits;"4.5""";540x960 pixels; ;;1700 mAh Li-Ion;GSM 900 / 1800 - SIM 1 & SIM 2;;;2013, January. Released 2013, January;Discontinued;-;-;Dual SIM (Mini-SIM);TFT;4.5 inches, 55.8 cm;540 x 960 pixels, 16:9 ratio (~245 ppi density);Android 4.0 (Ice Cream Sandwich);;;;microSDHC (dedicated slot);;8 MP, AF;Yes;1.3 MP;Wi-Fi 802.11 b/g/n;4.0, A2DP;GPS;No;FM radio;microUSB;Accelerometer, proximity;;Li-Ion 1700 mAh battery;;;Black/Silver;;LED flash;;;HSDPA 2100;HSPA;About 150 EUR;;;;
https://www.gsmarena.com/spice_mi_500_stellar_horizon-5052.php;https://fdn2.gsmarena.com/vv/bigpic/spice-mi-500-stellar-horizon.jpg;Spice Mi-500 Stellar Horizon;Released 2012, October;205g, 10.5mm thickness;Android 4.0;4GB 512MB RAM storage, microSDHC slot;20;N/A;393,245 hits;"5.0""";480x800 pixels;512 MB RAM;MT6577;2400 mAh Li-Ion;GSM 850 / 900 / 1800 / 1900 - SIM 1 & SIM 2;;;2012, September. Released 2012, October;Discontinued;143 x 77.4 x 10.5 mm (5.63 x 3.05 x 0.41 in);205 g (7.23 oz);Dual SIM (Mini-SIM, dual stand-by);TFT;5.0 inches, 71.2 cm(~64.3% screen-to-body ratio);480 x 800 pixels, 5:3 ratio (~187 ppi density);Android 4.0 (Ice Cream Sandwich);Mediatek MT6577 (40 nm);Dual-core 1.0 GHz Cortex-A9;PowerVR SGX531u;microSDHC (dedicated slot);4GB 512MB RAM;5 MP, AF;Yes;VGA;Wi-Fi 802.11 b/g/n, hotspot;Yes;GPS;No;FM radio;Proprietary;Accelerometer, proximity;MP4/WMV/H.263 playerMP3/WAV/AAC+ playerDocument viewerPhoto/video editor;Li-Ion 2400 mAh, removable;Up to 200 h;Up to 6 h;White;;Dual-LED flash;;;HSDPA 2100;HSPA 7.2/5.76 Mbps;About 180 EUR;;;;
https://www.gsmarena.com/spice_mi_285_stellar-5045.php;https://fdn2.gsmarena.com/vv/bigpic/spice-stellar-mi-285.jpg;Spice Mi-285 Stellar;Released 2012, June;79g, 12.7mm thickness;Android 2.3;microSDHC slot;9;N/A;139,960 hits;"2.8""";240x320 pixels; ;MT6573;1400 mAh Li-Ion;GSM 900 / 1800 - SIM 1 & SIM 2;;;2012, June. Released 2012, June;Discontinued;116.5 x 58.4 x 12.7 mm (4.59 x 2.30 x 0.5 in);79 g (2.79 oz);Dual SIM (Mini-SIM);TFT, 256K colors;2.8 inches, 24.3 cm(~35.7% screen-to-body ratio);240 x 320 pixels, 4:3 ratio (~143 ppi density);Android 2.3 (Gingerbread);Mediatek MT6573 (65 nm);650 MHz Cortex-A9;PowerVR SGX531;microSDHC (dedicated slot);;3.15 MP;Yes;No;Wi-Fi 802.11 b/g/n;Yes;GPS;No;Wireless FM radio (no wired headphones required);Proprietary;;;Li-Ion 1400 mAh, removable;Up to 480 h;Up to 6 h;Black;;;;;HSDPA 2100 - SIM 1 only;Yes, 384 kbps;About 60 EUR;;;;
https://www.gsmarena.com/spice_m_5665_t2-5044.php;https://fdn2.gsmarena.com/vv/bigpic/spice-t2-m-5665.jpg;Spice M-5665 T2;Released 2012, April;89g, 12.8mm thickness;Feature phone;microSDHC slot;6;N/A;102,432 hits;"2.6""";240x320 pixels; ;;1200 mAh Li-Ion;GSM 900 / 1800 - SIM 1 & SIM 2;Yes;No;2012, April. Released 2012, April;Discontinued;112.8 x 60.5 x 12.8 mm (4.44 x 2.38 x 0.50 in);89 g (3.14 oz);Dual SIM (Mini-SIM);TFT, 56K colors;2.6 inches, 20.9 cm(~30.7% screen-to-body ratio);240 x 320 pixels, 4:3 ratio;;;;;microSDHC (dedicated slot);;1.3 MP;Yes;No;No;Yes;No;No;FM radio;Proprietary;;;Li-Ion 1200 mAh, removable;Up to 500 h;Up to 6 h;White;;;;;;;About 30 EUR;;;;
https://www.gsmarena.com/spice_m_5566_flo_entertainer-5043.php;https://fdn2.gsmarena.com/vv/bigpic/spice-flo-entertainer-m-5566.jpg;Spice M-5566 Flo Entertainer;Released 2012, September;65.2g, 12.4mm thickness;Feature phone;microSDHC slot;8;N/A;88,340 hits;"2.8""";240x320 pixels; ;;1000 mAh Li-Ion;GSM 900 / 1800 - SIM 1 & SIM 2;No;No;2012, September. Released 2012, September;Discontinued;104 x 54 x 12.4 mm (4.09 x 2.13 x 0.49 in);65.2 g (2.29 oz);Dual SIM (Mini-SIM);TFT, 56K colors;2.8 inches, 24.3 cm(~43.2% screen-to-body ratio);240 x 320 pixels, 4:3 ratio (~143 ppi density);;;;;microSDHC (dedicated slot);;VGA;Yes;No;No;Yes;No;No;Wireless FM radio (no wired headphones required);Proprietary;;;Li-Ion 1000 mAh, removable;Up to 500 h;Up to 3 h 20 min;White;;;;;;;About 30 EUR;;;;
https://www.gsmarena.com/spice_m_5900_flo_tv_pro-5042.php;https://fdn2.gsmarena.com/vv/bigpic/spice-flo-tv-pro.jpg;Spice M-5900 Flo TV Pro;Released 2012, August;70g, 13.6mm thickness;Feature phone;microSDHC slot;6;N/A;118,818 hits;"3.5""";320x480 pixels; ;;1000 mAh Li-Ion;GSM 900 / 1800 - SIM 1 & SIM 2;Yes;No;2012, August. Released 2012, August;Discontinued;114 x 62 x 13.6 mm (4.49 x 2.44 x 0.54 in);70 g (2.47 oz);Dual SIM (Mini-SIM);TFT, 256K colors;3.5 inches, 36.5 cm(~51.6% screen-to-body ratio);320 x 480 pixels, 3:2 ratio (~165 ppi density);;;;;microSDHC (dedicated slot);;1.3 MP;Yes;No;No;Yes;No;No;FM radio, recording;Proprietary;;;Li-Ion 1000 mAh, removable;Up to 200 h;Up to 3 h 30 min;Black;;;;;;;About 40 EUR;;;;
https://www.gsmarena.com/spice_m_6688_flo_magic-5040.php;https://fdn2.gsmarena.com/vv/bigpic/spice-flo-magic.jpg;Spice M-6688 Flo Magic;Released 2012, June;80g, 12.9mm thickness;Feature phone;microSDHC slot;8;N/A;72,442 hits;"3.2""";240x400 pixels; ;;1000 mAh Li-Ion;GSM 900 / 1800 - SIM 1 & SIM 2;Yes;Yes;2012, June. Released 2012, June;Discontinued;111.7 x 55 x 12.9 mm (4.40 x 2.17 x 0.51 in);80 g (2.82 oz);Dual SIM (Mini-SIM);TFT, 256K colors;3.2 inches, 29.1 cm(~47.4% screen-to-body ratio);240 x 400 pixels, 5:3 ratio (~146 ppi density);;;;;microSDHC (dedicated slot);;3.15 MP;Yes;No;Wi-Fi 802.11 b/g/n;Yes;No;No;FM radio, recording;Proprietary;;;Li-Ion 1000 mAh, removable;Up to 340 h;Up to 4 h;Black;;;;;;;About 50 EUR;;;;
https://www.gsmarena.com/spice_m_5460_flo-5041.php;https://fdn2.gsmarena.com/vv/bigpic/spice-m-5460.jpg;Spice M-5460 Flo;Released 2012, January;63g, 13.5mm thickness;Feature phone;microSDHC slot;5;N/A;82,900 hits;"2.6""";240x320 pixels; ;;1000 mAh Li-Ion;GSM 900 / 1800 - SIM 1 & SIM 2;Yes;No;2012, January. Released 2012, January;Discontinued;96 x 54 x 13.5 mm (3.78 x 2.13 x 0.53 in);63 g (2.22 oz);Dual SIM (Mini-SIM);TFT, 56K colors;2.6 inches, 20.9 cm(~40.4% screen-to-body ratio);240 x 320 pixels, 4:3 ratio (~154 ppi density);;;;;microSDHC (dedicated slot);;Yes;Yes;No;No;Yes;No;No;FM radio;Proprietary;;;Li-Ion 1000 mAh, removable;Up to 200 h;Up to 3 h 20 min;Black;;LED flash;;;;;About 30 EUR;;;;
https://www.gsmarena.com/spice_m_5455_flo-5039.php;https://fdn2.gsmarena.com/vv/bigpic/spice-m-5455.jpg;Spice M-5455 Flo;Released 2011, November;80g, 13.7mm thickness;Feature phone;microSDHC slot;8;N/A;77,659 hits;"2.4""";240x320 pixels; ;;950 mAh Li-Ion;GSM 900 / 1800 - SIM 1 & SIM 2;Yes;No;2011, November. Released 2011, November;Discontinued;93.6 x 51.6 x 13.7 mm (3.69 x 2.03 x 0.54 in);80 g (2.82 oz);Dual SIM (Mini-SIM);TFT, 56K colors;2.4 inches, 17.8 cm(~36.9% screen-to-body ratio);240 x 320 pixels, 4:3 ratio (~167 ppi density);;;;;microSDHC (dedicated slot);;1.3 MP;Yes;No;No;Yes;No;No;FM radio;Proprietary;;;Li-Ion 950 mAh, removable;Up to 200 h;Up to 3 h 30 min;Black;;;;;;;About 30 EUR;;;;
https://www.gsmarena.com/spice_m_5365_boss_killer-5038.php;https://fdn2.gsmarena.com/vv/bigpic/spice-boss-killer.jpg;Spice M-5365 Boss Killer;Released 2012, August;101g, 15mm thickness;Feature phone;microSDHC slot;7;N/A;87,557 hits;"2.4""";240x320 pixels; ;;1800 mAh Li-Ion;GSM 900 / 1800 - SIM 1 & SIM 2;Yes;No;2012, August. Released 2012, August;Discontinued;118 x 53 x 15 mm (4.65 x 2.09 x 0.59 in);101 g (3.56 oz);Dual SIM (Mini-SIM);TFT, 65K colors;2.4 inches, 17.8 cm(~28.5% screen-to-body ratio);240 x 320 pixels, 4:3 ratio (~167 ppi density);;;;;microSDHC (dedicated slot);;1.3 MP;Yes;No;No;Yes;No;No;FM radio;No;;;Li-Ion 1800 mAh, removable;Up to 650 h;Up to 8 h;Black;;;;;;;About 20 EUR;;;;
https://www.gsmarena.com/spice_m_5400_boss_tv-5037.php;https://fdn2.gsmarena.com/vv/bigpic/spice-boss-tv.jpg;Spice M-5400 Boss TV;Released 2012, September;113g, 14.5mm thickness;Feature phone;microSDHC slot;7;N/A;125,644 hits;"2.8""";240x320 pixels; ;;1800 mAh Li-Ion;GSM 900 / 1800 - SIM 1 & SIM 2;Yes;No;2012, September. Released 2012, September;Discontinued;123 x 57 x 14.5 mm (4.84 x 2.24 x 0.57 in);113 g (3.99 oz);Dual SIM (Mini-SIM);TFT, 256K colors;2.8 inches, 24.3 cm(~34.6% screen-to-body ratio);240 x 320 pixels, 4:3 ratio (~143 ppi density);;;;;microSDHC (dedicated slot);;1.3 MP;Yes;No;No;Yes;No;No;Wireless FM radio (no wired headphones required);Proprietary;;;Li-Ion 1800 mAh, removable;Up to 360 h;Up to 6 h;Black;;;;;;;About 30 EUR;;;;
https://www.gsmarena.com/spice_m_5200_boss_don-5036.php;https://fdn2.gsmarena.com/vv/bigpic/spice-boss-don.jpg;Spice M-5200 Boss Don;Released 2012, August;70g, 16.5mm thickness;Feature phone;microSDHC slot;7;N/A;81,908 hits;"2.0""";176x220 pixels; ;;1800 mAh Li-Ion;GSM 900 / 1800 - SIM 1 & SIM 2;No;No;2012, August. Released 2012, August;Discontinued;113 x 47.2 x 16.5 mm (4.45 x 1.86 x 0.65 in);70 g (2.47 oz);Dual SIM (Mini-SIM);TFT, 65K colors;2.0 inches, 12.6 cm(~23.6% screen-to-body ratio);176 x 220 pixels (~141 ppi density);;;;;microSDHC (dedicated slot);;1.3 MP;Yes;No;No;Yes;No;No;FM radio;Proprietary;;;Li-Ion 1800 mAh, removable;Up to 600 h;Up to 8 h;Black;;;;;;;About 20 EUR;;;;
https://www.gsmarena.com/spice_m_5390_boss_double_xl-5035.php;https://fdn2.gsmarena.com/vv/bigpic/spice-boss-dooble-excel.jpg;Spice M-5390 Boss Double XL;Released 2012, August;70g, 14.9mm thickness;Feature phone;microSDHC slot;7;N/A;69,078 hits;"2.6""";240x320 pixels; ;;2200 mAh Li-Ion;GSM 900 / 1800 - SIM 1 & SIM 2;No;No;2012, August. Released 2012, August;Discontinued;118.8 x 52.5 x 14.9 mm (4.68 x 2.07 x 0.59 in);70 g (2.47 oz);Dual SIM (Mini-SIM);TFT, 65K colors;2.6 inches, 20.9 cm(~33.6% screen-to-body ratio);240 x 320 pixels, 4:3 ratio (~154 ppi density);;;;;microSDHC (dedicated slot);;1.3 MP;Yes;No;No;Yes;No;No;"FM radio; built-in antenna";Proprietary;;;Li-Ion 2200 mAh, removable;Up to 700 h;Up to 10 h;Black;;;;;;;About 30 EUR;;;;
https://www.gsmarena.com/spice_m_5250_boss_item-5034.php;https://fdn2.gsmarena.com/vv/bigpic/spice-boss-itom.jpg;Spice M-5250 Boss Item;Released 2012, June;95g, 14.8mm thickness;Feature phone;microSDHC slot;8;N/A;87,582 hits;"2.2""";176x220 pixels; ;;1500 mAh Li-Ion;GSM 900 / 1800 - SIM 1 & SIM 2;Yes;No;2012, June. Released 2012, June;Discontinued;114.8 x 47.5 x 14.8 mm (4.52 x 1.87 x 0.58 in);95 g (3.35 oz);Dual SIM (Mini-SIM);TFT, 65K colors;2.2 inches, 15.2 cm(~27.9% screen-to-body ratio);176 x 220 pixels;;;;;microSDHC (dedicated slot);;1.3 MP;Yes;No;No;Yes;No;No;FM radio;Proprietary;;;Li-Ion 1500 mAh, removable;Up to 350 h;Up to 8 h;White;;;;;;;About 20 EUR;;;;
https://www.gsmarena.com/spice_m_5363_boss-5046.php;https://fdn2.gsmarena.com/vv/bigpic/spice-boss-champion.jpg;Spice M-5363 Boss;Released 2012, June;102g, 13mm thickness;Feature phone;microSDHC slot;6;N/A;65,127 hits;"2.4""";240x320 pixels; ;;1800 mAh Li-Ion;GSM 900 / 1800 - SIM 1 & SIM 2;No;No;2012, June. Released 2012, June;Discontinued;100 x 60.6 x 13 mm (3.94 x 2.39 x 0.51 in);102 g (3.60 oz);Dual SIM (Mini-SIM);TFT, 256K colors;2.4 inches, 17.8 cm(~29.4% screen-to-body ratio);240 x 320 pixels, 4:3 ratio (~167 ppi density);;;;;microSDHC (dedicated slot);;1.3 MP;Yes;No;No;Yes;No;No;FM radio, recording;Proprietary;;;Li-Ion 1800 mAh, removable;Up to 400 h;Up to 9 h;Black;;;;;;;About 20 EUR;;;;
https://www.gsmarena.com/spice_mi_355_stellar_craze-4991.php;https://fdn2.gsmarena.com/vv/bigpic/spice-mi-355.jpg;Spice Mi-355 Stellar Craze;Released 2012, August;80g, 11.5mm thickness;Android 2.3, up to 4.0;140MB 512MB RAM storage, microSDHC slot;9;N/A;160,207 hits;"3.5""";320x480 pixels;512 MB RAM;MT6573;1420 mAh Li-Ion;GSM 900 / 1800 - SIM 1 & SIM 2;;;2012, August. Released 2012, August;Discontinued;118 x 62 x 11.5 mm (4.65 x 2.44 x 0.45 in);80 g (2.82 oz);Dual SIM (Mini-SIM);TFT, 256K colors;3.5 inches, 36.5 cm(~49.9% screen-to-body ratio);320 x 480 pixels, 3:2 ratio (~165 ppi density);Android 2.3 (Gingerbread), upgradable to 4.0 (Ice Cream Sandwich);Mediatek MT6573 (65 nm);800 MHz Cortex-A9;PowerVR SGX531;microSDHC (dedicated slot);140MB 512MB RAM;5 MP;Yes;VGA;Wi-Fi 802.11 b/g/n;Yes;GPS;;FM radio;Proprietary;Accelerometer, proximity;MP4/WMV/H.263 playerMP3/WAV/AAC+ playerOrganizerPhoto/video editorVoice memoPredictive text input;Removable Li-Ion 1420 mAh battery;Up to 192 h;Up to 4 h;White;;LED flash;;;HSDPA 900 / 2100;HSPA;About 100 EUR;;;;
https://www.gsmarena.com/spice_mi_425_stellar-4834.php;https://fdn2.gsmarena.com/vv/bigpic/spice-mi-425-stellar.jpg;Spice Mi-425 Stellar;Released 2012, June;110g, 12.5mm thickness;Android 2.3, up to 4.0;149MB storage, microSDHC slot;13;N/A;516,700 hits;"4.0""";480x800 pixels; ;;2000 mAh Li-Ion;GSM 900 / 1800;;;2012, June. Released 2012, June;Discontinued;125 x 63.5 x 12.5 mm (4.92 x 2.5 x 0.49 in);110 g (3.88 oz);Mini-SIM;TFT, 256K colors;4.0 inches, 45.5 cm(~57.4% screen-to-body ratio);480 x 800 pixels, 5:3 ratio (~233 ppi density);Android 2.3 (Gingerbread), upgradable to 4.0 (Ice Cream Sandwich);;1.0 GHz;;microSDHC (dedicated slot);149MB;5 MP, AF;Yes;VGA;Wi-Fi 802.11 b/g, hotspot;Yes;GPS, A-GPS;;FM radio;Proprietary;Accelerometer, proximity, compass;MP4/WMV/H.263 playerMP3/WAV/AAC+ playerOrganizerDocument viewerPhoto/video editorVoice memoPredictive text input;Removable Li-Ion 2000 mAh battery;;;White/Black;0.36 W/kg (head);LED flash;;;HSDPA 2100;HSPA;About 90 EUR;;;;
https://www.gsmarena.com/spice_m_6868n_flo_me-4786.php;https://fdn2.gsmarena.com/vv/bigpic/spice-flo-me.jpg;Spice M-6868N FLO ME;Released 2012, Q2;87.3g, 12.8mm thickness;Feature phone;44MB storage, microSDHC slot;7;N/A;134,684 hits;"3.5""";320x480 pixels; ;;1150 mAh Li-Ion;GSM 900 / 1800;Yes;Yes;2012, Q2;Discontinued;116 x 60.9 x 12.8 mm (4.57 x 2.40 x 0.50 in);87.3 g (3.07 oz);Mini-SIM;TFT, 256K colors;3.5 inches, 36.5 cm(~51.6% screen-to-body ratio);320 x 480 pixels, 3:2 ratio (~165 ppi density);;;;;microSDHC (dedicated slot);44MB;3.2 MP;Yes;No;Wi-Fi 802.11 b/g;2.0;No;;FM radio, recording;microUSB;Accelerometer;SNS integrationMP4/H.263 playerMP3/AAC+ playerOrganizerVoice memoPredictive text input;Removable Li-Ion 1150 mAh battery;;;Black;;;;;;;About 50 EUR;;;0.85 W/kg (head);
https://www.gsmarena.com/spice_m_5600_flo_tv-4785.php;https://fdn2.gsmarena.com/vv/bigpic/spice-flo-tv.jpg;Spice M-5600 FLO TV;Released 2012, Q2;110g, 12.8mm thickness;Feature phone;microSDHC slot;6;N/A;197,036 hits;"3.2""";240x320 pixels; ;;1200 mAh Li-Ion;GSM 900 / 1800;Yes;No;2012, Q2;Discontinued;112.8 x 60.5 x 12.8 mm (4.44 x 2.38 x 0.50 in);110 g (3.88 oz);Mini-SIM;TFT;3.2 inches, 31.7 cm(~46.5% screen-to-body ratio);240 x 320 pixels, 4:3 ratio (~125 ppi density);;;;;microSDHC (dedicated slot);;1.3 MP;Yes;No;No;2.0;No;;FM radio, recording;microUSB;;SNS integrationAnalog TVMP4/H.263 playerMP3/AAC+ playerOrganizerVoice memoPredictive text input;Removable Li-Ion 1200 mAh battery;;;Black, White;;;;;;;About 30 EUR;;;0.76 W/kg (head);
https://www.gsmarena.com/spice_mi_280-4700.php;https://fdn2.gsmarena.com/vv/bigpic/spice-mobile-mi-280.jpg;Spice Mi-280;Released 2012, February;96g, 12.9mm thickness;Android 2.3;134MB storage, microSDHC slot;9;N/A;166,172 hits;"2.8""";240x320 pixels; ;MT6573;1000 mAh Li-Ion;GSM 900 / 1800 - SIM 1 & SIM 2;;;2012, February. Released 2012, February;Discontinued;105.5 x 57 x 12.9 mm (4.15 x 2.24 x 0.51 in);96 g (3.39 oz);Dual SIM (Mini-SIM);TFT;2.8 inches, 24.3 cm(~40.4% screen-to-body ratio);240 x 320 pixels, 4:3 ratio (~143 ppi density);Android 2.3 (Gingerbread);Mediatek MT6573 (65 nm);650 MHz Cortex-A9;PowerVR SGX531;microSDHC (dedicated slot);134MB;3.15 MP;Yes;VGA;Wi-Fi 802.11 b/g;2.1, A2DP;GPS, A-GPS;;FM radio;microUSB 2.0;Accelerometer, proximity, compass;MP4/H.263 playerMP3/AAC+ playerOrganizerVoice memoPredictive text input;Removable Li-Ion 1000 mAh battery;Up to 200 h;Up to 3 h 20 min;Black;;;;;HSDPA 2100;HSPA;About 70 EUR;;;;
https://www.gsmarena.com/spice_mi_350-4343.php;https://fdn2.gsmarena.com/vv/bigpic/spice-mi-350.jpg;Spice Mi-350;Released 2011, October;134g, 13.4mm thickness;Android 2.3;188MB storage, microSDHC slot;7;N/A;382,438 hits;"3.5""";320x480 pixels; ;MT6573;1500 mAh Li-Ion;GSM 900 / 1800 / 1900 - SIM 1 & SIM 2;;;2011, Q3. Released 2011, October;Discontinued;118 x 60 x 13.4 mm (4.65 x 2.36 x 0.53 in);134 g (4.76 oz);Dual SIM (Mini-SIM);TFT;3.5 inches, 36.5 cm(~51.5% screen-to-body ratio);320 x 480 pixels, 3:2 ratio (~165 ppi density);Android 2.3 (Gingerbread);Mediatek MT6573 (65 nm);650 MHz Cortex-A9;PowerVR SGX531;microSDHC (dedicated slot);188MB;3.15 MP;Yes;VGA;Wi-Fi 802.11, hotspot;2.1, A2DP;GPS, A-GPS;;FM radio;2.0;Accelerometer, proximity;MP4/H.263 playerMP3/AAC+ playerOrganizerVoice memoPredictive text input;Removable Li-Ion 1500 mAh battery;Up to 200 h;Up to 3 h;Black;;;;;HSDPA 900 / 2100;HSPA 7.2/5.76 Mbps;About 100 EUR;;;;
https://www.gsmarena.com/spice_m_6900_knight-4235.php;https://fdn2.gsmarena.com/vv/bigpic/spice-mi-6900-knight.jpg;Spice M-6900 Knight;Released 2011;167g, 11.6mm thickness;Feature phone;39MB storage, microSDHC slot;7;N/A;234,558 hits;"3.46""";320x480 pixels; ;;1400 mAh Li-Ion;GSM 900 / 1800 / 1900 - SIM 1 & SIM 2;Yes;Yes;2011;Discontinued;116 x 62.5 x 11.6 mm (4.57 x 2.46 x 0.46 in);167 g (5.89 oz);Dual SIM (Mini-SIM);TFT;3.46 inches, 35.6 cm(~49.2% screen-to-body ratio);320 x 480 pixels, 3:2 ratio (~167 ppi density);;;;;microSDHC (dedicated slot);39MB;3.15 MP;Yes;No;Wi-Fi 802.11 b/g/n;2.0, A2DP;No;;FM radio, recording;2.0;Proximity;SNS integrationMP4/H.263 playerMP3/AAC+ playerOrganizerVoice memoPredictive text input;Removable Li-Ion 1400 mAh battery;Up to 432 h;Up to 9 h 25 min;Black;;;;;;;About 80 EUR;;SRS audio;;
https://www.gsmarena.com/spice_m_6868-4236.php;https://fdn2.gsmarena.com/vv/bigpic/spice-mi-6868.jpg;Spice M-6868;Released 2011;91g, 12mm thickness;Feature phone;55MB storage, microSDHC slot;6;N/A;198,864 hits;"3.44""";320x480 pixels; ;;1200 mAh Li-Ion;GSM 900 / 1800 - SIM 1 & SIM 2;Yes;Yes;2011;Discontinued;114.5 x 63 x 12 mm (4.51 x 2.48 x 0.47 in);91 g (3.21 oz);Dual SIM (Mini-SIM);TFT;3.44 inches, 35.2 cm(~48.8% screen-to-body ratio);320 x 480 pixels, 3:2 ratio (~168 ppi density);;;;;microSDHC (dedicated slot);55MB;3.15 MP;Yes;No;Wi-Fi 802.11 b/g/n;2.1, A2DP;No;;FM radio, recording;2.0;;MP4/H.263 playerMP3/AAC+ playerOrganizerVoice memoPredictive text input;Removable Li-Ion 1200 mAh battery;Up to 450 h;Up to 4 h 30 min;Black;;;;;;;About 50 EUR;;;;
https://www.gsmarena.com/spice_m_6700-4237.php;https://fdn2.gsmarena.com/vv/bigpic/spice-mi-6700.jpg;Spice M-6700;Released 2011;100g, 13.2mm thickness;Feature phone;45MB storage, microSDHC slot;7;N/A;218,312 hits;"3.14""";240x400 pixels; ;;1000 mAh Li-Ion;GSM 900 / 1800;Yes;Yes;2011;Discontinued;111 x 54 x 13.2 mm (4.37 x 2.13 x 0.52 in);100 g (3.53 oz);Mini-SIM;TFT;3.14 inches, 28.1 cm(~46.8% screen-to-body ratio);240 x 400 pixels, 5:3 ratio (~149 ppi density);;;;;microSDHC (dedicated slot);45MB;3.15 MP;Yes;No;Wi-Fi 802.11 b/g/n;2.0, A2DP;No;;FM radio, recording;2.0;;MP4/H.263 playerMP3/AAC+ playerOrganizerVoice memoPredictive text input;Removable Li-Ion 1000 mAh battery;Up to 234 h;Up to 8 h 13 min;Cappuccino;;;;;;;About 40 EUR;;SRS audio;;
https://www.gsmarena.com/spice_m_9000_popkorn-4623.php;https://fdn2.gsmarena.com/vv/bigpic/spice-m-9000-popkorn.jpg;Spice M-9000 Popkorn;Released 2011;123g, 17.4mm thickness;Feature phone;87MB storage, microSDHC slot;11;N/A;229,609 hits;"2.36""";240x320 pixels; ;;1200 mAh Li-Ion;GSM 850 / 900 / 1800 / 1900 - SIM 1 & SIM 2;Yes;Yes;2011;Discontinued;119.2 x 50.3 x 17.4 mm (4.69 x 1.98 x 0.69 in);123 g (4.34 oz);Dual SIM (Mini-SIM);TFT, 256K colors;2.36 inches, 17.2 cm(~28.8% screen-to-body ratio);240 x 320 pixels, 4:3 ratio (~169 ppi density);;;;;microSDHC (dedicated slot);87MB;3.15 MP;Yes;No;No;2.1, A2DP;No;;"FM radio, recording; built-in antenna";2.0;;Analog TVPocket ProjectorLaser PointerMP4/H.263 playerMP3/AAC+ playerOrganizerDocument viewerVoice memoPredictive text input;Removable Li-Ion 1200 mAh battery;Up to 300 h;Up to 3 h 30 min;Black/Silver;;;;;;;About 60 EUR;;;;
https://www.gsmarena.com/spice_m_6450-4246.php;https://fdn2.gsmarena.com/vv/bigpic/spice-m-6450.jpg;Spice M-6450;Released 2011;101g, 10.8mm thickness;Feature phone;45MB storage, microSDHC slot;7;N/A;128,561 hits;"2.36""";240x320 pixels; ;;950 mAh Li-Ion;GSM 900 / 1800 - SIM 1 & SIM 2;Yes;No;2011;Discontinued;114 x 49 x 10.8 mm (4.49 x 1.93 x 0.43 in);101 g (3.56 oz);Dual SIM (Mini-SIM);TFT;2.36 inches, 17.2 cm(~30.9% screen-to-body ratio);240 x 320 pixels, 4:3 ratio (~169 ppi density);;;;;microSDHC (dedicated slot);45MB;2 MP;Yes;No;No;2.0, A2DP;No;;FM radio;2.0;;MP4/H.263 playerMP3/AAC+ playerOrganizerVoice memoPredictive text input;Removable Li-Ion 950 mAh battery;Up to 200 h;Up to 6 h 40 min;Black;;;;;;;About 40 EUR;;SRS audio;;
https://www.gsmarena.com/spice_m_5750-4247.php;https://fdn2.gsmarena.com/vv/bigpic/spice-m-5750.jpg;Spice M-5750;Released 2011;96g, 12mm thickness;Feature phone;8MB storage, microSDHC slot;6;N/A;95,771 hits;"2.76""";240x320 pixels; ;;1000 mAh Li-Ion;GSM 900 / 1800 - SIM 1 & SIM 2;Yes;No;2011;Discontinued;112 x 50 x 12 mm (4.41 x 1.97 x 0.47 in);96 g (3.39 oz);Dual SIM (Mini-SIM);TFT resistive touchscreen;2.76 inches, 23.6 cm(~42.1% screen-to-body ratio);240 x 320 pixels, 4:3 ratio (~145 ppi density);;;;;microSDHC (dedicated slot);8MB;1.3 MP;Yes;No;No;2.0, A2DP;No;;FM radio, recording;microUSB;;MP4/H.263 playerMP3/AAC+ playerOrganizerVoice memoPredictive text input;Removable Li-Ion 1000 mAh battery;Up to 500 h;Up to 5 h;Black;;;;;;;About 40 EUR;;;;
https://www.gsmarena.com/spice_m_5350-4249.php;https://fdn2.gsmarena.com/vv/bigpic/spice-m-5350.jpg;Spice M-5350;Released 2011;60g, 13.2mm thickness;Feature phone;microSDHC slot;6;N/A;102,677 hits;"2.36""";240x320 pixels; ;;1000 mAh Li-Ion;GSM 900 / 1800 - SIM 1 & SIM 2;No;No;2011;Discontinued;104.8 x 56 x 13.2 mm (4.13 x 2.20 x 0.52 in);60 g (2.12 oz);Dual SIM (Mini-SIM);TFT;2.36 inches, 17.2 cm(~29.4% screen-to-body ratio);240 x 320 pixels, 4:3 ratio (~169 ppi density);;;;;microSDHC (dedicated slot);;VGA;Yes;No;No;2.0, A2DP;No;;FM radio, recording;No;;MP3/MP4/H.263 player;Removable Li-Ion 1000 mAh battery;Up to 300 h;Up to 3 h 30 min;Gray, Red;;;;;;;About 30 EUR;;;;
https://www.gsmarena.com/spice_m_5180-4250.php;https://fdn2.gsmarena.com/vv/bigpic/spice-m-5180.jpg;Spice M-5180;Released 2011;90g, 15.2mm thickness;Feature phone;microSDHC slot;7;N/A;85,345 hits;"1.77""";128x160 pixels; ;;1800 mAh Li-Ion;GSM 900 / 1800 - SIM 1 & SIM 2;Yes;No;2011;Discontinued;105.7 x 46.5 x 15.2 mm (4.16 x 1.83 x 0.60 in);90 g (3.17 oz);Dual SIM (Mini-SIM);TFT;1.77 inches, 9.9 cm(~20.1% screen-to-body ratio);128 x 160 pixels (~116 ppi density);;;;;microSDHC (dedicated slot);;VGA;Yes;No;No;1.2;No;;FM radio, recording;No;;MP3/MP4/H.263 player;Removable Li-Ion 1800 mAh battery;Up to 500 h;Up to 5 h;Black/Gold;;;;;;;About 30 EUR;;;;
https://www.gsmarena.com/spice_m_5115-4251.php;https://fdn2.gsmarena.com/vv/bigpic/spice-m-5115.jpg;Spice M-5115;Released 2011;44.8 g without battery;Feature phone;microSDHC slot;5;N/A;99,894 hits;"1.77""";128x160 pixels; ;;1000 mAh Li-Ion;GSM 900 / 1800 - SIM 1 & SIM 2;No;No;2011;Discontinued;-;44.8 g without battery (1.55 oz);Dual SIM (Mini-SIM);TFT;1.77 inches, 9.9 cm;128 x 160 pixels (~116 ppi density);;;;;microSDHC (dedicated slot);;VGA;No;No;No;2.1, A2DP;No;;FM radio, recording;microUSB;;MP3/MP4/H.263 player;Removable Li-Ion 1000 mAh battery;Up to 500 h;Up to 4 h;Black/Red, Black;;;;;;;About 20 EUR;Flashlight;;;
https://www.gsmarena.com/spice_m_4262-4252.php;https://fdn2.gsmarena.com/vv/bigpic/spice-m-4262.jpg;Spice M-4262;Released 2011;44.8 g without battery;Feature phone;microSDHC slot;5;N/A;75,136 hits;"1.77""";128x160 pixels; ;;1000 mAh Li-Ion;GSM 900 / 1800 - SIM 1 & SIM 2;No;No;2011;Discontinued;-;44.8 g without battery (1.55 oz);Dual SIM (Mini-SIM);TFT;1.77 inches, 9.9 cm;128 x 160 pixels (~116 ppi density);;;;;microSDHC (dedicated slot);;No;No;No;No;No;No;;FM radio, recording;microUSB;;MP3/MP4/H.263 player;Removable Li-Ion 1000 mAh battery;Up to 500 h;Up to 4 h;Black;;;;;;;About 10 EUR;Flashlight;;;
https://www.gsmarena.com/spice_mi_720-4216.php;https://fdn2.gsmarena.com/vv/bigpic/spice-mi720.jpg;Spice Mi-720;Released 2011, Q2;485g, 12.5mm thickness;Android 2.2;256MB RAM storage, microSDHC slot;8;N/A;301,200 hits;"7.0""";480x800 pixels;256 MB RAM;;4200 mAh Li-Ion;GSM 850 / 900 / 1800 / 1900;;;2011, Q2;Discontinued;200 x 116.5 x 12.5 mm (7.87 x 4.59 x 0.49 in);485 g (1.07 lb);Mini-SIM;TFT, 256K colors;7.0 inches, 139.5 cm(~59.9% screen-to-body ratio);480 x 800 pixels, 5:3 ratio (~133 ppi density);Android 2.2 (Froyo);;800 MHz Scorpion;Adreno 200;microSDHC (dedicated slot);256MB RAM, 512MB;2 MP;@24fps;VGA;Wi-Fi 802.11 b/g, hotspot;2.1, A2DP, EDR;GPS, A-GPS;;No;microUSB;Accelerometer, compass;HDMI outputMP4/WMV/H.263 playerMP3/WAV/AAC+ playerOrganizerDocument viewerPhoto/video editorVoice memoPredictive text input;Non-removable Li-Ion 4200 mAh battery;Up to 450 h;Up to 20 h;White;;;;;HSDPA 850 / 2100;HSPA;About 170 EUR;;;;
https://www.gsmarena.com/spice_m_6800_flo-4110.php;https://fdn2.gsmarena.com/vv/bigpic/Spice-Mobile-M-6800-FLO.jpg;Spice M-6800 FLO;Released 2011, May;91g, 12.5mm thickness;Feature phone;44MB storage, microSDHC slot;7;N/A;262,870 hits;"3.14""";240x400 pixels; ;;1000 mAh Li-Ion;GSM 900 / 1800;Yes;Yes;2011, May. Released 2011, May;Discontinued;107.8 x 53.6 x 12.5 mm (4.24 x 2.11 x 0.49 in);91 g (3.21 oz);Mini-SIM;TFT;3.14 inches, 28.1 cm(~48.6% screen-to-body ratio);240 x 400 pixels, 5:3 ratio (~149 ppi density);;;;;microSDHC (dedicated slot);44MB;3.15 MP;Yes;No;Wi-Fi 802.11 b/g;2.1, A2DP;No;;FM radio, recording;2.0;;SNS integrationMP4/H.263 playerMP3/AAC+ playerOrganizerVoice memoPredictive text input;Removable Li-Ion 1000 mAh battery;Up to 250 h;Up to 4 h;Turquoise Blue, Jet Black, Spice Yellow;;;;;;;About 40 EUR;;;;
https://www.gsmarena.com/spice_mi_410-4053.php;https://fdn2.gsmarena.com/vv/bigpic/spice-mi-410.jpg;Spice Mi-410;Released 2011, Q2;143g, 10mm thickness;Android 2.2;800MB 512MB RAM storage, microSDHC slot;11;N/A;434,542 hits;"4.03""";480x800 pixels;512 MB RAM;Snapdragon S2;1400 mAh Li-Ion;GSM 850 / 900 / 1800 / 1900;;;2011, Q2. Released 2011, Q2;Discontinued;122 x 66 x 10 mm (4.80 x 2.60 x 0.39 in);143 g (5.04 oz);Mini-SIM;TFT, 256K colors;4.03 inches, 46.2 cm(~57.4% screen-to-body ratio);480 x 800 pixels, 5:3 ratio (~232 ppi density);Android 2.2 (Froyo);Qualcomm MSM8255 Snapdragon S2;1.0 GHz Scorpion;Adreno 205;microSDHC (dedicated slot);800MB 512MB RAM;5 MP, AF;720p@30fps;Yes;Wi-Fi 802.11 b/g, hotspot;2.0, A2DP, EDR;GPS, A-GPS;;FM radio, recording;microUSB;Accelerometer, proximity, compass;HDMI outputMP4/WMV/H.263 playerMP3/WAV/AAC+ playerOrganizerDocument viewerPhoto/video editorVoice memoPredictive text input;Removable Li-Ion 1400 mAh battery;Up to 400 h (2G) / Up to 380 h (3G);Up to 2 h 20 min (2G) / Up to 4 h (3G);Silver, Brown;0.62 W/kg (head);LED flash;;;HSDPA 900 / 1900 / 2100;HSPA 14.4/5.76 Mbps;About 210 EUR;;;;
https://www.gsmarena.com/spice_mi_270-3963.php;https://fdn2.gsmarena.com/vv/bigpic/spice-mi-270.jpg;Spice Mi-270;Released 2011, May;12.6mm thickness;Android 2.2;microSDHC slot;7;N/A;478,548 hits;"2.8""";240x320 pixels; ;MT6516;1000 mAh Li-Ion;GSM 900 / 1800 - SIM1 & SIM 2;Yes;Yes;2011, May. Released 2011, May;Discontinued;104 x 55 x 12.6 mm (4.09 x 2.17 x 0.50 in);-;Dual SIM (Mini-SIM, dual stand-by);TFT;2.8 inches, 24.3 cm(~42.4% screen-to-body ratio);240 x 320 pixels, 4:3 ratio (~143 ppi density);Android 2.2 (Froyo);Mediatek MT6516;416 MHz;;microSDHC (dedicated slot);;2 MP;Yes;No;Wi-Fi 802.11 b/g, hotspot;2.1, A2DP, EDR;GPS, A-GPS;;FM radio;Proprietary;;MP4/H.263 playerMP3/AAC+ playerOrganizerVoice memoPredictive text input;Removable Li-Ion 1000 mAh battery;Up to 320 h;Up to 3 h;Black, White;;;;;;;About 50 EUR;;;;
https://www.gsmarena.com/spice_mi_310-3929.php;https://fdn2.gsmarena.com/vv/bigpic/spice-mi310.jpg;Spice Mi-310;Released 2011, April;120g, 12mm thickness;Android 2.2;85MB storage, microSDHC slot;9;N/A;305,882 hits;"3.15""";320x480 pixels; ;;1200 mAh Li-Ion;GSM 900 / 1800;;;2011, April. Released 2011, April;Discontinued;116 x 60 x 12 mm (4.57 x 2.36 x 0.47 in);120 g (4.23 oz);Mini-SIM;TFT, 256K colors;3.15 inches, 29.5 cm(~42.5% screen-to-body ratio);320 x 480 pixels, 3:2 ratio (~183 ppi density);Android 2.2 (Froyo);;;;microSDHC (dedicated slot);85MB;2 MP;Yes;No;Wi-Fi 802.11 b/g, hotspot;2.1, A2DP;GPS, A-GPS;;FM radio;microUSB;Accelerometer, proximity;MP4/WMV/H.263 playerMP3/WAV/AAC+ playerOrganizerDocument viewerPhoto/video editorVoice memoPredictive text input;Removable Li-Ion 1200 mAh battery;Up to 200 h;Up to 2 h 30 min;Dark red;0.62 W/kg (head);;;;HSDPA 2100;HSPA 7.2/0.384 Mbps;About 100 EUR;Optical trackpad;;;Touch sensitive controls
https://www.gsmarena.com/spice_m_4250-3689.php;https://fdn2.gsmarena.com/vv/bigpic/spice-m-4250.jpg;Spice M-4250;Released 2010;85g, 15mm thickness;Feature phone;microSD slot;6;N/A;91,371 hits;"1.77""";128x160 pixels; ;;1200 mAh Li-Ion;GSM 900 / 1800 - SIM 1;No;No;2010. Released 2010;Discontinued;110 x 46.5 x 15 mm (4.33 x 1.83 x 0.59 in);85 g (3.00 oz);Dual SIM (Mini-SIM);TFT;1.77 inches, 9.9 cm(~19.3% screen-to-body ratio);128 x 160 pixels (~116 ppi density);;;;;microSD (dedicated slot);;No;;;No;No;No;;FM radio, recording;No;;MP3/AAC+ playerOrganizerCurrency/unit convertorAuto Power On/OffVoice memoPredictive text input;Removable Li-Ion 1200 mAh battery;Up to 800 h;Up to 5 h;Black;;;;;;;About 20 EUR;Flashlight;;;
https://www.gsmarena.com/spice_m_5170-3656.php;https://fdn2.gsmarena.com/vv/bigpic/spice-m-5170.jpg;Spice M-5170;Released 2010;78g, 14.6mm thickness;Feature phone;microSD slot;6;N/A;74,897 hits;"2.0""";176x220 pixels; ;;1200 mAh Li-Ion;GSM 900 / 1800;Yes;No;2010. Released 2010;Discontinued;111 x 47.5 x 14.6 mm (4.37 x 1.87 x 0.57 in);78 g (2.75 oz);Mini-SIM;TFT, 65K colors;2.0 inches, 12.6 cm(~23.9% screen-to-body ratio);176 x 220 pixels (~141 ppi density);;;;;microSD (dedicated slot);;Yes;Yes;No;No;2.1, A2DP;No;;FM radio, scheduled recording;Proprietary;;MP4/H.263 playerMP3/WAV/AAC playerAuto Power On/OffCurrency convertorVoice memoPredictive text input;Removable Li-Ion 1200 mAh battery;Up to 350 h;Up to 4 h;Black;;;;;;;About 30 EUR;Flashlight;;;
https://www.gsmarena.com/spice_qt_65-3657.php;https://fdn2.gsmarena.com/vv/bigpic/spice-qt-65.jpg;Spice QT-65;Released 2010;98.5, 11.8mm thickness;Feature phone;25MB storage, microSDHC slot;7;N/A;87,891 hits;"2.2""";176x220 pixels; ;;1100 mAh Li-Ion;GSM 850 / 900 / 1800 / 1900 - SIM 1;Yes;No;2010. Released 2010;Discontinued;112 x 60 x 11.8 mm (4.41 x 2.36 x 0.46 in);98.5 (3.46 oz);Dual SIM (Mini-SIM);TFT,  256K colors;2.2 inches, 15.2 cm(~22.7% screen-to-body ratio);176 x 220 pixels (~128 ppi density);;;;;microSDHC (dedicated slot);25MB;2 MP;Yes;No;No;2.1, A2DP;No;;FM radio, scheduled recording;Proprietary;Accelerometer;MP4/H.264 playerMP3/AAC+ playerOrganizerCurrency convertorAuto Power On/OffPredictive text input;Removable Li-Ion 1100 mAh battery;Up to 250 h;Up to 4 h 30 min;Black;;;;;;;About 20 EUR;TrackpadFlashlight;;;
https://www.gsmarena.com/spice_m_5262-3658.php;https://fdn2.gsmarena.com/vv/bigpic/spice-m-5262.jpg;Spice M-5262;Released 2010;75g, 15.2mm thickness;Feature phone;microSDHC slot;7;N/A;107,728 hits;"2.4""";240x320 pixels; ;;1200 mAh Li-Ion;GSM 900 / 1800 - SIM 1;Yes;No;2010. Released 2010;Discontinued;115 x 51.5 x 15.2 mm (4.53 x 2.03 x 0.60 in);75 g (2.65 oz);Dual SIM (Mini-SIM);TFT, 65K colors;2.4 inches, 17.8 cm(~30.1% screen-to-body ratio);240 x 320 pixels, 4:3 ratio (~167 ppi density);;;;;microSDHC (dedicated slot);;Yes;Yes;No;No;2.0, A2DP;No;;FM radio, scheduled recording;Proprietary;;MP4/H.263 playerMP3/AAC playerAuto Power On/OffCurrency convertorVoice memoPredictive text input;Removable Li-Ion 1200 mAh battery;Up to 800 h;Up to 5 h;Black;;;;;;;About 30 EUR;Flashlight;;;
https://www.gsmarena.com/spice_qt_58-3659.php;https://fdn2.gsmarena.com/vv/bigpic/spice-qt58-new.jpg;Spice QT-58;Released 2010;80g, 13mm thickness;Feature phone;microSDHC slot;6;N/A;146,931 hits;"2.0""";176x220 pixels; ;;1000 mAh Li-Ion;GSM 900 / 1800 - SIM 1;Yes;No;2010. Released 2010;Discontinued;99 x 54 x 13 mm (3.90 x 2.13 x 0.51 in);80 g (2.82 oz);Dual SIM (Mini-SIM);TFT,  256K colors;2.0 inches, 12.6 cm(~23.5% screen-to-body ratio);176 x 220 pixels (~141 ppi density);;;;;microSDHC (dedicated slot);;1.3 MP;Yes;No;No;2.0, A2DP;No;;FM radio, scheduled recording;Proprietary;;MP4/H.263 playerMP3/AAC+ playerOrganizerCurrency/unit convertorAuto Power On/OffVoice memoPredictive text input;Removable Li-Ion 1000 mAh battery;Up to 270 h;Up to 4 h;Black, Crimson Red, Pearl White;;;;;;;About 30 EUR;TrackpadFlashlight;;;
https://www.gsmarena.com/spice_qt_61-3660.php;https://fdn2.gsmarena.com/vv/bigpic/spice-qt-61.jpg;Spice QT-61;Released 2010;95g, 12.8mm thickness;Feature phone;microSDHC slot;6;N/A;120,939 hits;"2.4""";240x320 pixels; ;;1150 mAh Li-Ion;GSM 900 / 1800 - SIM 1;Yes;No;2010. Released 2010;Discontinued;108.5 x 57 x 12.8 mm (4.27 x 2.24 x 0.50 in);95 g (3.35 oz);Dual SIM (Mini-SIM);TFT,  256K colors;2.4 inches, 17.8 cm(~28.8% screen-to-body ratio);240 x 320 pixels, 4:3 ratio (~167 ppi density);;;;;microSDHC (dedicated slot);;2 MP;Yes;No;No;2.0, A2DP;No;;FM radio, scheduled recording;Proprietary;;MP4/H.263 playerMP3/AAC+ playerOrganizerCurrency/unit convertorAuto Power On/OffVoice memoPredictive text input;Removable Li-Ion 1150 mAh battery;Up to 300 h;Up to 3 h 30 min;Black, Red, Turquoise;;;;;;;About 30 EUR;TrackpadFlashlight;;;
https://www.gsmarena.com/spice_m_5454-3661.php;https://fdn2.gsmarena.com/vv/bigpic/spice-m-5454.jpg;Spice M-5454;Released 2010;86g, 11.3mm thickness;Feature phone;1MB storage, microSDHC slot;7;N/A;109,092 hits;"2.0""";176x220 pixels; ;;1000 mAh Li-Ion;GSM 900 / 1800 - SIM 1;Yes;No;2010. Released 2010;Discontinued;114 x 46.5 x 11.3 mm (4.49 x 1.83 x 0.44 in);86 g (3.03 oz);Dual SIM (Mini-SIM);TFT, 65K colors;2.0 inches, 12.6 cm(~23.7% screen-to-body ratio);176 x 220 pixels (~141 ppi density);;;;;microSDHC (dedicated slot);1MB;1.3 MP;Yes;No;No;1.2;No;;FM radio, scheduled recording;No;;MP4/H.263 playerMP3/AAC playerAuto Power On/OffCurrency/unit convertorVoice memoPredictive text input;Removable Li-Ion 1000 mAh battery;Up to 300 h;Up to 4 h 30 min;Mettalic Silver;;;;;;;About 30 EUR;;;;
https://www.gsmarena.com/spice_m_5161n-3690.php;https://fdn2.gsmarena.com/vv/bigpic/spice-m-5161n.jpg;Spice M-5161n;Released 2010;88g, 14.6mm thickness;Feature phone;1MB storage, microSDHC slot;6;N/A;70,405 hits;"2.0""";176x220 pixels; ;;1200 mAh Li-Ion;GSM 900 / 1800;Yes;No;2010. Released 2010;Discontinued;110 x 47 x 14.6 mm (4.33 x 1.85 x 0.57 in);88 g (3.10 oz);Mini-SIM;TFT, 65K colors;2.0 inches, 12.6 cm(~24.3% screen-to-body ratio);176 x 220 pixels (~141 ppi density);;;;;microSDHC (dedicated slot);1MB;Yes;Yes;No;No;1.2, A2DP;No;;FM radio, scheduled recording;;;MP4/H.263 playerMP3/WAV/AAC playerAuto Power On/OffVoice memoPredictive text input;Removable Li-Ion 1200 mAh battery;Up to 300 h;Up to 4 h 30 min;Black;;;;;;;About 30 EUR;Flashlight;;;
https://www.gsmarena.com/spice_qt_95-3691.php;https://fdn2.gsmarena.com/vv/bigpic/spice-qt-95.jpg;Spice QT-95;Released 2010;68g, 11.7mm thickness;Feature phone;microSDHC slot;6;N/A;123,175 hits;"2.0""";176x220 pixels; ;;1000 mAh Li-Ion;GSM 900 / 1800 / 1900 - SIM 1;;;2010. Released 2010;Discontinued;111 x 59 x 11.7 mm (4.37 x 2.32 x 0.46 in);68 g (2.40 oz);Dual SIM (Mini-SIM);TFT,  256K colors;2.0 inches, 12.6 cm(~19.2% screen-to-body ratio);176 x 220 pixels (~141 ppi density);;;;;microSDHC (dedicated slot);;3.15 MP;Yes;Yes;No;2.1, A2DP;No;;FM radio, scheduled recording;Proprietary;;Facebook, Snaptu, Yahoo, Nimbuzz appsMP4/H.263 playerMP3/AAC+ playerOrganizerCurrency convertorAuto Power On/OffVoice memoPredictive text input;Removable Li-Ion 1000 mAh battery;Up to 400 h (2G) / Up to 150 h (3G);Up to 4 h (2G) / Up to 2 h 30 min (3G);Black;;;;;UMTS 2100;Yes, 384 kbps;About 70 EUR;Trackpad;;;
https://www.gsmarena.com/spice_m_67_3d-3692.php;https://fdn2.gsmarena.com/vv/bigpic/spice-m-67-3d.jpg;Spice M-67 3D;Released 2010;70g, 12.6mm thickness;Feature phone;microSDHC slot;5;N/A;104,667 hits;"2.36""";240x320 pixels; ;;1100 mAh Li-Ion;GSM 900 / 1800 - SIM 1;Class 12;No;2010. Released 2010;Discontinued;115 x 50.7 x 12.6 mm (4.53 x 2.00 x 0.50 in);70 g (2.47 oz);Dual SIM (Mini-SIM);TFT;2.36 inches, 17.2 cm(~29.6% screen-to-body ratio);240 x 320 pixels, 4:3 ratio (~169 ppi density);;;;;microSDHC (dedicated slot);;2 MP;Yes;No;No;2.1, A2DP;No;;FM radio, recording;Proprietary;;MP3/AAC+ playerMP4/H.264 playerOrganizerAuto Power On/OffVoice memoPredictive text input;Removable Li-Ion 1100 mAh battery;Up to 260 h;Up to 4 h 30 min;Black;;;;;;;About 40 EUR;;;;Stereoscopic display
https://www.gsmarena.com/spice_qt_68-3693.php;https://fdn2.gsmarena.com/vv/bigpic/spice-qt-68.jpg;Spice QT-68;Released 2010;68g, 11.7mm thickness;Feature phone;microSDHC slot;7;N/A;175,908 hits;"2.4""";320x240 pixels; ;;1000 mAh Li-Ion;GSM 900 / 1800 - SIM 1;Class 10;Class 10;2010. Released 2010;Discontinued;111 x 59 x 11.7 mm (4.37 x 2.32 x 0.46 in);68 g (2.40 oz);Dual SIM (Mini-SIM);TFT,  256K colors;2.4 inches, 17.8 cm(~27.2% screen-to-body ratio);320 x 240 pixels, 4:3 ratio (~167 ppi density);;;;;microSDHC (dedicated slot);;3.15 MP;Yes;No;Wi-Fi 802.11 b/g;2.1, A2DP;No;;FM radio, scheduled recording;Proprietary;;MP4/H.263 playerMP3/AAC+ playerOrganizerCurrency/unit convertorAuto Power On/OffVoice memoPredictive text input;Removable Li-Ion 1000 mAh battery;Up to 150 h;Up to 4 h;Black;;;;;;;About 30 EUR;Trackpad;;;
https://www.gsmarena.com/spice_m_4580n-3639.php;https://fdn2.gsmarena.com/vv/bigpic/spice-M-4580n.jpg;Spice M-4580n;Released 2010, September;89.5g, 16mm thickness;Feature phone;microSDHC slot;5;N/A;64,883 hits;"1.8""";128x160 pixels; ;;;GSM 900 / 1800 - SIM 1;Class 10;No;2010, September. Released 2010, September;Discontinued;105.3 x 44.6 x 16 mm (4.15 x 1.76 x 0.63 in);89.5 g (3.14 oz);Dual SIM (Mini-SIM);TFT, 65K colors;1.8 inches, 10.2 cm(~21.7% screen-to-body ratio);128 x 160 pixels (~114 ppi density);;;;;microSDHC (dedicated slot);;No;;;No;No;No;;FM radio, scheduled recording;No;;Facebook, Yahoo, NimbuzzCurrency CheckerOrganizerMP4/H.263 playerMP3/WAV/AAC+ playerAuto Power On/OffPredictive text input;Removable Li-Ion battery;Up to 600 h;Up to 12 h;Black, Black/Red;;;;;;;About 30 EUR;Flashlight;;;
https://www.gsmarena.com/spice_mi_300-3641.php;https://fdn2.gsmarena.com/vv/bigpic/spice-mi300.jpg;Spice Mi-300;Released 2010, August;114g, 12.6mm thickness;Android 1.6, up to 2.1;microSDHC slot;7;N/A;252,871 hits;"3.2""";320x480 pixels; ;;;GSM 850 / 900 / 1800 / 1900;;;2010, August. Released 2010, August;Discontinued;114.9 x 56.8 x 12.6 mm (4.52 x 2.24 x 0.50 in);114 g (4.02 oz);Mini-SIM;LCD, 256K colors;3.2 inches, 30.5 cm(~46.7% screen-to-body ratio);320 x 480 pixels, 3:2 ratio (~180 ppi density);Android 1.6 (Donut), upgradable to 2.1 (Eclair);;;;microSDHC (dedicated slot);;5 MP;Yes;No;Wi-Fi 802.11 b/g;2.0, A2DP;GPS;;No;microUSB;Accelerometer;MP4/WMV/H.264 playerMP3/WAV/eAAC+ playerOrganizerDocument viewerPhoto/video editorVoice memoPredictive text input;Removable Li-Ion battery;Up to 300 h (2G) / Up to 250 h (3G);Up to 4 h (2G) / Up to 3 h (3G);Black;;LED flash;;;HSDPA 900 / 1900 / 2100;HSPA 7.2/0.384 Mbps;About 140 EUR;Trackball;;;
https://www.gsmarena.com/spice_m_6_sports-3642.php;https://fdn2.gsmarena.com/vv/bigpic/spice-m6-sports.jpg;Spice M-6 Sports;Released 2010, August;88.4g, 13.2mm thickness;Feature phone;1MB storage, microSDHC slot;7;N/A;80,562 hits;"2.2""";180x240 pixels; ;;1000 mAh Li-Ion;GSM 900 / 1800 - SIM 1;Class 12;No;2010, August. Released 2010, August;Discontinued;112.9 x 48.2 x 13.2 mm (4.44 x 1.90 x 0.52 in);88.4 g (3.10 oz);Dual SIM (Mini-SIM);TFT,  256K colors;2.2 inches, 15.0 cm(~27.5% screen-to-body ratio);180 x 240 pixels, 4:3 ratio (~136 ppi density);;;;;microSDHC (dedicated slot);1MB;1.3 MP;Yes;No;No;2.0, A2DP;No;;FM radio, scheduled recording;Proprietary;;Yahoo, Twitter, Facebook, SnaptuOrganizerCurrency/Unit ConvertorMP4/H.263 playerMP3/WAV/AAC+ playerAuto Power On/OffPredictive text input;Removable Li-Ion 1000 mAh battery;Up to 250 h;Up to 5 h;Orange, Green;;;;;;;About 30 EUR;;;;
https://www.gsmarena.com/spice_m_6363-3643.php;https://fdn2.gsmarena.com/vv/bigpic/spice-m6363.jpg;Spice M-6363;Released 2010, August;92g, 15.5mm thickness;Feature phone;microSDHC slot;7;N/A;84,158 hits;"2.0""";176x220 pixels; ;;1500 mAh Li-Ion;GSM 900 / 1800 / 1900 - SIM 1;Class 12;No;2010, August. Released 2010, August;Discontinued;107 x 48.2 x 15.5 mm (4.21 x 1.90 x 0.61 in);92 g (3.25 oz);Dual SIM (Mini-SIM);TFT, 65K colors;2.0 inches, 12.6 cm(~24.4% screen-to-body ratio);176 x 220 pixels (~141 ppi density);;;;;microSDHC (dedicated slot);;2 MP;Yes;No;No;1.2, A2DP;No;;FM radio, scheduled recording;Proprietary;;Facebook, Yahoo, Nimbuzz, Twitter, PicassaOrganizerCurrency/Unit ConvertorAuto Power On/OffPredictive text input;Removable Li-Ion 1500 mAh battery;Up to 400 h;Up to 8 h;Black;;;;;;;About 30 EUR;;;;
https://www.gsmarena.com/spice_qt_56-3644.php;https://fdn2.gsmarena.com/vv/bigpic/spice-qt-56.jpg;Spice QT-56;Released 2010, August;95g, 14.1mm thickness;Feature phone;microSDHC slot;7;N/A;83,495 hits;"2.0""";176x220 pixels; ;;1000 mAh Li-Ion;GSM 900 / 1800;Class 10;No;2010, August. Released 2010, August;Discontinued;113.4 x 61.3 x 14.1 mm (4.46 x 2.41 x 0.56 in);95 g (3.35 oz);Mini-SIM;TFT,  256K colors;2.0 inches, 12.6 cm(~18.1% screen-to-body ratio);176 x 220 pixels (~141 ppi density);;;;;microSDHC (dedicated slot);;VGA;Yes;No;No;2.0;No;;FM radio, scheduled recording;Proprietary;;Facebook, Yahoo, Nimbuzz, Twitter, PicassaOrganizerCurrency/Unit ConvertorAuto Power On/OffPredictive text input;Removable Li-Ion 1000 mAh battery;Up to 220 h;Up to 3 h;Black;;;;;;;About 60 EUR;Flashlight;;;
https://www.gsmarena.com/spice_g_6565-3648.php;https://fdn2.gsmarena.com/vv/bigpic/spice-g-6565.jpg;Spice G-6565;Released 2010, September;91.8g, 11.5mm thickness;Feature phone;16MB storage, microSDHC slot;4;N/A;87,845 hits;"2.4""";240x320 pixels; ;;900 mAh Li-Ion;GSM 900 / 1800 / 1900 - SIM 1;;;2010, September. Released 2010, September;Discontinued;115.6 x 50.6 x 11.5 mm (4.55 x 1.99 x 0.45 in);91.8 g (3.21 oz);Dual SIM (Mini-SIM);TFT,  256K colors;2.4 inches, 17.8 cm(~30.5% screen-to-body ratio);240 x 320 pixels, 4:3 ratio (~167 ppi density);;;;;microSDHC (dedicated slot);16MB;3.15 MP;Yes;Yes;No;2.1, A2DP;No;;No;Proprietary;;MP4/H.263 playerMP3/AAC+ playerOrganizerCurrency/Unit ConvertorAuto Power On/OffPredictive text input;Removable Li-Ion 900 mAh battery;Up to 200 h (2G) / Up to 150 h (3G);Up to 4 h (2G) / Up to 3 h (3G);Black;;;;;HSDPA 2100 - SIM 1;HSPA 3.6/0.384 Mbps;About 150 EUR;;;;
https://www.gsmarena.com/spice_qt_52-3645.php;https://fdn2.gsmarena.com/vv/bigpic/spice-qt-52.jpg;Spice QT-52;Released 2010, July;90g, 13.9mm thickness;Feature phone;3MB storage, microSDHC slot;6;N/A;74,434 hits;"2.0""";176x220 pixels; ;;1000 mAh Li-Ion;GSM 900 / 1800 - SIM 1;Class 10;No;2010, July. Released 2010, July;Discontinued;111.8 x 60.4 x 13.9 mm (4.40 x 2.38 x 0.55 in);90 g (3.17 oz);Mini-SIM;TFT,  256K colors;2.0 inches, 12.6 cm(~18.6% screen-to-body ratio);176 x 220 pixels (~141 ppi density);;;;;microSDHC (dedicated slot);3MB;VGA;Yes;No;No;2.0;No;;FM radio, scheduled recording;Proprietary;;Facebook, Yahoo, Nimbuzz, Twitter, PicassaOrganizerCurrency/Unit ConvertorAuto Power On/OffPredictive text input;Removable Li-Ion 1000 mAh battery;Up to 300 h;Up to 4 h;Black;;;;;;;About 30 EUR;Flashlight;;;
https://www.gsmarena.com/spice_qt_60-3646.php;https://fdn2.gsmarena.com/vv/bigpic/spice-qt-60.jpg;Spice QT-60;Released 2010, June;13.8mm thickness;Feature phone;3MB storage, microSDHC slot;6;N/A;156,292 hits;"2.0""";176x220 pixels; ;;1000 mAh Li-Ion;GSM 900 / 1800 - SIM 1;Class 10;No;2010, June. Released 2010, June;Discontinued;111 x 60 x 13.8 mm (4.37 x 2.36 x 0.54 in);-;Dual SIM (Mini-SIM);TFT,  256K colors;2.0 inches, 12.6 cm(~18.9% screen-to-body ratio);176 x 220 pixels (~141 ppi density);;;;;microSDHC (dedicated slot);3MB;2 MP;Yes;No;No;2.1, A2DP;No;;FM radio, scheduled recording;Proprietary;;MP4/H.264 playerMP3/AAC+ playerOrganizerCurrency/Unit ConvertorAuto Power On/OffPredictive text input;Removable Li-Ion 1000 mAh battery;Up to 300 h;Up to 4 h;Black/Yellow;;;;;;;About 50 EUR;TrackballFlashlight;;;
https://www.gsmarena.com/spice_m_5161-3649.php;https://fdn2.gsmarena.com/vv/bigpic/spice-m-5161.jpg;Spice M-5161;Released 2010, July;;Feature phone;1MB storage, microSDHC slot;6;N/A;71,756 hits;"2.0""";176x220 pixels; ;;1200 mAh Li-Ion;GSM 900 / 1800 - SIM 1;Class 10;No;2010, July. Released 2010, July;Discontinued;-;-;Dual SIM (Mini-SIM);TFT, 65K colors;2.0 inches, 12.6 cm;176 x 220 pixels (~141 ppi density);;;;;microSDHC (dedicated slot);1MB;VGA;Yes;No;No;1.2;No;;FM radio, scheduled recording;Proprietary;;MP4/H.263 playerMP3/AAC+ playerOrganizerCurrency/Unit ConvertorAuto Power On/OffPredictive text input;Removable Li-Ion 1200 mAh battery;Up to 300 h;Up to 4 h 30 min;Black;;;;;;;About 30 EUR;;;;
https://www.gsmarena.com/spice_m_5055-3652.php;https://fdn2.gsmarena.com/vv/bigpic/spice-m-5055.jpg;Spice M-5055;Released 2010, June;72.5g, 15.9mm thickness;Feature phone;4MB storage, microSDHC slot;7;N/A;54,940 hits;"1.8""";128x160 pixels; ;;1000 mAh Li-Ion;GSM 900 / 1800 - SIM 1;Yes;No;2010, June. Released 2010, June;Discontinued;104.1 x 44.9 x 15.9 mm (4.10 x 1.77 x 0.63 in);72.5 g (2.54 oz);Dual SIM (Mini-SIM);TFT, 65K colors;1.8 inches, 10.2 cm(~21.8% screen-to-body ratio);128 x 160 pixels (~114 ppi density);;;;;microSDHC (dedicated slot);4MB;Yes;Yes;No;No;No;No;;FM radio, scheduled recording;No;;MP4/H.263 playerMP3/AAC playerOrganizerAuto Power On/OffPredictive text input;Removable Li-Ion 1000 mAh battery;Up to 250 h;Up to 4 h;Black;;;;;;;About 20 EUR;Flashlight;;;
https://www.gsmarena.com/spice_s_7000-3650.php;https://fdn2.gsmarena.com/vv/bigpic/spice-s7000.jpg;Spice S-7000;Released 2010, June;11.8mm thickness;Feature phone;16MB storage, microSDHC slot;5;N/A;118,698 hits;"3.2""";240x400 pixels; ;;880 mAh Li-Ion;GSM 900 / 1800;Class 10;Yes;2010, June. Released 2010, June;Discontinued;108 x 52 x 11.8 mm (4.25 x 2.05 x 0.46 in);-;Mini-SIM;TFT resistive touchscreen, 256K colors;3.2 inches, 29.1 cm(~51.9% screen-to-body ratio);240 x 400 pixels, 5:3 ratio (~146 ppi density);;;;;microSDHC (dedicated slot);16MB;3.15 MP;Yes;No;No;2.0;No;;FM radio, scheduled recording;Proprietary;;SNS integrationMP4/H.263 playerMP3/AAC+ playerOrganizerCurrency/Unit ConvertorAuto Power On/OffPredictive text input;Removable Li-Ion 880 mAh battery;Up to 220 h;Up to 3 h 30 min;White;;;;;;;About 70 EUR;;;;
https://www.gsmarena.com/spice_qt_50-3647.php;https://fdn2.gsmarena.com/vv/bigpic/spice-qt-50.jpg;Spice QT-50;Released 2010, May;90g, 13mm thickness;Feature phone;1MB storage, microSD slot;6;N/A;71,757 hits;"2.0""";176x220 pixels; ;;1000 mAh Li-Ion;GSM 900 / 1800 - SIM 1;Class 10;No;2010, May. Released 2010, May;Discontinued;110 x 58 x 13 mm (4.33 x 2.28 x 0.51 in);90 g (3.17 oz);Dual SIM (Mini-SIM);TFT,  256K colors;2.0 inches, 12.6 cm(~19.7% screen-to-body ratio);176 x 220 pixels (~141 ppi density);;;;;microSD (dedicated slot);1MB;Yes;No;No;No;No;No;;FM radio, scheduled recording;No;;MP4/H.263 playerMP3/WAV/AAC+ playerOrganizerCurrency/Unit ConvertorAuto Power On/OffPredictive text input;Removable Li-Ion 1000 mAh battery;Up to 300 h;Up to 4 h;Black;;;;;;;About 20 EUR;Flashlight;;;
https://www.gsmarena.com/spice_s_1200-3654.php;https://fdn2.gsmarena.com/vv/bigpic/spice-s-1200.jpg;Spice S-1200;Released 2010;130g, 16mm thickness;Feature phone;70MB storage, microSDHC slot;7;N/A;105,087 hits;"2.4""";240x320 pixels; ;;1000 mAh Li-Ion;GSM 900 / 1800 / 1900;Class 12;Class 12;2010. Released 2010;Discontinued;114 x 52 x 16 mm (4.49 x 2.05 x 0.63 in);130 g (4.59 oz);Mini-SIM;TFT, 256K colors;2.4 inches, 17.8 cm(~30.1% screen-to-body ratio);240 x 320 pixels, 4:3 ratio (~167 ppi density);;;;;microSDHC (dedicated slot);70MB;12 MP, AF, 3x optical zoom;480p@24fps;No;No;1.2, A2DP;No;;FM radio, scheduled recording;Proprietary;;TV OutMP4/H.263 playerMP3/AAC playerOrganizerCurrency convertorAuto Power On/OffPredictive text input;Removable Li-Ion 1000 mAh battery;Up to 150 h;Up to 3 h;Black;;Xenon flash;;;;;About 180 EUR;;;;
https://www.gsmarena.com/spice_m_6262-3653.php;https://fdn2.gsmarena.com/vv/bigpic/spice-m-6262.jpg;Spice M-6262;Released 2010;130g, 14mm thickness;Feature phone;1MB storage, microSDHC slot;6;N/A;68,974 hits;"2.4""";240x320 pixels; ;;;GSM 900 / 1800 - SIM 1;Class 12;No;2010. Released 2010;Discontinued;113 x 51 x 14 mm (4.45 x 2.01 x 0.55 in);130 g (4.59 oz);Dual SIM (Mini-SIM);TFT, 256K colors;2.4 inches, 17.8 cm(~31.0% screen-to-body ratio);240 x 320 pixels, 4:3 ratio (~167 ppi density);;;;;microSDHC (dedicated slot);1MB;1.3 MP;Yes;No;No;1.2, A2DP;No;;FM radio, scheduled recording;Proprietary;;MP4/H.263 playerMP3/AAC playerOrganizerCurrency/Unit ConvertorAuto Power On/OffPredictive text input;Removable Li-Ion battery;Up to 300 h;Up to 6 h;Black;;;;;;;About 60 EUR;Flashlight;;;
https://www.gsmarena.com/spice_m_4242-3655.php;https://fdn2.gsmarena.com/vv/bigpic/spice-m-4242.jpg;Spice M-4242;Released 2010;92.6, 16mm thickness;Feature phone;microSD slot;7;N/A;72,809 hits;"1.8""";128x160 pixels; ;;1200 mAh Li-Ion;GSM 900 / 1800 - SIM 1;No;No;2010. Released 2010;Discontinued;110.8 x 47 x 16 mm (4.36 x 1.85 x 0.63 in);92.6 (3.25 oz);Dual SIM (Mini-SIM);TFT, 65K colors;1.8 inches, 10.2 cm(~19.6% screen-to-body ratio);128 x 160 pixels (~114 ppi density);;;;;microSD (dedicated slot);;No;;;No;No;No;;FM radio, scheduled recording;No;;Currency/Unit ConvertorAuto Power On/OffPredictive text input;Removable Li-Ion 1200 mAh battery;Up to 400 h;Up to 5 h;Black;;;;;;;About 20 EUR;Flashlight;;;
https://www.gsmarena.com/spice_m_940n-3683.php;https://fdn2.gsmarena.com/vv/bigpic/spice-m-940n.jpg;Spice M-940n;Released 2010;96g, 13mm thickness;Feature phone;8MB storage, microSD slot;4;N/A;62,598 hits;"2.4""";240x320 pixels; ;;1000 mAh Li-Ion;GSM 900 / 1800 / 1900 - SIM 1;Class 12;No;2010. Released 2010;Discontinued;115 x 50 x 13 mm (4.53 x 1.97 x 0.51 in);96 g (3.39 oz);Dual SIM (Mini-SIM);TFT, 65K colors;2.4 inches, 17.8 cm(~31.0% screen-to-body ratio);240 x 320 pixels, 4:3 ratio (~167 ppi density);;;;;microSD (dedicated slot);8MB;2 MP;Yes;No;No;2.0, A2DP;No;;FM radio, scheduled recording;Proprietary;;MP3/WAV/AAC+ playerMP4/H.263 playerOrganizerCurrency/unit convertorAuto Power On/OffVoice memoPredictive text input;Removable Li-Ion 1000 mAh battery;Up to 350 h;Up to 5 h;Black;;;;;;;About 60 EUR;Flashlight;;;
https://www.gsmarena.com/spice_s_5010-3679.php;https://fdn2.gsmarena.com/vv/bigpic/spice-s5010.jpg;Spice S-5010;Released 2010;93g, 14.7mm thickness;Feature phone;microSD slot;6;N/A;55,034 hits;"1.8""";128x160 pixels; ;;780 mAh Li-Ion;GSM 900 / 1800;Class 12;No;2010. Released 2010;Discontinued;110 x 48.5 x 14.7 mm (4.33 x 1.91 x 0.58 in);93 g (3.28 oz);Mini-SIM;CSTN, 65K colors;1.8 inches, 10.2 cm(~19.1% screen-to-body ratio);128 x 160 pixels (~114 ppi density);;;;;microSD (dedicated slot);;Yes;Yes;No;No;No;No;;FM radio, scheduled recording;Proprietary;;MP4/H.263 playerMP3/WAV/AAC+ playerOrganizerCurrency/unit convertorAuto Power On/OffVoice memoPredictive text input;Removable Li-Ion 780 mAh battery;Up to 300 h;Up to 3 h 30 min;Black;;;;;;;About 70 EUR;;;;
https://www.gsmarena.com/spice_d_6666-3680.php;https://fdn2.gsmarena.com/vv/bigpic/spice-d-6666.jpg;Spice D-6666;Released 2010;104g, 14.3mm thickness;Feature phone;microSDHC slot;6;N/A;77,903 hits;"2.4""";240x320 pixels; ;;;GSM 900 / 1800 - SIM 1;;;2010. Released 2010;Discontinued;115 x 51.5 x 14.3 mm (4.53 x 2.03 x 0.56 in);104 g (3.67 oz);Dual SIM (Mini-SIM);TFT, 65K colors;2.4 inches, 17.8 cm(~30.1% screen-to-body ratio);240 x 320 pixels, 4:3 ratio (~167 ppi density);;;;;microSDHC (dedicated slot);;2 MP;Yes;No;No;2.0, A2DP;No;;FM radio, scheduled recording;Proprietary;;MP4/H.263 playerMP3/WAV/AAC+ playerOrganizerCurrency/unit convertorAuto Power On/OffVoice memoPredictive text input;Removable Li-Ion battery;Up to 140 h;Up to 4 h 30 min;Black;;;;;CDMA2000 1x;Yes, 384 kbps;About 80 EUR;;;;
https://www.gsmarena.com/spice_m_4580-3681.php;https://fdn2.gsmarena.com/vv/bigpic/spice-m-4580.jpg;Spice M 4580;Released 2010;95g, 15.5mm thickness;Feature phone;2MB storage, microSDHC slot;5;N/A;81,890 hits;"1.8""";128x160 pixels; ;;1500 mAh Li-Ion;GSM 900 / 1800 - SIM 1;Class 12;No;2010. Released 2010;Discontinued;106 x 44.5 x 15.5 mm (4.17 x 1.75 x 0.61 in);95 g (3.35 oz);Dual SIM (Mini-SIM);TFT, 65K colors;1.8 inches, 10.2 cm(~21.6% screen-to-body ratio);128 x 160 pixels (~114 ppi density);;;;;microSDHC (dedicated slot);2MB;No;;;No;No;No;;FM radio, scheduled recording;;;MP3/WAV/AAC+ playerOrganizerCurrency/unit convertorAuto Power On/OffVoice memoPredictive text input;Removable Li-Ion 1500 mAh battery;Up to 650 h;Up to 10 h;Black;;;;;;;About 30 EUR;Flashlight;;;
https://www.gsmarena.com/spice_s_5110-3682.php;https://fdn2.gsmarena.com/vv/bigpic/spice-s-5110.jpg;Spice S-5110;Released 2010;70g, 11.2mm thickness;Feature phone;3MB storage, microSD slot;5;N/A;56,840 hits;"1.8""";128x160 pixels; ;;700 mAh Li-Ion;GSM 900 / 1800;Class 12;No;2010. Released 2010;Discontinued;107 x 45 x 11.2 mm (4.21 x 1.77 x 0.44 in);70 g (2.47 oz);Mini-SIM;CSTN, 65K colors;1.8 inches, 10.2 cm(~21.2% screen-to-body ratio);128 x 160 pixels (~114 ppi density);;;;;microSD (dedicated slot);3MB;No;;;No;No;No;;FM radio, scheduled recording;;;MP3/WAV/AAC+ playerOrganizerCurrency/unit convertorAuto Power On/OffVoice memoPredictive text input;Removable Li-Ion 700 mAh battery;Up to 250 h;Up to 3 h;Black;;;;;;;About 30 EUR;Flashlight;;;
https://www.gsmarena.com/spice_s_5420-3685.php;https://fdn2.gsmarena.com/vv/bigpic/spice-s-5420.jpg;Spice S-5420;Released 2010;95g, 12.8mm thickness;Feature phone;microSDHC slot;6;N/A;55,237 hits;"2.2""";240x320 pixels; ;;750 mAh Li-Ion;GSM 900 / 1800 / 1900;Class 10;No;2010. Released 2010;Discontinued;112 x 49 x 12.8 mm (4.41 x 1.93 x 0.50 in);95 g (3.35 oz);Mini-SIM;TFT, 256K colors;2.2 inches, 15.0 cm(~27.3% screen-to-body ratio);240 x 320 pixels, 4:3 ratio (~182 ppi density);;;;;microSDHC (dedicated slot);;Yes;Yes;No;No;2.0, A2DP;No;;FM radio, scheduled recording;Proprietary;;NimbuzzMP3/WAV/AAC+ playerMP4/H.263 playerOrganizerCurrency/unit convertorAuto Power On/OffVoice memoPredictive text input;Removable Li-Ion 750 mAh battery;Up to 150 h;Up to 2 h 30 min;Black;;;;;;;About 40 EUR;Flashlight;;;
https://www.gsmarena.com/spice_s_6005-3686.php;https://fdn2.gsmarena.com/vv/bigpic/spice-s-6005.jpg;Spice S-6005;Released 2010;70.6g, 10.1mm thickness;Feature phone;microSDHC slot;6;N/A;57,204 hits;"2.2""";176x220 pixels; ;;750 mAh Li-Ion;GSM 900 / 1800 / 1900;Class 12;No;2010. Released 2010;Discontinued;116.5 x 49.2 x 10.1 mm (4.59 x 1.94 x 0.40 in);70.6 g (2.47 oz);Mini-SIM;TFT, 256K colors;2.2 inches, 15.2 cm(~26.6% screen-to-body ratio);176 x 220 pixels (~128 ppi density);;;;;microSDHC (dedicated slot), 1 GB included;;2 MP;Yes;No;No;1.2, A2DP;No;;FM radio, scheduled recording;Proprietary;;MP3/WAV/AAC+ playerMP4/H.263 playerOrganizerCurrency/unit convertorAuto Power On/OffVoice memoPredictive text input;Removable Li-Ion 750 mAh battery;Up to 225 h;Up to 6 h 40 min;Black;;;;;;;About 20 EUR;;;;
https://www.gsmarena.com/spice_d_1111-3687.php;https://fdn2.gsmarena.com/vv/bigpic/spice-d-1111.jpg;Spice D-1111;Released 2010;130.2g, 16.8mm thickness;Microsoft Windows Mobile 6.0;60MB storage, microSDHC slot;6;N/A;86,970 hits;"2.8""";240x320 pixels; ;;1350 mAh Li-Ion;GSM 850 / 900 / 1800 / 1900;;;2010. Released 2010;Discontinued;110.8 x 58.3 x 16.8 mm (4.36 x 2.30 x 0.66 in);130.2 g (4.59 oz);Mini-SIM;TFT resistive touchscreen, 256K colors;2.8 inches, 24.3 cm(~37.6% screen-to-body ratio);240 x 320 pixels, 4:3 ratio (~143 ppi density);Microsoft Windows Mobile 6.0;;;;microSDHC (dedicated slot);60MB;2 MP;Yes;No;No;1.2, A2DP;No;;No;Proprietary;;MP3/WAV/AAC+ playerMP4/H.263 playerOrganizerDocument viewerCurrency/unit convertorVoice memoPredictive text input;Removable Li-Ion 1350 mAh battery;Up to 120 h;Up to 8 h;Black;;;;;CDMA2000 1x;Yes, 384 kbps;About 90 EUR;;;;
https://www.gsmarena.com/spice_m_5252-3688.php;https://fdn2.gsmarena.com/vv/bigpic/spice-m-5252.jpg;Spice M-5252;Released 2010;92.6g, 15.3mm thickness;Feature phone;microSDHC slot;5;N/A;84,638 hits;;176x220 pixels; ;;1300 mAh Li-Ion;GSM 900 / 1800 - SIM 1;Class 12;No;2010. Released 2010;Discontinued;110.6 x 47 x 15.3 mm (4.35 x 1.85 x 0.60 in);92.6 g (3.25 oz);Dual SIM (Mini-SIM);TFT, 256K colors;;176 x 220 pixels;;;;;microSDHC (dedicated slot);;CIF;Yes;No;No;No;No;;FM radio, scheduled recording;No;;MP3/WAV/AAC+ playerMP4/H.263 playerOrganizerCurrency/unit convertorAuto Power On/OffVoice memoPredictive text input;Removable Li-Ion 1300 mAh battery;Up to 240 h;Up to 8 h;Black;;;;;;;About 60 EUR;;;;
https://www.gsmarena.com/spice_kt_5353-3640.php;https://fdn2.gsmarena.com/vv/bigpic/spice-kt-5353.jpg;Spice KT-5353;Cancelled;95g, 13.2mm thickness;Feature phone;microSDHC slot;7;N/A;57,504 hits;"2.2""";180x240 pixels; ;;;GSM 900 / 1800;Class 12;No;2010, September;Cancelled;112.9 x 48.2 x 13.2 mm (4.44 x 1.90 x 0.52 in);95 g (3.35 oz);Mini-SIM;TFT,  256K colors;2.2 inches, 15.0 cm(~27.5% screen-to-body ratio);180 x 240 pixels, 4:3 ratio (~136 ppi density);;;;;microSDHC;;VGA;Yes;No;No;2.0, A2DP;No;;FM radio, recording;microUSB;;Facebook, Yahoo, NimbuzzModemWebcam;Removable Li-Ion battery;Up to 300 h;Up to 4 h;Dark grey;;LED flash;;;;;About 50 EUR;Flashlight;;;
