Link;Image;Name;Release date;Weight;OS;Storage;Fans;Popularity;Hits;Screen_size;Screen_resolution;RAM;SOC;Battery;net2g;net3g;net4g;net5g;speed;year;status;dimensions;weight;sim;bodyother;displaytype;displaysize;displayresolution;os;chipset;cpu;gpu;memoryslot;internalmemory;cam1modules;cam1features;cam1video;cam2modules;cam2video;wlan;bluetooth;gps;nfc;radio;usb;sensors;batdescription1;colors;models;price;memoryother;cam2features;batstandby1;battalktime1;featuresother;sar-eu;gprstext;edge;sar-us;displayprotection;optionalother;displayother
https://www.gsmarena.com/t_mobile_revvl_6_pro-11938.php;https://fdn2.gsmarena.com/vv/bigpic/tmobile-revvl6-pro.jpg;T-Mobile REVVL 6 Pro;Released 2022, July 28;214g, 9mm thickness;Android 12;128GB storage, microSDXC;9;0.6%;35,160 hits;"6.82""";720x1640 pixels;6 GB RAM;Dimensity 700;5000 mAh Li-Ion;GSM 850 / 900 / 1800 / 1900;HSDPA 850 / 900 / 1700(AWS) / 1900 / 2100;1, 2, 3, 4, 5, 7, 8, 12, 13, 20, 25, 26, 28, 38, 39, 40, 41, 71;25, 41, 66, 71, 77 SA/NSA;HSPA, LTE, 5G;2022, July 28;Available. Released 2022, July 28;173.9 x 77.8 x 9 mm (6.85 x 3.06 x 0.35 in);214 g (7.55 oz);Nano-SIM;Splash resistant;IPS LCD;6.82 inches, 110.5 cm(~81.6% screen-to-body ratio);720 x 1640 pixels (~263 ppi density);Android 12;Mediatek MT6833 Dimensity 700 (7 nm);Octa-core (2x2.2 GHz Cortex-A76 & 6x2.0 GHz Cortex-A55);Mali-G57 MC2;microSDXC;128GB 6GB RAM;50 MP, (wide), PDAF5 MP, (ultrawide)2 MP, (depth)2 MP, (macro);LED flash, HDR, panorama;1080p@30fps;16 MP;1080p@30fps;Wi-Fi 802.11 a/b/g/n/ac, dual-band, Wi-Fi Direct;5.1, A2DP, LE;GPS;Yes;No;USB Type-C 2.0;Fingerprint (side-mounted), gyro, accelerometer, proximity, compass, barometer;Li-Ion 5000 mAh, non-removable;Dark Shadow;TMAF035G;About 220 EUR;;;;;;;;;;;;
https://www.gsmarena.com/t_mobile_revvl_6-11937.php;https://fdn2.gsmarena.com/vv/bigpic/tmobile-revvl6.jpg;T-Mobile REVVL 6;Released 2022, July 28;194g, 8.8mm thickness;Android 12;64GB storage, microSDXC;2;0.3%;18,361 hits;"6.52""";720x1600 pixels;4 GB RAM;Dimensity 700;4500 mAh Li-Ion;GSM 850 / 900 / 1800 / 1900;HSDPA 850 / 900 / 1700(AWS) / 1900 / 2100;1, 2, 3, 4, 5, 7, 8, 12, 13, 20, 25, 26, 28, 38, 39, 40, 41, 71;25, 41, 66, 71, 77 SA/NSA;HSPA, LTE, 5G;2022, July 28;Available. Released 2022, July 28;166.6 x 76.4 x 8.8 mm (6.56 x 3.01 x 0.35 in);194 g (6.84 oz);Nano-SIM;Splash resistant;IPS LCD;6.52 inches, 102.6 cm(~80.6% screen-to-body ratio);720 x 1600 pixels, 20:9 ratio (~269 ppi density);Android 12;Mediatek MT6833 Dimensity 700 (7 nm);Octa-core (2x2.2 GHz Cortex-A76 & 6x2.0 GHz Cortex-A55);Mali-G57 MC2;microSDXC;64GB 4GB RAM;13 MP, (wide), AF2 MP, (depth)2 MP, (macro);LED flash, HDR, panorama;1080p@30fps;5 MP;1080p@30fps;Wi-Fi 802.11 a/b/g/n/ac, dual-band, Wi-Fi Direct;5.1, A2DP, LE;GPS;No;No;USB Type-C 2.0;Fingerprint (side-mounted), gyro, accelerometer, proximity, compass, barometer;Li-Ion 4500 mAh, non-removable;Blue;TMAF025G;About 170 EUR;;;;;;;;;;;;
https://www.gsmarena.com/t_mobile_revvl_v+_5g-10997.php;https://fdn2.gsmarena.com/vv/bigpic/t‑mobile-revvl-v-plus-5g.jpg;T-Mobile REVVL V+ 5G;Released 2021, July 12;7.1mm thickness;Android 11;64GB storage, Unspecified;32;0.5%;192,893 hits;"6.82""";720x1640 pixels;4 GB RAM;Dimensity 700;5000 mAh Li-Po;GSM 850 / 900 / 1800 / 1900;HSDPA 850 / 900 / 1700(AWS) / 1900 / 2100;2, 4, 5, 12, 25, 26, 41, 66, 71;25, 41, 66, 71 SA/NSA;HSPA, LTE, 5G;2021, July 01;Available. Released 2021, July 12;173.7 x 77.5 x 7.1 mm (6.84 x 3.05 x 0.28 in);-;Nano-SIM;;IPS LCD;6.82 inches, 112.3 cm(~83.4% screen-to-body ratio);720 x 1640 pixels, 20:9 ratio (~257 ppi density);Android 11;Mediatek MT6833 Dimensity 700 (7 nm);Octa-core (2x2.2 GHz Cortex-A76 & 6x2.0 GHz Cortex-A55);Mali-G57 MC2;Unspecified;64GB 4GB RAM;16 MP, (wide), AF5 MP, (ultrawide)2 MP;LED flash, HDR, panorama;1080p@30fps;16 MP;1080p@30fps;Yes;Yes;GPS;Yes;No;Yes;Fingerprint (side-mounted), accelerometer, proximity;Li-Po 5000 mAh, non-removable;Nebula Black;;About 170 EUR;;;;;;;;;;;;
https://www.gsmarena.com/t_mobile_revvl_5g-10486.php;https://fdn2.gsmarena.com/vv/bigpic/tmobile-revvl-4-5g.jpg;T-Mobile REVVL 5G;Released 2020, September 04;215g, 9.4mm thickness;Android 10;128GB storage, microSDXC;19;0.3%;162,305 hits;"6.53""";1080x2340 pixels;6 GB RAM;Snapdragon 765 5G;4500 mAh Li-Ion;GSM 850 / 900 / 1800 / 1900;HSDPA 850 / 900 / 1700(AWS) / 1900 / 2100;1, 2, 3, 4, 7, 8, 12, 13, 20, 25, 26, 28, 38, 39, 40, 41, 66, 71;2, 25, 41, 66, 71 SA/NSA;HSPA, LTE, 5G;2020, August 27;Available. Released 2020, September 04;165.4 x 76.2 x 9.4 mm (6.51 x 3.00 x 0.37 in);215 g (7.58 oz);Nano-SIM;;IPS LCD;6.53 inches, 104.7 cm(~83.1% screen-to-body ratio);1080 x 2340 pixels, 19.5:9 ratio (~395 ppi density);Android 10;Qualcomm SM7250 Snapdragon 765 5G (7 nm);Octa-core (1x2.4 GHz Kryo 475 Prime & 1x2.2 GHz Kryo 475 Gold & 6x1.8 GHz Kryo 475 Silver);Adreno 620;microSDXC;128GB 6GB RAM;"48 MP, (wide), 1/2.0"", 0.8µm, PDAF8 MP, (ultrawide)5 MP, (macro)";Dual-LED flash, HDR, panorama;4K@30fps, 1080p@30fps;16 MP;1080p@30fps;Wi-Fi 802.11 a/b/g/n/ac, dual-band, Wi-Fi Direct;5.0, A2DP, LE;GPS;Yes;No;USB Type-C 2.0;Fingerprint (rear-mounted), accelerometer, proximity, compass;Li-Ion 4500 mAh, non-removable;Nebula Black;T790W, T790Z;About 340 EUR;;;;;;;;;;;;
https://www.gsmarena.com/t_mobile_revvl_4+-10485.php;https://fdn2.gsmarena.com/vv/bigpic/tmobile-revvl-4-plus.jpg;T-Mobile REVVL 4+;Released 2020, September 04;180g, 8.1mm thickness;Android 10;64GB storage, microSDXC;7;0.2%;91,811 hits;"6.52""";720x1440 pixels;4 GB RAM;Snapdragon 665;4000 mAh Li-Ion;GSM 850 / 900 / 1800 / 1900;HSDPA 850 / 1700(AWS) / 1900;1, 2, 3, 4, 5, 7, 8, 12, 13, 20, 25, 26, 28, 38, 39, 40, 41, 66, 71;;HSPA, LTE;2020, August 27;Available. Released 2020, September 04;165.4 x 75.2 x 8.1 mm (6.51 x 2.96 x 0.32 in);180 g (6.35 oz);Nano-SIM;;IPS LCD;6.52 inches, 109.7 cm(~88.2% screen-to-body ratio);720 x 1440 pixels, 18:9 ratio (~247 ppi density);Android 10;Qualcomm SDM665 Snapdragon 665 (11 nm);Octa-core (4x2.0 GHz Kryo 260 Gold & 4x1.8 GHz Kryo 260 Silver);Adreno 610;microSDXC;64GB 4GB RAM;16 MP, PDAF5 MP;Dual-LED dual-tone flash, HDR, panorama;1080p@30fps;16 MP;1080p@30fps;Wi-Fi 802.11 a/b/g/n/ac, dual-band, Wi-Fi Direct;5.0, A2DP, LE;GPS;Yes;No;USB Type-C 2.0;Fingerprint (rear-mounted), accelerometer, proximity;Li-Ion 4000 mAh, non-removable;Steel Gray;5062W, 5062Z;About 160 EUR;eMMC 5.1;;;;;;;;;;;
https://www.gsmarena.com/t_mobile_revvl_4-10484.php;https://fdn2.gsmarena.com/vv/bigpic/tmobile-revvl-4.jpg;T-Mobile REVVL 4;Released 2020, September 04;158.5, 8.1mm thickness;Android 10;32GB storage, microSDXC;3;0.2%;90,256 hits;"6.22""";720x1520 pixels;2 GB RAM;Helio A22;3500 mAh Li-Ion;GSM 850 / 900 / 1800 / 1900;HSDPA 850 / 1700(AWS) / 1900;2, 4, 5, 7, 12, 25, 26, 41, 66, 71;;HSPA, LTE;2020, August 27;Available. Released 2020, September 04;159 x 76 x 8.1 mm (6.26 x 2.99 x 0.32 in);158.5 (5.61 oz);Nano-SIM;;IPS LCD;6.22 inches, 96.6 cm(~79.9% screen-to-body ratio);720 x 1520 pixels, 19:9 ratio (~270 ppi density);Android 10;Mediatek MT6761 Helio A22 (12 nm);Quad-core 2.0 GHz Cortex-A53;PowerVR GE8300;microSDXC;32GB 2GB RAM;13 MP, PDAF;LED flash, HDR, panorama;1080p@30fps;5 MP;;Wi-Fi 802.11 a/b/g/n/ac, dual-band, Wi-Fi Direct;5.0, A2DP, LE;GPS;No;No;USB Type-C 2.0;Fingerprint (rear-mounted), accelerometer, proximity;Li-Ion 3500 mAh, non-removable;Graphite;5007Z, 5007W, TMRVL4G;About 100 EUR;eMMC 5.1;;;;;;;;;;;
https://www.gsmarena.com/t_mobile_revvlry+-9764.php;https://fdn2.gsmarena.com/vv/bigpic/t-mobile-revvlry-plus-.jpg;T-Mobile Revvlry+;Released 2019, July;8.6mm thickness;Android 9.0;64GB storage, microSDXC;15;0.1%;129,618 hits;"6.24""";1080x2270 pixels;4 GB RAM;Snapdragon 636;3000 mAh Li-Ion;GSM 850 / 900 / 1800 / 1900;HSDPA 850 / 1700(AWS) / 1900;1, 2, 3, 4, 5, 7, 12, 13, 20, 66, 71;;HSPA 42.2/5.76 Mbps, LTE-A (2CA) Cat12 600/50 Mbps;2019, July;Available. Released 2019, July;158.5 x 75.2 x 8.6 mm (6.24 x 2.96 x 0.34 in);-;Nano-SIM;IP54, dust and water resistant;IPS LCD;6.24 inches, 97.5 cm(~81.8% screen-to-body ratio);1080 x 2270 pixels, 19:9 ratio (~403 ppi density);Android 9.0 (Pie);Qualcomm SDM636 Snapdragon 636 (14 nm);Octa-core (4x1.8 GHz Kryo 260 Gold & 4x1.6 GHz Kryo 260 Silver);Adreno 509;microSDXC (dedicated slot);64GB 4GB RAM;16 MP, f/1.7, 1.22µm, PDAF, OIS5 MP, f/2.4, (depth);Dual-LED dual-tone flash, panorama, HDR;4K@30fps, 1080p@30/60/120fps, gyro-EIS;"12 MP, (wide), 1/2.8"", 1.25µm";1080p@30fps;Wi-Fi 802.11 a/b/g/n/ac, dual-band, Wi-Fi Direct;5.0, A2DP, LE;GPS, GLONASS, GALILEO;No;FM radio;USB Type-C 2.0;Fingerprint (rear-mounted), accelerometer, gyro, proximity, compass;Li-Ion 3000 mAh, non-removable;Black;;About 310 EUR;eMMC 5.1;HDR;;;;;;;;;;
https://www.gsmarena.com/t_mobile_revvlry-9763.php;https://fdn2.gsmarena.com/vv/bigpic/t-mobile-revvlry-.jpg;T-Mobile Revvlry;Released 2019, July;8.1mm thickness;Android 9.0;32GB storage, microSDXC;6;0.1%;92,312 hits;"5.7""";720x1520 pixels;3 GB RAM;Snapdragon 632;3000 mAh Li-Ion;GSM 850 / 900 / 1800 / 1900;HSDPA 850 / 1700(AWS) / 1900;2, 4, 5, 7, 12, 38, 66, 71;;HSPA 42.2/5.76 Mbps, LTE-A (2CA) Cat6 300/50 Mbps;2019, July;Available. Released 2019, July;148.6 x 71.4 x 8.1 mm (5.85 x 2.81 x 0.32 in);-;Nano-SIM;Splash resistant;IPS LCD;5.7 inches, 81.1 cm(~76.4% screen-to-body ratio);720 x 1520 pixels, 19:9 ratio (~295 ppi density);Android 9.0 (Pie);Qualcomm SDM632 Snapdragon 632 (14 nm);Octa-core (4x1.8 GHz Kryo 250 Gold & 4x1.8 GHz Kryo 250 Silver);Adreno 506;microSDXC (dedicated slot);32GB 3GB RAM;"13 MP, f/2.0, 1/3.1"", 1.12µm, PDAF";LED flash, panorama, HDR;1080p@30fps;"8 MP, f/2.2, 1/4"", 1.12µm";1080p@30fps;Wi-Fi 802.11 b/g/n;4.2, A2DP, LE;GPS, GLONASS;No;FM radio;USB Type-C 2.0;Fingerprint (rear-mounted), accelerometer, gyro, proximity, compass;Li-Ion 3000 mAh, non-removable;Black;;About 180 EUR;eMMC 5.1;LED flash;;;;;;;;;;
https://www.gsmarena.com/t_mobile_revvl-8809.php;https://fdn2.gsmarena.com/vv/bigpic/t-mobile-revvl.jpg;T-Mobile Revvl;Released 2017, August;157.9g, 8.4mm thickness;Android 7.0;32GB storage, microSDXC;7;0.1%;195,784 hits;"5.5""";720x1280 pixels;2 GB RAM;MT6738;3000 mAh Li-Ion;GSM 900 / 1800 / 1900;HSDPA 1700 (AWS)/ 1900;2, 4, 5, 12, 66;;HSPA, LTE;2017, August. Released 2017, August;Discontinued;151.9 x 77 x 8.4 mm (5.98 x 3.03 x 0.33 in);157.9 g (5.64 oz);Nano-SIM;;IPS LCD;5.5 inches, 83.4 cm(~71.3% screen-to-body ratio);720 x 1280 pixels, 16:9 ratio (~267 ppi density);Android 7.0 (Nougat);Mediatek MT6738;Quad-core 1.5 GHz Cortex-A53;Mali-T860MP2;microSDXC (dedicated slot);32GB 2GB RAM;13 MP, AF;LED flash, HDR;1080p@30fps;5 MP;;Wi-Fi 802.11 b/g/n;4.2, A2DP;GPS;No;FM radio;microUSB 2.0;Fingerprint (rear-mounted), accelerometer, proximity;Li-Ion 3000 mAh, non-removable;Black;;About 110 EUR;;LED flash;Up to 288 h (3G);Up to 12 h (3G);;;;;;;;
https://www.gsmarena.com/t_mobile_prism_ii-5550.php;https://fdn2.gsmarena.com/vv/bigpic/t-mobile-prism-ii.jpg;T-Mobile Prism II;Released 2013, June;100g, 12.4mm thickness;Android 4.1;4GB 512MB RAM storage, microSDHC slot;8;N/A;259,099 hits;"3.5""";320x480 pixels;512 MB RAM;;1750 mAh Li-Ion;GSM 850 / 900 / 1800 / 1900;HSDPA 850 / 1700 / 1900 / 2100;;;HSPA;2013, June. Released 2013, June;Discontinued;117 x 62 x 12.4 mm (4.61 x 2.44 x 0.49 in);100 g (3.53 oz);Mini-SIM;;TFT;3.5 inches, 36.5 cm(~50.3% screen-to-body ratio);320 x 480 pixels, 3:2 ratio (~165 ppi density);Android 4.1 (Jelly Bean);;1.0 GHz Cortex-A5;;microSDHC (dedicated slot);4GB 512MB RAM;3.15 MP;;Yes;No;;Wi-Fi 802.11 b/g/n, hotspot;4.0, A2DP;GPS;No;FM radio;microUSB 2.0;Accelerometer;Li-Ion 1750 mAh, removable;Black;;About 90 EUR;;;Up to 260 h;Up to 8 h;;;;;;;;
https://www.gsmarena.com/t_mobile_concord-4949.php;https://fdn2.gsmarena.com/vv/bigpic/zte-t-mobile-concord.jpg;T-Mobile Concord;Released 2012, August;100g, 11.4mm thickness;Android 2.3.5;512MB 512MB RAM storage, microSDHC slot;9;N/A;255,788 hits;"3.5""";320x480 pixels;512 MB RAM;BCM21553;1500 mAh Li-Ion;GSM 850 / 900 / 1800 / 1900;HSDPA 850 / 1700 / 1900 / 2100;;;HSPA 7.2/5.76 Mbps;2012, August. Released 2012, August;Discontinued;117 x 62 x 11.4 mm (4.61 x 2.44 x 0.45 in);100 g (3.53 oz);Mini-SIM;;TFT, 256K colors;3.5 inches, 36.5 cm(~50.3% screen-to-body ratio);320 x 480 pixels, 3:2 ratio (~165 ppi density);Android 2.3.5 (Gingerbread);BCM21553;832 MHz;;microSDHC (dedicated slot), 2 GB included;512MB 512MB RAM;2 MP;;480p;No;;Wi-Fi 802.11 b/g/n, hotspot;3.0, A2DP;GPS, A-GPS;;No;microUSB 2.0;Accelerometer, proximity;Removable Li-Ion 1500 mAh battery;Black;;About 80 EUR;;;Up to 300 h;Up to 8 h 30 min;MP4/WMV/H.264 playerMP3/WAV/WMA/eAAC+ playerOrganizerDocument viewerVoice memo/dialPredictive text input;;;;;;;
https://www.gsmarena.com/t_mobile_mytouch_q_2-4898.php;https://fdn2.gsmarena.com/vv/bigpic/t-mobile-mytouch-q-2.jpg;T-Mobile myTouch Q 2;Released 2012, August;185g, 14.3mm thickness;Android 2.3;4GB 1GB RAM storage, microSDHC slot;10;N/A;181,546 hits;"4.0""";480x800 pixels;1 GB RAM;Snapdragon S2;1500 mAh Li-Ion;GSM 850 / 900 / 1800 / 1900;HSDPA 1700 / 2100;;;HSPA;2012, August. Released 2012, August;Discontinued;124.8 x 63.9 x 14.3 mm (4.91 x 2.52 x 0.56 in);185 g (6.53 oz);Mini-SIM;;IPS LCD;4.0 inches, 45.5 cm(~57.1% screen-to-body ratio);480 x 800 pixels, 5:3 ratio (~233 ppi density);Android 2.3 (Gingerbread);Qualcomm MSM8255T Snapdragon S2;1.4 GHz Scorpion;Adreno 205;microSDHC (dedicated slot);4GB 1GB RAM;5 MP, AF;LED flash;720p@30fps;VGA;;Wi-Fi 802.11 b/g/n, DLNA, hotspot;Yes;GPS, A-GPS;;No;microUSB 2.0;Accelerometer, proximity, compass;Removable Li-Ion 1500 mAh battery;Black, White;;About 290 EUR;;;Up to 185 h;Up to 6 h;T-Mobile TVMP4/WMV/H.264 playerMP3/WAV/WMA/eAAC+ playerOrganizerDocument viewerVoice memo/dial/commandsPredictive text input (Swype);;;;;;;
https://www.gsmarena.com/t_mobile_mytouch_2-4897.php;https://fdn2.gsmarena.com/vv/bigpic/t-mobile-mytouch-2.jpg;T-Mobile myTouch 2;Released 2012, August;140g, 10mm thickness;Android 2.3;4GB 1GB RAM storage, microSDHC slot;9;N/A;173,984 hits;"4.0""";480x800 pixels;1 GB RAM;Snapdragon S2;1500 mAh Li-Ion;GSM 850 / 900 / 1800 / 1900;HSDPA 1700 / 2100;;;HSPA;2012, August. Released 2012, August;Discontinued;114 x 62 x 10 mm (4.49 x 2.44 x 0.39 in);140 g (4.94 oz);Mini-SIM;;IPS LCD;4.0 inches, 45.5 cm(~64.4% screen-to-body ratio);480 x 800 pixels, 5:3 ratio (~233 ppi density);Android 2.3 (Gingerbread);Qualcomm MSM8255T Snapdragon S2;1.4 GHz Scorpion;Adreno 205;microSDHC (dedicated slot);4GB 1GB RAM;5 MP, AF;LED flash;720p@30fps;VGA;;Wi-Fi 802.11 b/g/n, DLNA, hotspot;Yes;GPS, A-GPS;;No;microUSB 2.0;Accelerometer, proximity, compass;Removable Li-Ion 1500 mAh battery;Black, Dark red;;About 290 EUR;;;Up to 186 h;Up to 6 h 10;T-Mobile TVMP4/WMV/H.264 playerMP3/WAV/WMA/eAAC+ playerOrganizerDocument viewerVoice memo/dial/commandsPredictive text input (Swype);;;;;;;
https://www.gsmarena.com/t_mobile_prism-4736.php;https://fdn2.gsmarena.com/vv/bigpic/t-mobile-prism.jpg;T-Mobile Prism;Released 2012, May;125g, 12.2mm thickness;Android 2.3.5;512MB storage, microSDHC slot;9;N/A;303,294 hits;"3.5""";320x480 pixels; ;;1400 mAh Li-Ion;GSM 850 / 900 / 1800 / 1900;HSDPA 850 / 1700 / 1900 / 2100;;;HSPA;2012, May. Released 2012, May;Discontinued;116.3 x 60.2 x 12.2 mm (4.58 x 2.37 x 0.48 in);125 g (4.41 oz);Mini-SIM;;TFT, 256K colors;3.5 inches, 36.5 cm(~52.1% screen-to-body ratio);320 x 480 pixels, 3:2 ratio (~165 ppi density);Android 2.3.5 (Gingerbread);;600 MHz;;microSDHC (dedicated slot);512MB;3.15 MP;;Yes;No;;Wi-Fi 802.11 b/g, hotspot;2.1, A2DP, EDR;GPS, A-GPS;;No;microUSB 2.0;Accelerometer, proximity, compass;Removable Li-Ion 1400 mAh battery;Black;;About 170 EUR;;;Up to 400 h;Up to 6 h 30 min;MP3/WAV/eAAC+ playerMP4/H.264 playerOrganizerDocument viewerVoice memo/dialPredictive text input (Swype);;;;;;;
https://www.gsmarena.com/t_mobile_move_balance-4389.php;https://fdn2.gsmarena.com/vv/bigpic/t-mobile-move-balance.jpg;T-Mobile Move Balance;Released 2011, December;142g, 10.5mm thickness;Android 2.3.5;4GB 512MB RAM storage, microSDHC slot;17;N/A;362,744 hits;"3.7""";480x800 pixels;512 MB RAM;;2000 mAh Li-Ion;GSM 850 / 900 / 1800 / 1900;HSDPA 850 / 1900;;;HSPA 7.2/0.384 Mbps;2011, December. Released 2011, December;Discontinued;118.5 x 59.5 x 10.5 mm (4.67 x 2.34 x 0.41 in);142 g (5.01 oz);Mini-SIM;;TFT, 256K colors;3.7 inches, 39.0 cm(~55.3% screen-to-body ratio);480 x 800 pixels, 5:3 ratio (~252 ppi density);Android 2.3.5 (Gingerbread);;800 MHz;;microSDHC (dedicated slot), 4 GB included;4GB 512MB RAM;5 MP, AF;LED flash;Yes;No;;Wi-Fi 802.11 b/g/n;2.1, A2DP;GPS, A-GPS;;FM radio;microUSB 2.0;Accelerometer;Removable Li-Ion 2000 mAh battery;Black;;About 100 EUR;;;Up to 770 h;Up to 11 h;MP3/WAV/eAAC+ playerMP4/H.264 playerOrganizerDocument viewerVoice memo/dialPredictive text input;0.54 W/kg (head);;;;;;
https://www.gsmarena.com/t_mobile_arizona-4390.php;https://fdn2.gsmarena.com/vv/bigpic/t-mobile-arizona.jpg;T-Mobile Arizona;Released 2011, December;100g, 12.9mm thickness;Android OS;100MB storage, microSDHC slot;11;N/A;141,705 hits;"2.8""";240x320 pixels; ;;1100 mAh Li-Ion;GSM 850 / 900 / 1800 / 1900;HSDPA;;;HSPA 3.6/0.384 Mbps;2011, Q4. Released 2011, December;Discontinued;104 x 55 x 12.9 mm (4.09 x 2.17 x 0.51 in);100 g (3.53 oz);Mini-SIM;;TFT, 256K colors;2.8 inches, 24.3 cm(~42.4% screen-to-body ratio);240 x 320 pixels, 4:3 ratio (~143 ppi density);Android OS;;;;microSDHC (dedicated slot), 2 GB included;100MB;2 MP;;Yes;No;;Wi-Fi 802.11 b/g;2.1, A2DP, EDR;GPS, A-GPS;;;microUSB 2.0;Accelerometer;Removable Li-Ion 1100 mAh battery;Black;;;;;Up to 200 h;Up to 4 h;MP4/H.264 playerMP3/WAV/eAAC+ playerOrganizerDocument viewerVoice memo/dialPredictive text input;1.10 W/kg (head);Class 12;Class 12;;;;
https://www.gsmarena.com/t_mobile_vivacity-4347.php;https://fdn2.gsmarena.com/vv/bigpic/t-mobile-vivacity.jpg;T-Mobile Vivacity;Released 2011, November;118g, 10.5mm thickness;Android 2.3;512MB storage, microSDHC slot;8;N/A;241,319 hits;"3.5""";480x800 pixels; ;;1500 mAh Li-Ion;GSM 850 / 900 / 1800 / 1900;HSDPA 900 / 2100;;;HSPA;2011, November. Released 2011, November;Discontinued;115 x 58 x 10.5 mm (4.53 x 2.28 x 0.41 in);118 g (4.16 oz);Mini-SIM;;TFT, 256K colors;3.5 inches, 34.9 cm(~52.3% screen-to-body ratio);480 x 800 pixels, 5:3 ratio (~267 ppi density);Android 2.3 (Gingerbread);;;;microSDHC (dedicated slot), 2 GB included;512MB;5 MP;LED flash;Yes;Yes;;Wi-Fi 802.11 b/g/n, hotspot;Yes;GPS, A-GPS;;Stereo FM radio, RDS;microUSB 2.0;Accelerometer, proximity, compass;Removable Li-Ion 1500 mAh battery;Black;;About 170 EUR;;;Up to 200 h;Up to 4 h;MP4/WMV/H.264 playerMP3/WAV/WMA/eAAC+ playerOrganizerDocument viewerVoice memo/dialPredictive text input;;;;;;;
https://www.gsmarena.com/t_mobile_mytouch_4g_slide-4018.php;https://fdn2.gsmarena.com/vv/bigpic/t-mobile-mytouch-4g-slide.jpg;T-Mobile myTouch 4G Slide;Released 2011, July;184g, 14mm thickness;Android 2.3.4;4GB 768MB RAM storage, microSDHC slot;18;N/A;508,650 hits;"3.7""";480x800 pixels;768 MB RAM;;1520 mAh Li-Ion;GSM 850 / 900 / 1800 / 1900;HSDPA 1700 / 2100;;;HSPA 14.4/5.76 Mbps;2011, June. Released 2011, July;Discontinued;122 x 66 x 14 mm (4.80 x 2.60 x 0.55 in);184 g (6.49 oz);Mini-SIM;;S-LCD;3.7 inches, 39.0 cm(~48.4% screen-to-body ratio);480 x 800 pixels, 5:3 ratio (~252 ppi density);Android 2.3.4 (Gingerbread);;Dual-core 1.2 GHz Scorpion;Adreno 220;microSDHC (dedicated slot), 8 GB included;4GB 768MB RAM;8 MP, AF;Dual-LED flash, HDR;1080p@30fps;Yes;;Wi-Fi 802.11 b/g/n, DLNA, hotspot;3.0, A2DP, EDR;GPS, A-GPS;;Stereo FM radio, RDS;microUSB 2.0;Accelerometer, proximity;Removable Li-Ion 1520 mAh battery;White, Black;;About 350 EUR;;;Up to 300 h (2G) / Up to 240 h (3G);Up to 9 h (2G) / Up to 7 h (3G);T-Mobile TVMP4/WMV/H.264 playerMP3/WAV/WMA/eAAC+ playerOrganizerDocument viewerVoice memo/dial/commandsPredictive text input;;;;;;;
https://www.gsmarena.com/t_mobile_energy-4624.php;https://fdn2.gsmarena.com/vv/bigpic/tmobile-energy.jpg;T-Mobile Energy;Released 2011;121g, 12mm thickness;Feature phone;microSD slot;8;N/A;230,616 hits;"3.5""";320x480 pixels; ;;;GSM 850 / 900 / 1800 / 1900;;;;;2011. Released 2011;Discontinued;116.5 x 60 x 12 mm (4.59 x 2.36 x 0.47 in);121 g (4.27 oz);Mini-SIM;;TFT, 256K colors;3.5 inches, 36.5 cm(~52.2% screen-to-body ratio);320 x 480 pixels, 3:2 ratio (~165 ppi density);;;;;microSD (dedicated slot), 2 GB included;;3.15 MP;;Yes;No;;Wi-Fi 802.11 b/g;Yes;No;;FM radio;microUSB 2.0;;Removable Li-Ion battery;Black;;;;;Up to 200 h;Up to 4 h 30 min;SNS applicationsMP3/WAV/AAC+ playerMP4/H.263 playerOrganizerPredictive text input;;Yes;Yes;;;;
https://www.gsmarena.com/t_mobile_springboard-4233.php;https://fdn2.gsmarena.com/vv/bigpic/t-mobile-springboard.jpg;T-Mobile SpringBoard;Released 2011, December;607.8, 10.4mm thickness;Android 3.2, up to 4.0;16GB storage, microSDHC;9;N/A;195,172 hits;"7.0""";800x1280 pixels; ;Snapdragon S3;7000 mAh Li-Po;GSM 850 / 900 / 1800 / 1900;HSDPA 850 / 1700 / 2100;;;HSPA 42.2/5.76 Mbps;2011, October. Released 2011, December;Discontinued;190 x 129 x 10.4 mm (7.48 x 5.08 x 0.41 in);607.8 (1.34 lb);Mini-SIM;;TFT;7.0 inches, 142.1 cm(~58.0% screen-to-body ratio);800 x 1280 pixels, 16:10 ratio (~216 ppi density);Android 3.2 (Honeycomb), upgradable to 4.0 (Ice Cream Sandwich);Qualcomm MSM8260 Snapdragon S3;Dual-core 1.2 GHz Scorpion;Adreno 220;microSDHC (dedicated slot);16GB;5 MP, AF;;720p;1.3 MP;;Wi-Fi 802.11 b/g/n, hotspot;2.1, A2DP;GPS, A-GPS;;No;2.0;Accelerometer, compass;Non-removable Li-Po 7000 mAh battery;Black;;About 350 EUR;;;Up to 288 h;Up to 7 h;T-Mobile TVMP4/H.264 playerMP3/WAV/eAAC+ playerOrganizerPhoto/video editorDocument editorPredictive text input (Swype);;;;;;;
https://www.gsmarena.com/t_mobile_mytouch_q-4231.php;https://fdn2.gsmarena.com/vv/bigpic/tmobile-mytouch-q.jpg;T-Mobile myTouch Q;Released 2011, November;160g, 13mm thickness;Android 2.3;2GB 512MB RAM storage, microSDHC slot;9;N/A;273,709 hits;"3.5""";320x480 pixels;512 MB RAM;Snapdragon S2;1500 mAh Li-Ion;GSM 850 / 900 / 1800 / 1900;HSDPA 1700 / 2100;;;HSPA 42.2/5.76 Mbps;2011, October. Released 2011, November;Discontinued;121 x 64 x 13 mm (4.76 x 2.52 x 0.51 in);160 g (5.64 oz);Mini-SIM;;TFT;3.5 inches, 36.5 cm(~47.1% screen-to-body ratio);320 x 480 pixels, 3:2 ratio (~165 ppi density);Android 2.3 (Gingerbread);Qualcomm MSM8255 Snapdragon S2;1.0 GHz Scorpion;Adreno 205;microSDHC (dedicated slot), 2 GB included;2GB 512MB RAM;5 MP, AF;LED flash;720p@30fps;No;;Wi-Fi 802.11 b/g/n, DLNA, UMA, hotspot;3.0, A2DP, EDR;GPS, A-GPS;;Stereo FM radio, RDS;microUSB 2.0;Accelerometer, proximity;Removable Li-Ion 1500 mAh battery;Gray, Violet;;About 190 EUR;;;Up to 280 h;Up to 3 h 20 min;T-Mobile TVMP4/WMV/H.264 playerMP3/WAV/WMA/eAAC+ playerOrganizerDocument viewerVoice memo/dial/commandsPredictive text input (Swype);;;;;;;
https://www.gsmarena.com/t_mobile_mytouch-4232.php;https://fdn2.gsmarena.com/vv/bigpic/tmobile-mytouch.jpg;T-Mobile myTouch;Released 2011, November;108g, 10mm thickness;Android 2.3;2GB 512MB RAM storage, microSDHC slot;12;N/A;290,279 hits;"3.8""";480x800 pixels;512 MB RAM;Snapdragon S2;1500 mAh Li-Ion;GSM 850 / 900 / 1800 / 1900;HSDPA 1700 / 2100;;;HSPA 42.2/5.76 Mbps;2011, October. Released 2011, November;Discontinued;122 x 64 x 10 mm (4.80 x 2.52 x 0.39 in);108 g (5.64 oz);Mini-SIM;;AMOLED;3.8 inches, 41.1 cm(~52.6% screen-to-body ratio);480 x 800 pixels, 5:3 ratio (~246 ppi density);Android 2.3 (Gingerbread);Qualcomm MSM8255 Snapdragon S2;1.0 GHz Scorpion;Adreno 205;microSDHC (dedicated slot), 2 GB included;2GB 512MB RAM;5 MP, AF;;720p@30fps;Yes;;Wi-Fi 802.11 b/g/n, DLNA, UMA, hotspot;3.0, A2DP, EDR;GPS, A-GPS;;No;microUSB 2.0;Accelerometer, proximity, compass;Removable Li-Ion 1500 mAh battery;Black, White;;About 190 EUR;;;Up to 312 h;Up to 4 h;T-Mobile TVMP4/WMV/H.264 playerMP3/WAV/WMA/eAAC+ playerOrganizerDocument viewerVoice memo/dial/commandsPredictive text input (Swype);;;;;;;
https://www.gsmarena.com/t_mobile_g_slate-3932.php;https://fdn2.gsmarena.com/vv/bigpic/t-mobile-g-slate-3d.jpg;T-Mobile G-Slate;Released 2011, April;621g, 12.7mm thickness;Android 3.0;32GB storage, microSDHC;11;N/A;267,587 hits;"8.9""";768x1280 pixels; ;Nvidia Tegra 2 T20;;GSM 850 / 900 / 1800 / 1900;HSDPA 1700 / 2100;;;HSPA 10.2/2 Mbps;2011, February. Released 2011, April;Discontinued;243.8 x 150 x 12.7 mm (9.60 x 5.91 x 0.5 in);621 g (1.37 lb);Mini-SIM;;3D LCD;8.9 inches, 225.5 cm(~61.7% screen-to-body ratio);768 x 1280 pixels, 5:3 ratio (~168 ppi density);Android 3.0 (Honeycomb);Nvidia Tegra 2 T20;Dual-core 1.0 GHz Cortex-A9;ULP GeForce;microSDHC (dedicated slot);32GB;5 MP, AF5 MP, AF;LED flash;1080p@24fps (2D), 720@30fps (3D);2 MP;;Wi-Fi 802.11 b/g/n, DLNA, hotspot;2.1, A2DP, EDR;GPS, A-GPS;;No;microUSB 2.0;Accelerometer, proximity, compass;Non-removable Li-Ion battery;Black;;About 710 EUR;;;Up to 273 h;Up to 9 h 20 min;HDMI portMP4/DivX/XviD/H.264/WMV playerMP3/WAV/WMA/eAAC+ playerDocument viewer/editorOrganizerVoice memoPredictive text input;;;;;;;
https://www.gsmarena.com/t_mobile_move-3990.php;https://fdn2.gsmarena.com/vv/bigpic/t-mobile-move.jpg;T-Mobile Move;Released 2011, Q2;120g, 12.5mm thickness;Android 2.2, up to 2.3;150MB 512MB RAM storage, microSDHC slot;10;N/A;232,157 hits;"2.8""";240x320 pixels;512 MB RAM;;1300 mAh Li-Ion;GSM 850 / 900 / 1800 / 1900;HSDPA 900 / 2100;;;HSPA 7.2/2 Mbps;2011, June. Released 2011, Q2;Discontinued;110 x 57.4 x 12.5 mm (4.33 x 2.26 x 0.49 in);120 g (4.23 oz);Mini-SIM;;TFT, 256K colors;2.8 inches, 24.3 cm(~38.5% screen-to-body ratio);240 x 320 pixels, 4:3 ratio (~143 ppi density);Android 2.2 (Froyo), upgradable to 2.3 (Gingerbread);;600 MHz;;microSDHC (dedicated slot);150MB 512MB RAM;2 MP;;Yes;No;;Wi-Fi 802.11 b/g;3.0, A2DP;GPS, A-GPS;;Stereo FM radio, RDS;microUSB 2.0;Accelerometer, proximity, compass;Removable Li-Ion 1300 mAh battery;Red, Black, Pink;;;;;;;MP3/AAC+/WAV/WMA playerMP4/H.264 playerOrganizerDocument viewerVoice memo/dialPredictive text input;;;;;;;
https://www.gsmarena.com/t_mobile_g2x-3888.php;https://fdn2.gsmarena.com/vv/bigpic/t-mobile-g2x.jpg;T-Mobile G2x;Released 2011, April;141.8g, 10.2mm thickness;Android 2.2, up to 2.3;8GB storage, microSDHC;19;N/A;980,502 hits;"4.0""";480x800 pixels;512 MB RAM;Nvidia Tegra 2 AP20H;1500 mAh Li-Ion;GSM 850 / 900 / 1800 / 1900;HSDPA 1700 / 2100;;;HSPA 21.1/5.76 Mbps;2011, March. Released 2011, April;Discontinued;124.5 x 63.5 x 10.2 mm (4.90 x 2.5 x 0.40 in);141.8 g (4.97 oz);Mini-SIM;;IPS LCD;4.0 inches, 45.5 cm(~57.6% screen-to-body ratio);480 x 800 pixels, 5:3 ratio (~233 ppi density);Android 2.2 (Froyo), upgradable to 2.3 (Gingerbread);Nvidia Tegra 2 AP20H;Dual-core 1.0 GHz Cortex-A9;ULP GeForce;microSDHC (dedicated slot);8GB 512MB RAM;8 MP, AF;LED flash;1080p@24fps, 720p@30fps;1.3 MP;;Wi-Fi 802.11 b/g/n, DLNA, hotspot;2.1, A2DP;GPS, A-GPS;;Stereo FM radio, RDS;microUSB 2.0;Accelerometer, gyro, proximity, compass;Removable Li-Ion 1500 mAh battery;Dark Ale;;About 350 EUR;;;Up to 400 h;Up to 7 h 40 min;T-Mobile TVNVIDIA Tegra ZoneT-Mobile Video ChatHDMI portDivX/Xvid/MP4/H.264/WMV playerMP3/WAV/WMA/eAAC+ playerDocument editorOrganizerVoice memo/dial/commandsPredictive text input (Swype);;;;;;;
https://www.gsmarena.com/t_mobile_sidekick_4g-3874.php;https://fdn2.gsmarena.com/vv/bigpic/t-mobile-sidekick-4g.jpg;T-Mobile Sidekick 4G;Released 2011, April 20;162g, 15mm thickness;Android 2.2;1GB 512MB RAM storage, microSDHC slot;31;0.1%;692,063 hits;"3.5""";480x800 pixels;512 MB RAM;Hummingbird;1500 mAh Li-Ion;GSM 850 / 900 / 1800 / 1900;HSDPA 1700 / 2100;;;HSPA 7.2/5.76 Mbps;2011, March. Released 2011, April 20;Discontinued;127 x 61 x 15 mm (5.0 x 2.40 x 0.59 in);162 g (5.71 oz);Mini-SIM;Optical trackpad;TFT;3.5 inches, 34.9 cm(~45.0% screen-to-body ratio);480 x 800 pixels, 5:3 ratio (~267 ppi density);Android 2.2 (Froyo);Hummingbird;1.0 GHz Cortex-A8;PowerVR SGX540;microSDHC (dedicated slot), 2 GB included;1GB 512MB RAM;3.15 MP, AF;;480p@30fps;VGA;;Wi-Fi 802.11 b/g/n, DLNA, hotspot;3.0, A2DP;GPS, A-GPS;;Nо;microUSB 2.0;Accelerometer, proximity;Removable Li-Ion 1500 mAh battery;Matte black, Pearl magenta;;About 310 EUR;;;Up to 456 h;Up to 6 h 30 min;T-Mobile TVMP4/H.264 playerMP3/WAV/eAAC+ playerOrganizerThinkFree Office document editor , PDF viewerVoice memoPredictive text input;;;;0.34 W/kg (head)     0.96 W/kg (body);;;
https://www.gsmarena.com/t_mobile_vairy_text_ii-4031.php;https://fdn2.gsmarena.com/vv/bigpic/t-mobile-vairy-text-ii.jpg;T-Mobile Vairy Text II;Released 2011;105g, 12.2mm thickness;Feature phone;70MB storage, microSDHC slot;10;N/A;121,422 hits;"2.4""";320x240 pixels; ;;850 mAh Li-Ion;GSM 850 / 1800 / 1900;;;;;2011;Discontinued;118.5 x 59 x 12.2 mm (4.67 x 2.32 x 0.48 in);105 g (3.70 oz);Mini-SIM;;TFT, 256K colors;2.4 inches, 17.8 cm(~25.5% screen-to-body ratio);320 x 240 pixels, 4:3 ratio (~167 ppi density);;;;;microSDHC (dedicated slot);70MB;2 MP;;QCIF;No;;Wi-Fi 802.11 b/g;2.0, A2DP;No;;Stereo FM radio, RDS;microUSB 2.0;;Removable Li-Ion 850 mAh battery;Black;;;;;Up to 726 h;Up 16 h 40 min;MP3/eAAC+ playerMP4/H.264 playerDocument viewerOrganizerCalculatorVoice memoPredictive text input;1.26 W/kg (head);Class 12;Class 12;;;;
https://www.gsmarena.com/t_mobile_vibe_e200-3624.php;https://fdn2.gsmarena.com/vv/bigpic/T-Mobile-Vibe-E200.jpg;T-Mobile Vibe E200;Released 2010, November;95g, 15mm thickness;Feature phone;microSD slot;8;N/A;166,602 hits;"2.8""";240x400 pixels; ;;;GSM 900 / 1800;;;;;2010, November. Released 2010, November;Discontinued;109 x 53 x 15 mm (4.29 x 2.09 x 0.59 in);95 g (3.35 oz);Mini-SIM;;TFT resistive touchscreen, 256K colors;2.8 inches, 22.3 cm(~38.6% screen-to-body ratio);240 x 400 pixels, 5:3 ratio (~167 ppi density);;;;;microSD (dedicated slot), 2 GB included;;2 MP;;Yes;No;;No;2.0, A2DP;No;;FM radio;2.0;;Removable Li-Ion battery;Black, Pink;;About 50 EUR;;;Up to 390 h;Up to 6 h 30 min;MP4/H.263 playerMP3/AAC+ playerOrganizerVoice memoPredictive text input;;Yes;No;;;;
https://www.gsmarena.com/t_mobile_comet-3612.php;https://fdn2.gsmarena.com/vv/bigpic/T-Mobile-Comet.jpg;T-Mobile Comet;Released 2010, November;102.1g, 12.7mm thickness;Android 2.2;microSDHC slot;8;N/A;290,027 hits;"2.8""";240x320 pixels; ;Snapdragon S1;1200 mAh Li-Ion;GSM 850 / 900 / 1800 / 1900;HSDPA 900 / 1700 / 2100;;;HSPA 7.2/0.384 Mbps;2010, November. Released 2010, November;Discontinued;104.1 x 55.9 x 12.7 mm (4.10 x 2.20 x 0.5 in);102.1 g (3.60 oz);Mini-SIM;;TFT, 256K colors;2.8 inches, 24.3 cm(~41.7% screen-to-body ratio);240 x 320 pixels, 4:3 ratio (~143 ppi density);Android 2.2 (Froyo);Qualcomm MSM7225 Snapdragon S1;528 MHz ARM 11;No;microSDHC (dedicated slot), 2 GB included;;3.15 MP;;CIF;No;;Wi-Fi 802.11 b/g/n, hotspot;2.0, A2DP;GPS, A-GPS;;FM radio;microUSB 2.0;Accelerometer;Removable Li-Ion 1200 mAh battery;Black;;About 150 EUR;;;Up to 288 h;Up to 9 h;MP3/WMA/eAAC+ playerMP4/H.264 playerOrganizerPhoto viewer/editorVoice memo/dial/commandsPredictive text input (Swype);;;;;;;
https://www.gsmarena.com/t_mobile_mytouch_4g-3520.php;https://fdn2.gsmarena.com/vv/bigpic/t-mobile-mytouch-hd.jpg;T-Mobile myTouch 4G;Released 2010, November;153.1g, 10.2mm thickness;Android 2.2, up to 2.3, Sense UI;4GB 768MB RAM storage, microSDHC slot;17;N/A;1,411,782 hits;"3.8""";480x800 pixels;768 MB RAM;Snapdragon S2;1400 mAh Li-Ion;GSM 850 / 900 / 1800 / 1900;HSDPA 900 / 1700 / 2100;;;HSPA 14.4/5.76 Mbps;2010, October. Released 2010, November;Discontinued;121.9 x 61 x 10.2 mm (4.80 x 2.40 x 0.40 in);153.1 g (5.40 oz);Mini-SIM;Optical trackpad;TFT;3.8 inches, 41.1 cm(~55.3% screen-to-body ratio);480 x 800 pixels, 5:3 ratio (~246 ppi density);Android 2.2 (Froyo), upgradable to 2.3 (Gingerbread), Sense UI;Qualcomm MSM8255 Snapdragon S2;1.0 GHz Scorpion;Adreno 205;microSDHC (dedicated slot), 8 GB included;4GB 768MB RAM;5 MP, AF;LED flash;720p@30fps;VGA videocall camera;;Wi-Fi 802.11 b/g/n, DLNA, hotspot;2.1, A2DP;GPS, A-GPS;;FM radio;miniUSB 2.0;Accelerometer, proximity;Removable Li-Ion 1400 mAh battery;Black;;About 280 EUR;;;Up to 552 h (2G) / Up to 432 h (3G);Up to 9 h (2G) / Up to 10 h 20 min (3G);MP4/H.264 playerMP3/WAV/eAAC+ playerOrganizerDocument viewerVoice memo/dial/commandsPredictive text input (Swype);;;;;;;
https://www.gsmarena.com/t_mobile_g2-3518.php;https://fdn2.gsmarena.com/vv/bigpic/t-mobile-g2.jpg;T-Mobile G2;Released 2010, October;184.3g, 15.2mm thickness;Android 2.2;4GB 512MB RAM storage, microSDHC slot;21;0.1%;860,064 hits;"3.7""";480x800 pixels;512 MB RAM;MSM7230;1300 mAh Li-Ion;GSM 850 / 900 / 1800 / 1900;HSDPA 1700 / 2100;;;HSPA 14.4/2 Mbps;2010, September. Released 2010, October;Discontinued;119.4 x 61 x 15.2 mm (4.70 x 2.40 x 0.60 in);184.3 g (6.49 oz);Mini-SIM;Optical trackpad;TFT;3.7 inches, 39.0 cm(~53.5% screen-to-body ratio);480 x 800 pixels, 5:3 ratio (~252 ppi density);Android 2.2 (Froyo);Qualcomm MSM7230;800 MHz Scorpion;Adreno 205;microSDHC (dedicated slot), 8 GB included;4GB 512MB RAM;5 MP, AF;LED flash;720p;No;;Wi-Fi 802.11 b/g/n, hotspot;2.1, A2DP;GPS, A-GPS;;Nо;microUSB 2.0;Accelerometer, proximity, compass;Removable Li-Ion 1300 mAh battery;White, Black;;About 420 EUR;;;Up to 430 h (2G) / Up to 430 h (3G);Up to 9 h 50 min (2G) / Up to 6 h 40 min (3G);MP4/H.264 playerMP3/WAV/eAAC+ playerOrganizerDocument viewerVoice memoPredictive text input (Swype);;;;;Corning Gorilla Glass;;
https://www.gsmarena.com/t_mobile_mytouch_3g_slide-3270.php;https://fdn2.gsmarena.com/vv/bigpic/t-mobile-mytouch-slide-ofic.jpg;T-Mobile myTouch 3G Slide;Released 2010, June;167, 15mm thickness;Android 2.1, up to 2.2;512MB RAM storage, microSDHC slot;11;N/A;518,371 hits;"3.4""";320x480 pixels;512 MB RAM;;1300 mAh Li-Ion;GSM 850 / 900 / 1800 / 1900;HSDPA 1700 / 2100;;;HSPA 7.2/2 Mbps;2010, April. Released 2010, June;Discontinued;114 x 58 x 15 mm (4.49 x 2.28 x 0.59 in);167 (5.89 oz);Mini-SIM;Optical trackpad;TFT, 65K colors;3.4 inches, 34.4 cm(~52.1% screen-to-body ratio);320 x 480 pixels, 3:2 ratio (~170 ppi density);Android 2.1 (Eclair), upgradable to 2.2 (Froyo);;600 MHz ARM 11;Adreno 130;microSDHC (dedicated slot), 8 GB included;512MB RAM, 512MB;5 MP, AF;LED flash;Yes;No;;Wi-Fi 802.11 b/g;2.1, A2DP, EDR;GPS, A-GPS;;No;microUSB 2.0;Accelerometer;Removable Li-Ion 1300 mAh battery;White, Black, Red;;About 330 EUR;;;Up to 286 h;Up to 6 h 40 min;MP4/H.264 playerMP3/WAV/eAAC+ playerOrganizerDocument viewerVoice memoPredictive text input;;;;0.75 W/kg (head)     0.65 W/kg (body);Corning Gorilla Glass;;
https://www.gsmarena.com/t_mobile_garminfone-3277.php;https://fdn2.gsmarena.com/vv/bigpic/t-mobile-garminfone.jpg;T-Mobile Garminfone;Released 2010, June;136g, 12mm thickness;Android 2.1;4GB 256MB RAM storage, microSDHC slot;8;N/A;244,560 hits;"3.5""";320x480 pixels;256 MB RAM;;1150 mAh Li-Ion;GSM 850 / 900 / 1800 / 1900;HSDPA 1700 / 2100;;;HSPA 7.2/0.384 Mbps;2010, February. Released 2010, June;Discontinued;116 x 62.2 x 12 mm (4.57 x 2.45 x 0.47 in);136 g (4.80 oz);Mini-SIM;;TFT, 256K colors;3.5 inches, 36.5 cm(~50.6% screen-to-body ratio);320 x 480 pixels, 3:2 ratio (~165 ppi density);Android 2.1 (Eclair);;;;microSDHC (dedicated slot);4GB 256MB RAM;3.15 MP, AF;;480p@24fps;No;;Wi-Fi 802.11b/g;2.0, A2DP, EDR;GPS, A-GPS, Garmin navigation;;No;2.0;Accelerometer, proximity, compass;Removable Li-Ion 1150 mAh battery;Black;;About 340 EUR;;;Up to 144 h;Up to 4 h;MP3/eAAC+/WAV playerMP4/H.264 playerDocument viewerPhoto viewer/editorOrganizerVoice memoPredictive text input;;;;;;;
https://www.gsmarena.com/t_mobile_pulse_mini-3167.php;https://fdn2.gsmarena.com/vv/bigpic/t-mobile-pulse-mini.jpg;T-Mobile Pulse Mini;Released 2010, May;110g, 14mm thickness;Android 2.1;300MB storage, microSDHC slot;9;N/A;249,749 hits;"2.8""";240x320 pixels; ;Snapdragon S1;1150 mAh Li-Ion;GSM 900 / 1800 / 1900;HSDPA 900 / 2100;;;HSPA 3.6/0.384 Mbps;2010, February. Released 2010, May;Discontinued;106 x 57 x 14 mm (4.17 x 2.24 x 0.55 in);110 g (3.88 oz);Mini-SIM;;TFT resistive touchscreen, 256K colors;2.8 inches, 24.3 cm(~40.2% screen-to-body ratio);240 x 320 pixels, 4:3 ratio (~143 ppi density);Android 2.1 (Eclair);Qualcomm MSM7227 Snapdragon S1;600 MHz ARM 11;Adreno 200;microSDHC (dedicated slot);300MB;3.15 MP;LED flash;Yes;No;;Wi-Fi 802.11 b/g;2.0, A2DP;GPS, A-GPS;;FM radio;2.0;Accelerometer;Removable Li-Ion 1150 mAh battery;Black, White;;;;;Up to 300 h;Up to 4 h;MP3/WAV/WMA/eAAC+ playerMP4/H.264 playerDocument viewerOrganizerVoice memoPredictive text input;;;;;;;
https://www.gsmarena.com/t_mobile_mytouch_3g_fender_edition-3089.php;https://fdn2.gsmarena.com/vv/bigpic/t-mobile-mytouch-3g-fender.jpg;T-Mobile myTouch 3G Fender Edition;Released 2010, January;116g, 14.7mm thickness;Android 1.6, up to 2.2;192MB RAM storage, microSDHC slot;9;N/A;225,324 hits;"3.2""";320x480 pixels;192 MB RAM;MSM7201A;1340 mAh Li-Ion;GSM 850 / 900 / 1800 / 1900;HSDPA 900 / 1700 / 2100;;;HSPA 7.2/2 Mbps;2009, October. Released 2010, January;Discontinued;113 x 56 x 14.7 mm (4.45 x 2.20 x 0.58 in);116 g (4.09 oz);Mini-SIM;;TFT, 65K colors;3.2 inches, 30.5 cm(~48.2% screen-to-body ratio);320 x 480 pixels, 3:2 ratio (~180 ppi density);Android 1.6 (Donut), upgradable to 2.2 (Froyo);Qualcomm MSM7201A;528 MHz ARM 11;Adreno 130;microSDHC (dedicated slot), 16 GB included;192MB RAM, 512MB;3.15 MP, AF;;CIF;No;;Wi-Fi 802.11 b/g, hotspot (Android 2.2);2.0, A2DP (headset support only);GPS, A-GPS;;No;miniUSB 2.0;Accelerometer, compass;Removable Li-Ion 1340 mAh battery;Sunburst;;About 300 EUR;;;Up to 408 h;Up to 7 h;MP3/WAV/eAAC+ playerVoice memo/dial/commandsPredictive text input;;;;;;;
https://www.gsmarena.com/t_mobile_hd2-3228.php;https://fdn2.gsmarena.com/vv/bigpic/t-mobile-hd2.jpg;T-Mobile HD2;Released 2010, March;157g, 11mm thickness;Microsoft Windows Mobile 6.5 Professional;576MB RAM storage, microSDHC slot;15;N/A;537,319 hits;"4.3""";480x800 pixels;576 MB RAM;Snapdragon S1;1230 mAh Li-Ion;GSM 850 / 900 / 1800 / 1900;HSDPA 1700 / 2100;;;HSPA 7.2/2 Mbps;2010, January. Released 2010, March;Discontinued;122 x 67 x 11 mm (4.80 x 2.64 x 0.43 in);157 g (5.54 oz);Mini-SIM;;TFT, 65K colors;4.3 inches, 52.6 cm(~64.4% screen-to-body ratio);480 x 800 pixels, 5:3 ratio (~217 ppi density);Microsoft Windows Mobile 6.5 Professional, Sense UI;Qualcomm QSD8250 Snapdragon S1;1.0 GHz Scorpion;Adreno 200;microSDHC (dedicated slot), 16 GB included;576MB RAM, 1GB ROM;5 MP, AF;Dual-LED flash;480p@30fps;No;;Wi-Fi 802.11 b/g;2.1, A2DP;"GPS, A-GPS; NaviPanel";;Stereo FM radio, RDS;microUSB;Accelerometer, proximity, compass;Removable Li-Ion 1230 mAh battery;Black;;About 230 EUR;;;Up to 480 h;Up to 6 h;MP3/WAV/WMA/eAAC+ playerMP4/WMV/H.264 playerPocket OfficeHTC Peep, HTC FootprintsT-mobile services: MobiTV, BLOCKBUSTER, Barnes & Nobl, Gogo Inflight InternetTransformers & Transformers 2 movies preloadedVoice memoPredictive text input;;;;;;;
https://www.gsmarena.com/t_mobile_tap-3019.php;https://fdn2.gsmarena.com/vv/bigpic/t-mobile-tap-midnight-blue.jpg;T-Mobile Tap;Released 2009, November;104.9g, 12.7mm thickness;Feature phone;microSD slot;8;N/A;217,171 hits;"2.8""";240x320 pixels; ;;1150 mAh Li-Ion;GSM 850 / 900 / 1800 / 1900;HSDPA 1700 / 2100;;;HSPA 3.6/0.384 Mbps;2009, October. Released 2009, November;Discontinued;106.7 x 55.9 x 12.7 mm (4.20 x 2.20 x 0.5 in);104.9 g (3.67 oz);Mini-SIM;;TFT resistive touchscreen, 256K colors;2.8 inches, 24.3 cm(~40.7% screen-to-body ratio);240 x 320 pixels, 4:3 ratio (~143 ppi density);;;;;microSD (dedicated slot);;2 MP;;Yes;No;;No;2.0, A2DP;GPS, A-GPS;;No;miniUSB;;Removable Li-Ion 1150 mAh battery;Berry, Midnight Blue;;About 80 EUR;;;Up to 240 h;Up to 5 h;MP3/AAC+/WAV playerMP4/H.264 playerVoice memoPredictive text input;;;;;;;
https://www.gsmarena.com/t_mobile_pulse-2911.php;https://fdn2.gsmarena.com/vv/bigpic/t-mobile-pulse-new.jpg;T-Mobile Pulse;Released 2009, October;130g, 13.5mm thickness;Android 1.5;192MB storage, microSDHC slot;11;N/A;386,925 hits;"3.5""";320x480 pixels; ;;1500 mAh Li-Ion;GSM 850 / 900 / 1800 / 1900;HSDPA 900 / 2100;;;HSPA 7.2/2 Mbps;2009, August. Released 2009, October;Discontinued;116 x 63 x 13.5 mm (4.57 x 2.48 x 0.53 in);130 g (4.59 oz);Mini-SIM;Trackball;TFT, 65K colors;3.5 inches, 36.5 cm(~49.9% screen-to-body ratio);320 x 480 pixels, 3:2 ratio (~165 ppi density);Android 1.5 (Cupcake);;;;microSDHC (dedicated slot);192MB;3.15 MP, AF;;Yes;VGA;;Wi-Fi 802.11 b/g;2.0, A2DP;GPS, A-GPS;;No;Proprietary;Accelerometer;Removable Li-Ion 1500 mAh battery;Black;;About 250 EUR;;;Up to 300 h;Up to 4 h;MP3/AAC+/WAV playerMP4/H.264 playerVoice memoPredictive text input;;;;;;2.5 mm audio jack;
https://www.gsmarena.com/t_mobile_vairy_text-3196.php;https://fdn2.gsmarena.com/vv/bigpic/t-mobile-vairy-text.jpg;T-Mobile Vairy Text;Released 2009, October;103g, 13.9mm thickness;Feature phone;20MB storage, microSDHC slot;8;N/A;158,315 hits;"2.4""";320x240 pixels; ;;850 mAh Li-Ion;GSM 850 / 1800 / 1900;;;;;2009, September. Released 2009, October;Discontinued;111 x 58 x 13.9 mm (4.37 x 2.28 x 0.55 in);103 g (3.63 oz);Mini-SIM;;TFT, 256K colors;2.4 inches, 17.8 cm(~27.7% screen-to-body ratio);320 x 240 pixels, 4:3 ratio (~167 ppi density);;;;;microSDHC (dedicated slot), 2 GB included;20MB;2 MP;;Yes;No;;No;2.0, A2DP;No;;Stereo FM radio, RDS;Proprietary;;Removable Li-Ion 850 mAh battery;Black;;;;;Up to 450 h;Up 9 h;MP3/eAAC+ playerMP4/H.264 playerDocument viewer (Word, Excel, PPT, PDF)OrganizerCalculatorVoice memoPredictive text input;;Yes;Yes;;;;
https://www.gsmarena.com/t_mobile_vairy_touch_ii-3190.php;https://fdn2.gsmarena.com/vv/bigpic/t-mobile-vairy-touch-ii.jpg;T-Mobile Vairy Touch II;Released 2010, February;83g, 12.5mm thickness;Feature phone;microSDHC slot;6;N/A;318,779 hits;"2.8""";240x400 pixels; ;;800 mAh Li-Ion;GSM 900 / 1800 / 1900;;;;;2010, Feburary. Released 2010, February;Discontinued;102 x 50 x 12.5 mm (4.02 x 1.97 x 0.49 in);83 g (2.93 oz);Mini-SIM;;TFT resistive touchscreen, 65K colors;2.8 inches, 22.3 cm(~43.8% screen-to-body ratio);240 x 400 pixels, 5:3 ratio (~167 ppi density);;;;;microSDHC (dedicated slot);;2 MP;;Yes;No;;No;2.0, A2DP;No;;Stereo FM radio;Proprietary;;Removable Li-Ion 800 mAh battery;Black;;About 70 EUR;;;Up to 300 h;Up to 4 h 50 min;MP3/AAC+/WAV/WMA playerOrganizerVoice memoPredictive text input;;Class 10;Class 10;;;;
https://www.gsmarena.com/t_mobile_g2_touch-2890.php;https://fdn2.gsmarena.com/vv/bigpic/t-mobile-g2-touch.jpg;T-Mobile G2 Touch;Released 2009, July;135g, 14.4mm thickness;Android 1.5, Sense UI;288MB RAM storage, microSD slot;13;N/A;468,952 hits;"3.2""";320x480 pixels;288 MB RAM;MSM7200A;1350 mAh Li-Ion;GSM 850 / 900 / 1800 / 1900;HSDPA 900 / 2100;;;HSPA 7.2/2 Mbps;2009, July. Released 2009, July;Discontinued;112 x 56.2 x 14.4 mm (4.41 x 2.21 x 0.57 in);135 g (4.76 oz);Mini-SIM;Trackball;TFT, 65K colors;3.2 inches, 30.5 cm(~48.4% screen-to-body ratio);320 x 480 pixels, 3:2 ratio (~180 ppi density);Android 1.5 (Cupcake), Sense UI;Qualcomm MSM7200A;528 MHz ARM 11;Adreno 130;microSD (dedicated slot);288MB RAM, 512MB;5 MP, AF;;Yes;No;;Wi-Fi 802.11 b/g;2.0, A2DP;GPS, A-GPS;;No;miniUSB;Accelerometer, proximity, compass;Removable Li-Ion 1350 mAh battery;Black;;About 260 EUR;;;Up to 440 h (2G) / Up to 750 h (3G);Up to 8 h (2G) / Up to 7 h (3G);Dedicated search keyScenes quick profile switcherMP3/AAC+/WAV/WMA9 playerMP4/H.264/WMV9 playerVoice memoPredictive text input;;;;;;;
https://www.gsmarena.com/t_mobile_dash_3g-2887.php;https://fdn2.gsmarena.com/vv/bigpic/t-mobile-dash-3g.jpg;T-Mobile Dash 3G;Released 2009, June;120g, 12mm thickness;Microsoft Windows Mobile 6.1 Standard;192MB RAM storage, microSDHC slot;12;N/A;220,358 hits;"2.4""";320x240 pixels;192 MB RAM;;1500 mAh Li-Ion;GSM 850 / 900 / 1800 / 1900;HSDPA 1700 / 2100;;;HSPA 7.2/0.384 Mbps;2009, March. Released 2009, June;Discontinued;116.5 x 61.5 x 12 mm (4.59 x 2.42 x 0.47 in);120 g (4.23 oz);Mini-SIM;Trackball;TFT, 65K colors;2.4 inches, 17.8 cm(~24.9% screen-to-body ratio);320 x 240 pixels, 4:3 ratio (~167 ppi density);Microsoft Windows Mobile 6.1 Standard;;528 MHz;;microSDHC (dedicated slot);192MB RAM, 256MB ROM;2 MP;;Yes;No;;Wi-Fi 802.11b/g;2.0, A2DP;GPS, A-GPS;;No;Proprietary;;Removable Li-Ion 1500 mAh battery;Brown;;About 180 EUR;;;Up to 380 h (2G) / Up to 480 h (3G);Up 8 h 30 min (2G) / Up to 5 h (3G);MP3/WAV/WMA/eAAC+ playerMP4/H.264 playerDocument viewerOrganizerCalculatorVoice memoPredictive text input;;;;;;;
https://www.gsmarena.com/t_mobile_mytouch_3g_1_2-3424.php;https://fdn2.gsmarena.com/vv/bigpic/t-mobile-mytouch-3g.jpg;T-Mobile myTouch 3G 1.2;Released 2011;116g, 14.7mm thickness;Android 1.5;256MB RAM storage, microSD slot;6;N/A;101,752 hits;"3.2""";320x480 pixels;256 MB RAM;MSM7201A;;GSM 850 / 900 / 1800 / 1900;HSDPA 900 / 1700 / 2100;;;HSPA 7.2/2 Mbps;2011. Released 2011;Discontinued;113 x 56 x 14.7 mm (4.45 x 2.20 x 0.58 in);116 g (4.09 oz);Mini-SIM;;TFT, 65K colors;3.2 inches, 30.5 cm(~48.2% screen-to-body ratio);320 x 480 pixels, 3:2 ratio (~180 ppi density);Android 1.5 (Cupcake);Qualcomm MSM7201A;528 MHz ARM 11;Adreno 130;microSD (dedicated slot);256MB RAM, 512MB;3.15 MP, AF;;CIF;No;;Wi-Fi 802.11 b/g;2.0, A2DP (headset support only);GPS;;No;miniUSB;Accelerometer, compass;Removable Li-Ion battery;White, Black, Red;;;;;;;Voice memoMP3 playerPredictive text input;;;;;;;
https://www.gsmarena.com/t_mobile_mytouch_3g-2848.php;https://fdn2.gsmarena.com/vv/bigpic/t-mobile-mytouch-3g.jpg;T-Mobile myTouch 3G;Released 2009, April;116g, 14.7mm thickness;Android 1.5;192MB RAM storage, microSDHC slot;17;N/A;758,551 hits;"3.2""";320x480 pixels;192 MB RAM;MSM7201A;1340 mAh Li-Ion;GSM 850 / 900 / 1800 / 1900;HSDPA 1700 / 2100;;;HSPA 7.2/2 Mbps;2009, June. Released 2009, April;Discontinued;113 x 56 x 14.7 mm (4.45 x 2.20 x 0.58 in);116 g (4.09 oz);Mini-SIM;Trackball;TFT, 65K colors;3.2 inches, 30.5 cm(~48.2% screen-to-body ratio);320 x 480 pixels, 3:2 ratio (~180 ppi density);Android 1.5 (Cupcake);Qualcomm MSM7201A;528 MHz ARM 11;Adreno 130;microSDHC (dedicated slot), 4 GB included;192MB RAM, 512MB;3.15 MP, AF;;CIF;No;;Wi-Fi 802.11 b/g;2.0, A2DP, EDR;GPS, A-GPS;;No;miniUSB 2.0;Accelerometer, compass;Removable Li-Ion 1340 mAh battery;White, Black, Red;;About 250 EUR;;;Up to 600 h;Up to 6 h;Voice memoMP3 playerPredictive text input;;;;1.37 W/kg (head)     1.05 W/kg (body);Corning Gorilla Glass;;
https://www.gsmarena.com/t_mobile_mda_vario_v-2825.php;https://fdn2.gsmarena.com/vv/bigpic/t-mobile-mda-vario-v.jpg;T-Mobile MDA Vario V;Released 2009, June;178.5g, 17.3mm thickness;Microsoft Windows Mobile 6.1 Professional;288MB RAM storage, microSD slot;9;N/A;241,961 hits;"3.6""";480x800 pixels;288 MB RAM;MSM7200A;1500 mAh Li-Ion;GSM 850 / 900 / 1800 / 1900;HSDPA 900 / 2100;;;HSPA 7.2/2 Mbps;2009, February. Released 2009, June;Discontinued;116 x 59.2 x 17.3 mm (4.57 x 2.33 x 0.68 in);178.5 g (6.28 oz);Mini-SIM;;TFT resistive touchscreen, 65K colors;3.6 inches, 36.9 cm(~53.7% screen-to-body ratio);480 x 800 pixels, 5:3 ratio (~259 ppi density);Microsoft Windows Mobile 6.1 Professional;Qualcomm MSM7200A;528 MHz ARM 11;Adreno 130;microSD (dedicated slot);288MB RAM, 512MB ROM;3.15 MP, AF;;480p;VGA videocall camera;;Wi-Fi 802.11 b/g;2.0, A2DP;GPS;;Factory locked by default, can be enabled;miniUSB;Accelerometer;Removable Li-Ion 1500 mAh battery;Black/Grey;;;;;Up to 500 h (2G) / Up to 750 h (3G);Up to 8 h 30 min (2G) / Up to 6 h 30 min (3G);Pocket OfficeVoice memoMP3 playerTV-out;;;;;;;TouchFLO 3D finger swipe navigationTouch-sensitive zoom barHandwriting recognition
https://www.gsmarena.com/t_mobile_mda_compact_v-2824.php;https://fdn2.gsmarena.com/vv/bigpic/t-mobile-mda-compact-v.jpg;T-Mobile MDA Compact V;Released 2009, June;117g, 13.7mm thickness;Microsoft Windows Mobile 6.1 Professional;288MB RAM storage, microSD slot;10;N/A;251,182 hits;"3.2""";480x800 pixels;288 MB RAM;MSM7200A;1100 mAh Li-Ion;GSM 850 / 900 / 1800 / 1900;HSDPA 900 / 2100;;;HSPA 7.2/2 Mbps;2009, February. Released 2009, June;Discontinued;107.9 x 53.1 x 13.7 mm (4.25 x 2.09 x 0.54 in);117 g (4.13 oz);Mini-SIM;;TFT resistive touchscreen, 65K colors;3.2 inches, 29.1 cm(~50.9% screen-to-body ratio);480 x 800 pixels, 5:3 ratio (~292 ppi density);Microsoft Windows Mobile 6.1 Professional;Qualcomm MSM7200A;528 MHz ARM 11;Adreno 130;microSD (dedicated slot);288MB RAM, 512MB ROM;5 MP, AF;;480p@15fps;VGA videocall camera;;Wi-Fi 802.11 b/g;2.0, A2DP;GPS, A-GPS;;Stereo FM radio, RDS;miniUSB;Accelerometer;Removable Li-Ion 1100 mAh battery;Black;;;;;Up to 500 h;Up to 5 h;Pocket OfficeVoice memoMP3 player;;;;;;;TouchFLO 3D finger swipe navigationTouch-sensitive zoom barHandwriting recognition
https://www.gsmarena.com/t_mobile_sidekick_lx_2009-2787.php;https://fdn2.gsmarena.com/vv/bigpic/sidekick-lx-2009.jpg;T-Mobile Sidekick LX 2009;Released 2009, April;165g, 16.3mm thickness;Feature phone;microSDHC slot;16;N/A;675,734 hits;"3.2""";854x480 pixels; ;;1250 mAh Li-Ion;GSM 850 / 900 / 1800 / 1900;UMTS 1700 / 2100;;;Yes, 384 kbps;2009, April;Discontinued;132 x 61 x 16.3 mm (5.20 x 2.40 x 0.64 in);165 g (5.82 oz);Mini-SIM;Trackball;TFT, 65K colors;3.2 inches, 28.2 cm(~35.0% screen-to-body ratio);854 x 480 pixels, 16:9 ratio (~306 ppi density);;;;;microSDHC (dedicated slot), 1 GB included;;3.15 MP, AF;LED flash;Yes;No;;No;2.0, A2DP;GPS, A-GPS;;No;miniUSB;;Removable Li-Ion 1250 mAh battery;Orchid, Carbon;;About 220 EUR;;;Up to 192 h;Up to 5 h 30 min;MP3/WMA/WAV audio playerMP4/3gp playerVoice memoMySpace, Facebook, Twitter, Photobucket, YouTube apps;;;;0.40 W/kg (head)     0.46 W/kg (body);;;Swivel display
https://www.gsmarena.com/t_mobile_shadow_2-2656.php;https://fdn2.gsmarena.com/vv/bigpic/t-mobile-shadow-2.jpg;T-Mobile Shadow 2;Released 2009, January;150.3g, 15.2mm thickness;Microsoft Windows Mobile 6.1 Standard;microSDHC slot;10;N/A;162,024 hits;;240x320 pixels; ;TI OMAP V1030;1100 mAh Li-Ion;GSM 850 / 900 / 1800 / 1900;;;;;2009, January;Discontinued;104.1 x 53.3 x 15.2 mm (4.10 x 2.10 x 0.60 in);150.3 g (5.29 oz);Mini-SIM;;TFT, 65K colors;;240 x 320 pixels, 4:3 ratio;Microsoft Windows Mobile 6.1 Standard;TI OMAP V1030;260 MHz;;microSDHC (dedicated slot);;2 MP;;Yes;No;;Wi-Fi 802.11 b/g, UMA;2.0;No;;No;miniUSB;;Removable Li-Ion 1100 mAh battery;White Mint, Black Burgundy;;About 150 EUR;;;Up to 168 h;Up to 7 h;Pocket OfficeMP3/AAC playerVoice memo/dialPredictive text input;;Class 10;Class 10;;;;
https://www.gsmarena.com/t_mobile_vairy_touch-2858.php;https://fdn2.gsmarena.com/vv/bigpic/t-mobile-vairy-touch.jpg;T-Mobile Vairy Touch;Released 2009, March;84g, 16mm thickness;Feature phone;microSDHC slot;9;N/A;203,508 hits;"2.4""";240x320 pixels; ;;;GSM 900 / 1800;;;;;2009, March;Discontinued;93 x 52 x 16 mm (3.66 x 2.05 x 0.63 in);84 g (2.96 oz);Mini-SIM;;TFT, 65K colors;2.4 inches, 17.8 cm(~36.9% screen-to-body ratio);240 x 320 pixels, 4:3 ratio (~167 ppi density);;;;;microSDHC (dedicated slot);;1.3 MP;;Yes;No;;No;2.0;No;;Stereo FM radio, RDS;miniUSB 2.0;;Removable Li-Ion battery;Black;;;;;Up to 180 h;Up to 3 h;MP3/MP4 playerOrganizerVoice memoPredictive text input;;Class 10;No;;;;T-Mobile 3D UI
https://www.gsmarena.com/t_mobile_mda_basic-2648.php;https://fdn2.gsmarena.com/vv/bigpic/mda-basic.jpg;T-Mobile MDA Basic;Released 2009, January;110g, 16mm thickness;Microsoft Windows Mobile 6.1 Professional;128MB RAM storage, microSD slot;6;N/A;148,580 hits;"2.8""";240x320 pixels;128 MB RAM;TI OMAP 850;1100 mAh Li-Ion;GSM 850 / 900 / 1800 / 1900;;;;;2009, January;Discontinued;105 x 59 x 16 mm (4.13 x 2.32 x 0.63 in);110 g (3.88 oz);Mini-SIM;;TFT resistive touchscreen, 65K colors;2.8 inches, 24.3 cm(~39.2% screen-to-body ratio);240 x 320 pixels, 4:3 ratio (~143 ppi density);Microsoft Windows Mobile 6.1 Professional;TI OMAP 850;200 MHz ARM926EJ-S;;microSD (dedicated slot);128MB RAM, 256MB ROM;2 MP;;Yes;No;;Wi-Fi 802.11b/g;2.0, A2DP;No;;No;miniUSB;;Removable Li-Ion 1100 mAh battery;Gray;;;;;Up to 270 h;Up to 8 h;Pocket OfficeVoice memoMP3/AAC player;;Class 10;Class 10;;;;TouchFLO finger swipe navigationHandwriting recognition5-way navigation
https://www.gsmarena.com/t_mobile_g1-2533.php;https://fdn2.gsmarena.com/vv/bigpic/t-mobile-g1.jpg;T-Mobile G1;Released 2008, October;158g, 17.1mm thickness;Android 1.6;192MB RAM storage, microSD slot;53;0.1%;2,053,294 hits;"3.2""";320x480 pixels;192 MB RAM;MSM7201A;1150 mAh Li-Ion;GSM 850 / 900 / 1800 / 1900;HSDPA 2100;;;HSPA 7.2/2 Mbps;2008, September. Released 2008, October;Discontinued;117 x 55.7 x 17.1 mm (4.61 x 2.19 x 0.67 in);158 g (5.57 oz);Mini-SIM;Trackball;TFT, 65K colors;3.2 inches, 30.5 cm(~46.8% screen-to-body ratio);320 x 480 pixels, 3:2 ratio (~180 ppi density);Android 1.6 (Donut);Qualcomm MSM7201A;528 MHz ARM 11;Adreno 130;microSD (dedicated slot);192MB RAM, 256MB;3.15 MP, AF;;Yes;No;;Wi-Fi 802.11 b/g;2.0, A2DP (headset support only);GPS;;No;miniUSB;Accelerometer, compass;Removable Li-Ion 1150 mAh battery;White, Black, Brown;;About 290 EUR;;;Up to 406 h;Up to 5 h 20 min;Voice memoMP3 player;;;;0.71 W/kg (head)     0.84 W/kg (body);Corning Gorilla Glass;;
https://www.gsmarena.com/t_mobile_mda_vario_iv-2581.php;https://fdn2.gsmarena.com/vv/bigpic/mda-vario-4.jpg;T-Mobile MDA Vario IV;Released 2008;165g, 18.1mm thickness;Microsoft Windows Mobile 6.1 Professional;256MB RAM storage, microSD slot;11;N/A;196,121 hits;"2.8""";480x640 pixels;256 MB RAM;MSM7201A;1340 mAh Li-Ion;GSM 850 / 900 / 1800 / 1900;HSDPA 900 / 2100;;;HSPA 7.2/0.384 Mbps;2008, June. Released 2008;Discontinued;102 x 51 x 18.1 mm (4.02 x 2.01 x 0.71 in);165 g (5.82 oz);Mini-SIM;;TFT resistive touchscreen, 65K colors;2.8 inches, 24.3 cm(~46.7% screen-to-body ratio);480 x 640 pixels, 4:3 ratio (~286 ppi density);Microsoft Windows Mobile 6.1 Professional;Qualcomm MSM7201A;528 MHz ARM 11;Adreno 130;microSD (dedicated slot);256MB RAM, 512MB ROM;3.15 MP, AF;LED flash;Yes;VGA videocall camera;;Wi-Fi 802.11 b/g;2.0, A2DP;GPS, A-GPS;;Stereo FM radio, RDS;miniUSB;Accelerometer;Removable Li-Ion 1340 mAh battery;Black;;;;;Up to 406 h;Up to 8 h;TV-out (cable not included)Pocket OfficeVoice memoMP3 playerPredictive text input;;;;1.34 W/kg (head)     0.87 W/kg (body);;;TouchFLO 3D finger swipe navigationHandwriting recognition
https://www.gsmarena.com/t_mobile_shadow-2564.php;https://fdn2.gsmarena.com/vv/bigpic/htc-shadow.jpg;T-Mobile Shadow;Released 2007, October;150g, 15mm thickness;Microsoft Windows Mobile 6.0 Standard;128MB RAM storage, microSD slot;11;N/A;183,949 hits;;240x320 pixels;128 MB RAM;TI OMAP 850;920 mAh Li-Ion;GSM 850 / 900 / 1800 / 1900;;;;;2007, October;Discontinued;103 x 53 x 15 mm (4.06 x 2.09 x 0.59 in);150 g (5.29 oz);Mini-SIM;;TFT, 65K colors;, 53 x 40 mm;240 x 320 pixels, 4:3 ratio;Microsoft Windows Mobile 6.0 Standard;TI OMAP 850;200 MHz ARM926EJ-S;;microSD (dedicated slot);128MB RAM, 256MB ROM;2 MP;;Yes;No;;Wi-Fi 802.11 b/g;2.0;No;;No;miniUSB;;Removable Li-Ion 920 mAh battery;Black;;About 260 EUR;;;Up to 150 h;Up to 5 h;Pocket OfficeMP3/AAC playerVoice memo/dialPredictive text input;;Class 10;Class 10;0.35 W/kg (head)     0.67 W/kg (body);;;
https://www.gsmarena.com/t_mobile_mda_compact_iv-2582.php;https://fdn2.gsmarena.com/vv/bigpic/mda-compact-4.jpg;T-Mobile MDA Compact IV;Released 2009, Q1;98g, 12mm thickness;Microsoft Windows Mobile 6.1 Professional;4GB 128MB RAM storage, no card slot;10;N/A;179,935 hits;"2.8""";480x640 pixels;128 MB RAM;MSM7201A;900 mAh Li-Ion;GSM 900 / 1800 / 1900;HSDPA 900 / 2100;;;HSPA 7.2/0.384 Mbps;2008, May. Released 2009, Q1;Discontinued;110 x 52 x 12 mm (4.33 x 2.05 x 0.47 in);98 g (3.46 oz);Mini-SIM;;TFT resistive touchscreen, 65K colors;2.8 inches, 24.3 cm(~42.4% screen-to-body ratio);480 x 640 pixels, 4:3 ratio (~286 ppi density);Microsoft Windows Mobile 6.1 Professional;Qualcomm MSM7201A;528 MHz ARM 11;Adreno 130;No;4GB 128MB RAM;3.15 MP, AF;;CIF@30fps;VGA videocall camera;;Wi-Fi 802.11 b/g;2.0, A2DP;GPS, A-GPS;;Stereo FM radio, RDS;miniUSB;Accelerometer;Removable Li-Ion 900 mAh battery;Black;;;;;Up to 285 h;Up to 5 h 30 min;Pocket OfficeVoice memoMP3 playerPredictive text input;;;;1.33 W/kg (head)     1.44 W/kg (body);;;TouchFLO 3D finger swipe navigationHandwriting recognition
https://www.gsmarena.com/t_mobile_sidekick-2576.php;https://fdn2.gsmarena.com/vv/bigpic/sidekick.jpg;T-Mobile Sidekick;Released 2008, July;128g, 18mm thickness;Danger 4.7;128MB RAM storage, microSD slot;12;N/A;240,852 hits;"2.6""";240x400 pixels;128 MB RAM;;1030 mAh Li-Ion;GSM 850 / 900 / 1800 / 1900;;;;;2008, July;Discontinued;119 x 58 x 18 mm (4.69 x 2.28 x 0.71 in);128 g (4.52 oz);Mini-SIM;;TFT, 65K colors;2.6 inches, 19.2 cm(~27.9% screen-to-body ratio);240 x 400 pixels, 5:3 ratio (~179 ppi density);Danger 4.7;;;;microSD (dedicated slot);128MB RAM, 64MB ROM;1.3 MP;;Yes;No;;No;2.0, A2DP;No;;No;miniUSB;;Removable Li-Ion 1030 mAh battery;Black;;;;;Up to 216 h;Up to 5 h;MP3/WAV/WMA audio playerMP4 playerVoice memoPredictive text input;;Class 10;Class 10;;;;Swivel display
https://www.gsmarena.com/t_mobile_sidekick_slide-2218.php;https://fdn2.gsmarena.com/vv/bigpic/sidekick-slide.jpg;T-Mobile Sidekick Slide;Released 2007, November;150g, 17.8mm thickness;Feature phone;128MB storage, microSDHC slot;13;N/A;624,577 hits;"2.5""";240x320 pixels; ;TI OMAP 850;1130 mAh Li-Ion;GSM 850 / 900 / 1800 / 1900;;;;;2007, September. Released 2007, November;Discontinued;119.4 x 61 x 17.8 mm (4.70 x 2.40 x 0.70 in);150 g (5.29 oz);Mini-SIM;;TFT, 65K colors;2.5 inches, 50.8 x 38 mm, 19.4 cm(~26.6% screen-to-body ratio);240 x 320 pixels, 4:3 ratio (~160 ppi density);;TI OMAP 850;200 MHz ARM926EJ-S;;microSDHC (dedicated slot);128MB;1.3 MP;;No;No;;No;2.0;No;;No;miniUSB;;Removable Li-Ion 1130 mAh battery;Black;;About 100 EUR;;;Up to 156 h;Up to 7 h;MP3 player (iMelody,MIDI,MP3,AMR formats)Predictive text inputCalculatorStopwatch;;Class 10;Class 10;0.67 W/kg (head)     0.37 W/kg (body);;;
https://www.gsmarena.com/t_mobile_sidekick_lx-2577.php;https://fdn2.gsmarena.com/vv/bigpic/sidekick-lx.jpg;T-Mobile Sidekick LX;Released 2007, September;162g, 22mm thickness;Danger OS;64MB RAM storage, microSD slot;9;N/A;231,211 hits;"3.0""";240x400 pixels;64 MB RAM;;1540 mAh Li-Ion;GSM 850 / 900 / 1800 / 1900;;;;;2007, September;Discontinued;129.5 x 60 x 22 mm (5.10 x 2.36 x 0.87 in);162 g (5.71 oz);Mini-SIM;;TFT, 65K colors;3.0 inches, 25.6 cm(~33.0% screen-to-body ratio);240 x 400 pixels, 5:3 ratio (~155 ppi density);Danger OS;;;;microSD (dedicated slot);64MB RAM, 64MB ROM;1.3 MP;;Yes;No;;No;2.0;No;;No;Proprietary;;Removable Li-Ion 1540 mAh battery;Black;;About 160 EUR;;;Up to 96 h;Up to 6 h 50 min;MP3/WMA audio playerMP4 playerVoice memo;;Class 10;Class 10;0.40 W/kg (head)     0.46 W/kg (body);;;
https://www.gsmarena.com/t_mobile_sidekick_3-2578.php;https://fdn2.gsmarena.com/vv/bigpic/sidekick-3.jpg;T-Mobile Sidekick 3;Released 2006, June;190g, 22mm thickness;Danger 3.0;64MB RAM storage, miniSD slot;18;0.1%;230,858 hits;"2.6""";160x240 pixels;64 MB RAM;;1500 mAh Li-Ion;GSM 850 / 1800 / 1900;;;;;2006, June;Discontinued;130 x 59 x 22 mm (5.12 x 2.32 x 0.87 in);190 g (6.70 oz);Mini-SIM;;TFT, 65K colors;2.6 inches, 20.1 cm(~26.2% screen-to-body ratio);160 x 240 pixels, 3:2 ratio (~111 ppi density);Danger 3.0;;;;miniSD;64MB RAM;1.3 MP;LED flash;No;No;;No;1.2;No;;No;1.1;;Removable Li-Ion 1500 mAh battery;Black;;;;;Up to 72 h;Up to 4 h 50 min;MP3 audio playerVoice memo;;Class 10;Class 10;;;;Swivel display
https://www.gsmarena.com/t_mobile_wing-2579.php;https://fdn2.gsmarena.com/vv/bigpic/wing.jpg;T-Mobile Wing;Released 2006, November;168g, 18.7mm thickness;Microsoft Windows Mobile 6 Professional;64MB RAM storage, microSD slot;13;N/A;175,238 hits;"2.8""";240x320 pixels;64 MB RAM;TI OMAP 850;1130 mAh Li-Ion;GSM 850 / 900 / 1800 / 1900;;;;;2006, November;Discontinued;109 x 58.5 x 18.7 mm (4.29 x 2.30 x 0.74 in);168 g (5.93 oz);Mini-SIM;;TFT resistive touchscreen, 65K colors;2.8 inches, 24.3 cm(~38.1% screen-to-body ratio);240 x 320 pixels, 4:3 ratio (~143 ppi density);Microsoft Windows Mobile 6 Professional;TI OMAP 850;200 MHz ARM926EJ-S;;microSD (dedicated slot);64MB RAM, 128MB ROM;2 MP;;QCIF;No;;Wi-Fi 802.11b/g;2.0, A2DP;No;;No;1.1;;Removable Li-Ion 1130 mAh battery;Black;;;;;Up to 200 h;Up to 5 h;Pocket OfficeVoice memoMP3/WAV playerPredictive text input;;Class 10;Class 10;;;;Handwriting recognition
https://www.gsmarena.com/t_mobile_dash-2580.php;https://fdn2.gsmarena.com/vv/bigpic/dash.jpg;T-Mobile Dash;Released 2006, September;119g, 12.8mm thickness;Microsoft Windows Mobile 5.0 Smartphone;64MB RAM storage, microSD slot;10;N/A;155,770 hits;"2.4""";240x320 pixels;64 MB RAM;TI OMAP 850;960 mAh Li-Ion;GSM 850 / 900 / 1800 / 1900;;;;;2006, September;Discontinued;111.5 x 62.5 x 12.8 mm (4.39 x 2.46 x 0.50 in);119 g (4.20 oz);Mini-SIM;;TFT, 65K colors;2.4 inches, 17.8 cm(~25.6% screen-to-body ratio);240 x 320 pixels, 4:3 ratio (~167 ppi density);Microsoft Windows Mobile 5.0 Smartphone;TI OMAP 850;200 MHz ARM926EJ-S;;microSD (dedicated slot);64MB RAM, 128MB ROM;1.3 MP;;Yes;No;;Wi-Fi 802.11b/g;2.0, A2DP;No;;No;1.1;;Removable Li-Ion 960 mAh battery;;;;;;Up to 220 h;Up to 5 h;MP3/WAV playerPocket OfficeOrganizerPredictive text input;;Class 10;Class 10;;;;HTC JOGGR touch-sensitive navigation bar
https://www.gsmarena.com/t_mobile_mytouch_qwerty-4770.php;https://fdn2.gsmarena.com/vv/bigpic/huawei-ascend-g312-qwerty.jpg;T-Mobile myTouch qwerty;Cancelled;;Android 4.0;4GB 1GB RAM storage, microSDHC slot;13;N/A;118,105 hits;"4.0""";480x800 pixels;1 GB RAM;;;GSM 850 / 900 / 1800 / 1900;HSDPA 850 / 1700 / 1900 / 2100;;;HSPA 21.1/5.76 Mbps;Not officially announced yet;Cancelled;-;-;Mini-SIM;;IPS LCD;4.0 inches, 45.5 cm;480 x 800 pixels, 5:3 ratio (~233 ppi density);Android 4.0 (Ice Cream Sandwich);;1.4 GHz;;microSDHC;4GB 1GB RAM;5 MP, AF;LED flash, HDR;1080p@30fps;Yes;;Wi-Fi 802.11 b/g/n, DLNA, hotspot;4.0, A2DP;GPS, A-GPS;;FM Radio;microUSB 2.0;Accelerometer, proximity, compass;Removable Li-Ion battery;White, Black;;;;;;;T-Mobile TVMP4/WMV/H.264 playerMP3/WAV/WMA/eAAC+ playerOrganizerDocument viewerVoice memo/dial/commandsPredictive text input;;;;;;;
