Link;Image;Name;Release date;Weight;OS;Storage;Fans;Popularity;Hits;Screen_size;Screen_resolution;RAM;SOC;Battery;net2g;net3g;net4g;speed;year;status;dimensions;weight;build;sim;displaytype;displaysize;displayresolution;os;chipset;cpu;gpu;memoryslot;internalmemory;cam1modules;cam1features;cam1video;cam2modules;cam2video;wlan;bluetooth;gps;nfc;radio;usb;sensors;batdescription1;colors;price;net5g;models;memoryother;bodyother;featuresother;cam2features;optionalother;displayprotection;sar-us;gprstext;edge;displayother;batstandby1;battalktime1
https://www.gsmarena.com/tcl_40_xl-12142.php;https://fdn2.gsmarena.com/vv/bigpic/tcl-40-xl-.jpg;TCL 40 XL;Exp. release 2023, May;;Android 13, TCL UI;128GB storage, microSDXC;5;2.9%;9,641 hits;"6.75""";720x1640 pixels;4 GB RAM;Helio G37;5000 mAh Li-Ion;GSM 850 / 900 / 1800 / 1900 - SIM 1 & SIM 2 (dual sim model only);HSDPA 850 / 1700(AWS) / 1900 - USA;2, 4, 5, 12, 13, 25, 26, 41, 66, 71 - USA;HSPA, LTE;2023, February 26;Coming soon. Exp. release 2023, May;-;-;Glass front, plastic frame, plastic back;Single SIM (Nano-SIM) or Dual SIM (Nano-SIM, dual stand-by);IPS LCD;6.75 inches, 108.2 cm;720 x 1640 pixels (~265 ppi density);Android 13, TCL UI;Mediatek MT6765 Helio G37 (12 nm);Octa-core (4x2.3 GHz Cortex-A53 & 4x1.8 GHz Cortex-A53);PowerVR GE8320;microSDXC;128GB 4GB RAM;50 MP, (wide), PDAF2 MP, f/2.4, (macro)2 MP, f/2.4, (depth);LED flash, HDR, panorama;1080p@30fps;8 MP, (wide);1080p@30fps;Yes;Yes;GPS;Unspecified;Unspecified;USB Type-C 2.0;Fingerprint (side-mounted), accelerometer, proximity;Li-Ion 5000 mAh, non-removable;Gray;About 140 EUR;;;;;;;;;;;;;;
https://www.gsmarena.com/tcl_40_x-12143.php;https://fdn2.gsmarena.com/vv/bigpic/tcl-40-x-.jpg;TCL 40 X;Exp. release 2023, June;;Android 13, TCL UI;64GB storage, microSDXC;4;3.3%;10,354 hits;"6.56""";720x1612 pixels;4 GB RAM;Dimensity 700;5000 mAh Li-Ion;GSM 850 / 900 / 1800 / 1900 - SIM 1 & SIM 2 (dual sim model only);HSDPA 850 / 1700(AWS) / 1900 - USA;2, 4, 5, 12, 13, 25, 26, 41, 66, 71 - USA;HSPA, LTE, 5G;2023, February 26;Coming soon. Exp. release 2023, June;-;-;Glass front, plastic frame, plastic back;Single SIM (Nano-SIM) or Dual SIM (Nano-SIM, dual stand-by);IPS LCD, 90Hz;6.56 inches, 103.4 cm;720 x 1612 pixels, 20:9 ratio (~269 ppi density);Android 13, TCL UI;Mediatek MT6833 Dimensity 700 (7 nm);Octa-core (2x2.2 GHz Cortex-A76 & 6x2.0 GHz Cortex-A55);Mali-G57 MC2;microSDXC;64GB 4GB RAM;50 MP, (wide), PDAF2 MP, f/2.4, (macro)2 MP, f/2.4, (depth);LED flash, HDR, panorama;1080p@30fps;8 MP, (wide);1080p@30fps;Yes;Yes;GPS;Unspecified;Unspecified;USB Type-C 2.0;Fingerprint (side-mounted), accelerometer, proximity;Li-Ion 5000 mAh, non-removable;Black;About 190 EUR;SA/NSA;T609M;;;;;;;;;;;;
https://www.gsmarena.com/tcl_40_xe-12144.php;https://fdn2.gsmarena.com/vv/bigpic/tcl-40-xe-.jpg;TCL 40 XE;Exp. release 2023, June;;Android 13, TCL UI;64GB storage, microSDXC;4;2.1%;7,052 hits;"6.56""";720x1612 pixels;4 GB RAM;Dimensity 700;5000 mAh Li-Ion;GSM 850 / 900 / 1800 / 1900 - SIM 1 & SIM 2 (dual sim model only);HSDPA 850 / 1700(AWS) / 1900 - USA;2, 4, 5, 12, 13, 25, 26, 41, 66, 71 - USA;HSPA, LTE, 5G;2023, February 26;Coming soon. Exp. release 2023, June;-;-;Glass front, plastic frame, plastic back;Single SIM (Nano-SIM) or Dual SIM (Nano-SIM, dual stand-by);IPS LCD, 90Hz;6.56 inches, 103.4 cm;720 x 1612 pixels, 20:9 ratio (~269 ppi density);Android 13, TCL UI;Mediatek MT6833 Dimensity 700 (7 nm);Octa-core (2x2.2 GHz Cortex-A76 & 6x2.0 GHz Cortex-A55);Mali-G57 MC2;microSDXC;64GB 4GB RAM;"13 MP, f/2.2, 27mm (wide) 1/3.0"", 1.12µm, PDAF2 MP, f/2.4, (depth)2 MP, f/2.4, (macro)";LED flash, HDR, panorama;1080p@30fps;"8 MP, f/2.0, 26mm (wide) 1/4.0"", 1.12µm";1080p@30fps;Wi-Fi 802.11 a/b/g/n/ac, dual-band;5.1, A2DP, LE;GPS, GLONASS, GALILEO, BDS;Unspecified;Unspecified;USB Type-C 2.0;Fingerprint (side-mounted), accelerometer, proximity, compass, gyro, barometer;Li-Ion 5000 mAh, non-removable;Black;About 160 EUR;SA/NSA;;eMMC 5.1;;;;;;;;;;;
https://www.gsmarena.com/tcl_tab_11-12146.php;https://fdn2.gsmarena.com/vv/bigpic/tcl-nxtpaper-11.jpg;TCL Tab 11;Exp. release 2023, May;462g, 6.9mm thickness;Android 13;microSDXC slot;0;1.1%;3,733 hits;"10.95""";1200x2000 pixels; ;Helio P60T;8000 mAh Li-Po;GSM 850 / 900 / 1800 / 1900;HSDPA 850 / 900 / 1700(AWS) / 1900 / 2100;1, 2, 3, 4, 5, 7, 8, 17, 20, 28, 34, 38, 39, 40, 41, 66 - USA;HSPA, LTE;2023, February 26;Coming soon. Exp. release 2023, May;259 x 163.6 x 6.9 mm (10.20 x 6.44 x 0.27 in);462 g (1.02 lb);;Nano-SIM;IPS;10.95 inches, 341.3 cm(~80.5% screen-to-body ratio);1200 x 2000 pixels, 5:3 ratio (~213 ppi density);Android 13;Mediatek Helio P60T (12 nm);Octa-core (4x2.0 GHz Cortex-A73 & 4x Cortex-A53);PowerVR GE8320;microSDXC;;"8 MP, f/2.0, (wide), 1/4"", 1.12µm, AF";LED flash;1080p@30fps;"8 MP, 100˚, (ultrawide), 1/4"", 1.12µm";1080p@30fps;Wi-Fi 802.11 a/b/g/n/ac, dual-band, Wi-Fi Direct;5.0, A2DP, LE;Unspecified;No;Unspecified;USB Type-C 2.0;Accelerometer, proximity (accessories only);Li-Po 8000 mAh, non-removable;Digital Lavender, Dark Gray;About 180 EUR;;9166G, 9466X;;Stylus support;;;;;;;;;;
https://www.gsmarena.com/tcl_nxtpaper_11-12145.php;https://fdn2.gsmarena.com/vv/bigpic/tcl-nxtpaper-11.jpg;TCL NxtPaper 11;Exp. release 2023, May;462g, 6.9mm thickness;Android 13;microSDXC slot;0;1.0%;3,050 hits;"10.95""";1200x2000 pixels; ;Helio P60T;8000 mAh Li-Po;GSM 850 / 900 / 1800 / 1900;HSDPA 850 / 900 / 1900 / 2100;LTE;HSPA, LTE;2023, February 26;Coming soon. Exp. release 2023, May;259 x 163.6 x 6.9 mm (10.20 x 6.44 x 0.27 in);462 g (1.02 lb);;Nano-SIM;NCVM IPS;10.95 inches, 341.3 cm(~80.5% screen-to-body ratio);1200 x 2000 pixels, 5:3 ratio (~213 ppi density);Android 13;Mediatek Helio P60T (12 nm);Octa-core (4x2.0 GHz Cortex-A73 & 4x Cortex-A53);PowerVR GE8320;microSDXC;;"8 MP, f/2.0, (wide), 1/4"", 1.12µm, AF";LED flash;1080p@30fps;"8 MP, 100˚, (ultrawide), 1/4"", 1.12µm";1080p@30fps;Wi-Fi 802.11 a/b/g/n/ac, dual-band, Wi-Fi Direct;5.0, A2DP, LE;Unspecified;No;Unspecified;USB Type-C 2.0;Accelerometer, proximity (accessories only);Li-Po 8000 mAh, non-removable;Digital Lavender, Dark Gray;About 240 EUR;;9466X;;Stylus support;;;;;;;;;;
https://www.gsmarena.com/tcl_406-12147.php;https://fdn2.gsmarena.com/vv/bigpic/tcl-408.jpg;TCL 406;Released 2023, February 26;9mm thickness;Android 13;microSDXC slot;2;0.7%;2,153 hits;"6.6""";720x1612 pixels; ;;5000 mAh Li-Po;GSM 850 / 900 / 1800 / 1900 - SIM 1 & SIM 2 (dual-SIM);HSDPA 850 / 900 / 1700(AWS) / 1900 / 2100;LTE;HSPA, LTE;2023, February 26;Available. Released 2023, February 26;-;-;;Single SIM (Nano-SIM) or Dual SIM (Nano-SIM, dual stand-by);IPS LCD;6.6 inches, 104.6 cm(~84.3% screen-to-body ratio);720 x 1612 pixels, 20:9 ratio (~267 ppi density);Android 13;;Octa-core;;microSDXC (dedicated slot);;13 MP, (wide), AF2 MP, f/2.4, (depth);LED flash;1080p@30fps;"8 MP, f/2.0, 27mm (wide), 1/4"", 1.12µm";1080p@30fps;Wi-Fi 802.11 a/b/g/n/ac, dual-band, Wi-Fi Direct;5.1, A2DP, LE;GPS, GLONASS, GALILEO, BDS;Yes (market/region dependent);FM radio;USB Type-C 2.0, OTG;Fingerprint (side-mounted), accelerometer;Li-Po 5000 mAh, non-removable;Gray;About 110 EUR;;;;;Virtual proximity sensing;;;;;;;;;
https://www.gsmarena.com/tcl_ion_x-12095.php;https://fdn2.gsmarena.com/vv/bigpic/tcl-ion-x.jpg;TCL Ion X;Released 2023, January 26;177.4g, 8.9mm thickness;Android, TCL UI;32GB storage, microSDXC;11;0.4%;29,015 hits;"6.0""";720x1440 pixels;3 GB RAM;Helio G25;3000 mAh Li-Ion;GSM 850 / 900 / 1800 / 1900;HSDPA 850 / 1700(AWS) / 1900;2, 4, 5, 12, 25, 26, 41, 66, 71;HSPA, LTE;2023, January 26;Available. Released 2023, January 26;156.5 x 75.2 x 8.9 mm (6.16 x 2.96 x 0.35 in);177.4 g (6.24 oz);;Nano-SIM;IPS LCD;6.0 inches, 92.9 cm(~78.9% screen-to-body ratio);720 x 1440 pixels, 18:9 ratio (~268 ppi density);Android, TCL UI;Mediatek MT6762G Helio G25 (12 nm);Octa-core (4x2.0 GHz Cortex-A53 & 4x1.5 GHz Cortex-A53);PowerVR GE8320;microSDXC (dedicated slot);32GB 3GB RAM;"13 MP, (wide) 1/3.06"", 1.12µm, PDAF";LED flash;1080p@30fps;"5 MP, (wide) 1/5.0"", 1.12µm";1080p@30fps;Wi-Fi 802.11 a/b/g/n/ac, dual-band;5.1, A2DP, LE;GPS;No;Unspecified;USB Type-C 2.0;Accelerometer;Li-Ion 3000 mAh, removable;Black;About 100 EUR;;;eMMC 5.1;;Virtual proximity sensing;;;;;;;;;
https://www.gsmarena.com/tcl_40_se-12058.php;https://fdn2.gsmarena.com/vv/bigpic/tcl-40-se.jpg;TCL 40 SE;Exp. release 2023, Q1;190g, 8.5mm thickness;Android 13, TCL UI 5.0;128GB/256GB storage, microSDXC;8;0.8%;32,476 hits;"6.75""";720x1600 pixels;4/6 GB RAM;Helio G37;5010 mAh Li-Po;GSM 850 / 900 / 1800 / 1900 - SIM 1 & SIM 2 (dual-SIM);HSDPA 850 / 900 / 1900 / 2100 - T610K;1, 3, 5, 7, 8, 13, 20, 28, 38, 40, 41 - T610K;HSPA 42.2/11.5 Mbps, LTE Cat4 150/75 Mbps;2023, January 05;Coming soon. Exp. release 2023, Q1;167.9 x 76.5 x 8.5 mm (6.61 x 3.01 x 0.33 in);190 g (6.70 oz);Glass front, plastic frame, plastic back;Single SIM (Nano-SIM) or Dual SIM (Nano-SIM, dual stand-by);IPS LCD, 90Hz, 450 nits (typ);6.75 inches, 110.0 cm(~85.6% screen-to-body ratio);720 x 1600 pixels, 20:9 ratio (~260 ppi density);Android 13, TCL UI 5.0;Mediatek MT6765 Helio G37 (12 nm);Octa-core (4x2.3 GHz Cortex-A53 & 4x1.8 GHz Cortex-A53);PowerVR GE8320;microSDXC (dedicated slot);128GB 4GB RAM, 256GB 6GB RAM;"50 MP, f/1.8, 26mm (wide), 1/2.55"", 0.7µm, PDAF2 MP, f/2.4, (macro)2 MP, f/2.4, (depth)";LED flash, HDR, panorama;1080p@30fps;"8 MP, f/2.0, 26mm (wide), 1/4"", 1.12µm";1080p@30fps;Wi-Fi 802.11 a/b/g/n/ac, dual-band, Wi-Fi Direct;5.1, A2DP, LE;GPS, GLONASS, GALILEO, BDS;Yes (T610K, T610K2, T610P, T610P2);Unspecified;USB Type-C 2.0;Fingerprint (side-mounted), accelerometer, proximity;Li-Po 5010 mAh, non-removable;Dark grey, Twilight purple;About 160 EUR;;;eMMC 5.1;;;HDR;;;;;;;;
https://www.gsmarena.com/tcl_408-12060.php;https://fdn2.gsmarena.com/vv/bigpic/tcl-408.jpg;TCL 408;Exp. release 2023, Q1;190g, 9mm thickness;Android 12;64GB/128GB storage, microSDXC;7;0.4%;14,908 hits;"6.6""";720x1612 pixels;4/6 GB RAM;Helio G25;5000 mAh Li-Po;GSM 850 / 900 / 1800 / 1900 - SIM 1 & SIM 2 (dual-SIM);HSDPA 850 / 900 / 1700(AWS) / 1900 / 2100 - T507A, T507U, T507U1, T507U2, T507J;1, 3, 5, 7, 8, 13, 20, 28, 38, 40, 41 - T507U, T507U1, T507U2;HSPA 42.2/11.5 Mbps, LTE Cat4 150/75 Mbps;2023, January 05;Coming soon. Exp. release 2023, Q1;164.7 x 75.4 x 9 mm (6.48 x 2.97 x 0.35 in);190 g (6.70 oz);;Single SIM (Nano-SIM) or Dual SIM (Nano-SIM, dual stand-by);IPS LCD, 400 nits (typ);6.6 inches, 104.6 cm(~84.3% screen-to-body ratio);720 x 1612 pixels, 20:9 ratio (~267 ppi density);Android 12;Mediatek MT6762G Helio G25 (12 nm);Octa-core (4x2.0 GHz Cortex-A53 & 4x1.5 GHz Cortex-A53);PowerVR GE8320;microSDXC (dedicated slot);64GB 4GB RAM, 64GB 6GB RAM, 128GB 4GB RAM;"50 MP, f/1.8, 26mm (wide), 1/2.55"", 0.7µm, PDAF2 MP, f/2.4, (depth)";LED flash;1080p@30fps;"8 MP, f/2.0, 27mm (wide), 1/4"", 1.12µm";1080p@30fps;Wi-Fi 802.11 a/b/g/n/ac, dual-band, Wi-Fi Direct;5.1, A2DP, LE;GPS, GLONASS, GALILEO, BDS;Yes (T507U only);FM radio;USB Type-C 2.0, OTG;Fingerprint (side-mounted), accelerometer;Li-Po 5000 mAh, non-removable;Gravity Grey, Midnight Blue;About 120 EUR;;T507D1, T507A, T507U, T507U1, T507U2, T507J;eMMC 5.1;;Virtual proximity sensing;;;;;;;;;
https://www.gsmarena.com/tcl_403-12061.php;https://fdn2.gsmarena.com/vv/bigpic/tcl-403.jpg;TCL 403;Exp. release 2023, Q1;182g, 9.6mm thickness;Android 12;32GB storage, microSDXC;1;0.3%;9,178 hits;"6.0""";480x960 pixels;1/2 GB RAM;Helio A22;3000 mAh Li-Ion;GSM 850 / 900 / 1800 / 1900;HSDPA 900 / 2100 - T431D;1, 3, 7, 8, 20, 28 - T431D;HSPA 42.2/11.5 Mbps, LTE Cat4 150/75 Mbps;2023, January 05;Coming soon. Exp. release 2023, Q1;159.2 x 78.2 x 9.6 mm (6.27 x 3.08 x 0.38 in);182 g (6.42 oz);;Single SIM (Nano-SIM) or Dual SIM (Nano-SIM, dual stand-by);TFT LCD;6.0 inches, 92.9 cm(~74.6% screen-to-body ratio);480 x 960 pixels, 18:9 ratio (~179 ppi density);Android 12 (Go edition);Mediatek MT6761 Helio A22 (12 nm);Quad-core 2.0 GHz Cortex-A53;PowerVR GE8320;microSDXC (dedicated slot);32GB 1GB RAM, 32GB 2GB RAM;"8 MP, f/2.0, 27mm (wide), 1/4"", 1.12µm, AFor5 MP, f/2.4, 27mm (wide), 1/5"", 1.12µm - T431Q only";LED flash, HDR, panorama;1080p@30fps or 720p@30fps (T431Q only);5 MP, f/2.8or2 MP, f/2.8  - T431Q only;720p@30fps;Wi-Fi 802.11 b/g/n, Wi-Fi Direct;5.0, A2DP, LE;GPS, GALILEO, BDS;No;Unspecified;microUSB 2.0;Accelerometer;Li-Ion 3000 mAh;Prime Black, Mauve Mist;;;T431D, T431U, T431Q, T431P, T431A, T431E;;;;;;;;;;;;
https://www.gsmarena.com/tcl_nxtpaper_12_pro-12062.php;https://fdn2.gsmarena.com/vv/bigpic/tcl-nxtpaper-12-pro.jpg;TCL NxtPaper 12 Pro;Released 2023, January 05;599g, 6.9mm thickness;Android 12;256GB storage, microSDXC;8;0.3%;22,051 hits;"12.2""";1440x2160 pixels;8 GB RAM;MT8771;8000 mAh Li-Po;GSM 850 / 900 / 1800 / 1900;HSDPA 850 / 900 / 1700(AWS) / 1900 / 2100;1, 3, 5, 7, 8, 20, 28, 32, 34, 38, 39, 40, 41;HSPA, LTE, 5G;2023, January 05;Available. Released 2023, January 05;279 x 192.5 x 6.9 mm (10.98 x 7.58 x 0.27 in);599 g (1.32 lb);;Nano SIM;NCVM IPS, 370 nits (typ);12.2 inches, 443.2 cm(~82.5% screen-to-body ratio);1440 x 2160 pixels, 3:2 ratio (~213 ppi density);Android 12;Mediatek MT8771;Octa-core (2x2.4 GHz Cortex-A78 & 6x2.0 GHz Cortex-A55);Mali-G57 MC2;microSDXC (dedicated slot);256GB 8GB RAM;13 MP, AF;LED flash;1080p@30fps;8 MP8 MP;1080p@30fps;Wi-Fi 802.11 a/b/g/n/ac, dual-band, Wi-Fi Direct;5.1, A2DP, LE;GPS;No;Unspecified;USB Type-C 2.0, magnetic connector;Accelerometer, proximity, compass;Li-Po 8000 mAh, non-removable;Navy Blue;About 500 EUR;1, 3, 5, 7, 8, 20, 28, 40, 41, 77, 78 SA/NSA;;eMMC 5.1;Stylus support;;;;;;;;;;
https://www.gsmarena.com/tcl_405-11987.php;https://fdn2.gsmarena.com/vv/bigpic/tcl-405.jpg;TCL 405;Released 2022, November 02;190g, 9mm thickness;Android 12, TCL UI;32GB/64GB storage, microSDXC;8;0.2%;22,788 hits;"6.6""";720x1600 pixels;2 GB RAM;Helio G25;5000 mAh Li-Po;GSM 850 / 900 / 1800 / 1900 - SIM 1 & SIM 2 (dual-SIM);HSDPA 850 / 900 / 1900 / 2100;1, 3, 5, 7, 8, 20, 28, 38, 40, 41;HSPA 42.2/11.5 Mbps, LTE Cat4 150/75 Mbps;2022, November 02;Available. Released 2022, November 02;164.7 x 75.4 x 9 mm (6.48 x 2.97 x 0.35 in);190 g (6.70 oz);;Single SIM (Nano-SIM) or Dual SIM (Nano-SIM, dual stand-by);IPS LCD, 400 nits (typ);6.6 inches, 105.2 cm(~84.7% screen-to-body ratio);720 x 1600 pixels, 20:9 ratio (~266 ppi density);Android 12 (Go edition), TCL UI;Mediatek MT6762G Helio G25 (12 nm);Octa-core (4x2.0 GHz Cortex-A53 & 4x1.5 GHz Cortex-A53);PowerVR GE8320;microSDXC (dedicated slot);32GB 2GB RAM, 64GB 2GB RAM;"13 MP, f/2.2, 27mm (wide) 1/3.06"", 1.12µm, PDAF2 MP, f/2.4, (depth)";LED flash, HDR;1080p@30fps;"5 MP, f/2.2, 27mm (wide) 1/5.0"", 1.12µm";1080p@30fps;Wi-Fi 802.11 a/b/g/n/ac, dual-band, Wi-Fi Direct;5.1, A2DP, LE;GPS, GLONASS, GALILEO, BDS;No;FM radio;USB Type-C 2.0, OTG;Accelerometer;Li-Po 5000 mAh, non-removable;Lavender Purple, Space Dark;;;T506D;eMMC 5.1;;Virtual proximity sensing;HDR;;;;;;;;
https://www.gsmarena.com/tcl_30_xl-11983.php;https://fdn2.gsmarena.com/vv/bigpic/tcl-30-xl.jpg;TCL 30 XL;Released 2022, June 01;204.4g, 9.1mm thickness;Android 12, TCL UI 3.0;64GB storage, microSDXC;10;0.4%;36,619 hits;"6.82""";720x1640 pixels;6 GB RAM;Helio A25;5000 mAh Li-Ion;GSM 850 / 900 / 1800 / 1900;HSDPA 850 / 1700(AWS) / 1900;2, 4, 5, 12, 13, 25, 26, 41, 66, 71;HSPA, LTE;2022, June 01;Available. Released 2022, June 01;172.2 x 77 x 9.1 mm (6.78 x 3.03 x 0.36 in);204.4 g (7.20 oz);Glass front, plastic frame, plastic back;Nano-SIM;IPS LCD;6.82 inches, 110.5 cm(~83.3% screen-to-body ratio);720 x 1640 pixels (~263 ppi density);Android 12, TCL UI 3.0;Mediatek MT6762V Helio A25 (12 nm);Octa-core (4x2.0 GHz Cortex-A53 & 4x1.5 GHz Cortex-A53);PowerVR GE8320;microSDXC (dedicated slot);64GB 6GB RAM;50 MP, f/1.9, 29mm (wide), PDAF5 MP, 17mm, 115˚ (ultrawide)2 MP, f/2.4, (macro)2 MP, f/2.4, (depth);LED flash, HDR, panorama;1080p@30fps;13 MP, (wide);1080p@30fps;Yes;Yes;GPS;No;Unspecified;USB Type-C 2.0;Fingerprint (rear-mounted), accelerometer, proximity;Li-Ion 5000 mAh, non-removable;Dark Blue;About 170 EUR;;T671G;;;;;;;;;;;;
https://www.gsmarena.com/tcl_40r-11971.php;https://fdn2.gsmarena.com/vv/bigpic/tcl-40r-5g.jpg;TCL 40R;Released 2022, October 21;192g, 9mm thickness;Android 12, TCL UI 4.0;64GB/128GB storage, microSDXC;7;0.5%;41,251 hits;"6.6""";720x1612 pixels;4 GB RAM;Dimensity 700;5000 mAh Li-Po;GSM 850 / 900 / 1800 / 1900 - SIM 1 & SIM 2 (dual-SIM);HSDPA 850 / 900 / 1900 / 2100;LTE;HSPA, LTE, 5G;2022, October 26;Available. Released 2022, October 21;164.5 x 75.4 x 9 mm (6.48 x 2.97 x 0.35 in);192 g (6.77 oz);Glass front, plastic frame, plastic back;Single SIM (Nano-SIM) or Dual SIM (Nano-SIM, dual stand-by);IPS LCD, 90Hz, 400 nits (typ);6.6 inches, 104.6 cm(~84.4% screen-to-body ratio);720 x 1612 pixels, 20:9 ratio (~267 ppi density);Android 12, TCL UI 4.0;Mediatek MT6833 Dimensity 700 (7 nm);Octa-core (2x2.2 GHz Cortex-A76 & 6x2.0 GHz Cortex-A55);Mali-G57 MC2;microSDXC (uses shared SIM slot);64GB 4GB RAM, 128GB 4GB RAM;"50 MP, f/1.8, (wide), 1/2.76"", 0.64µm, PDAF2 MP, f/2.4, (macro)2 MP, f/2.4, (depth)";LED flash, HDR, panorama;1080p@30fps;"8 MP, f/2.0, (wide), 1/4"", 1.12µm";1080p@30fps;Wi-Fi 802.11 b/g/n;5.1, A2DP, LE;GPS, GLONASS, GALILEO, BDS;Yes;FM radio;USB Type-C 2.0;Fingerprint (side-mounted), accelerometer, proximity, compass;Li-Po 5000 mAh, non-removable;Stardust Purple, Starlight Black;About 240 EUR;1, 3, 5, 7, 8, 20, 28, 38, 40, 41, 78 SA/NSA - T771K, T771K1;T771K, T771K1, T771H, T771A;eMMC 5.1;;;;24-bit/192kHz audio;;;;;;;
https://www.gsmarena.com/tcl_stylus-11604.php;https://fdn2.gsmarena.com/vv/bigpic/tcl-stylus-5g.jpg;TCL Stylus;Released 2022, June 02;213g, 9mm thickness;Android 12, TCL UI 4.0;128GB storage, microSDXC;21;0.4%;139,689 hits;"6.81""";1080x2460 pixels;4 GB RAM;Dimensity 700;4000 mAh Li-Ion;GSM 850 / 900 / 1800 / 1900;HSDPA 850 / 900 / 1700(AWS) / 1900 / 2100;2, 4, 5, 12, 25, 26, 41, 66, 71;HSPA, LTE, 5G;2022, June 02;Available. Released 2022, June 02;169.6 x 76.5 x 9 mm (6.68 x 3.01 x 0.35 in);213 g (7.51 oz);Glass front, plastic frame, plastic back;Nano-SIM;IPS LCD, 500 nits (typ);6.81 inches, 110.1 cm(~84.9% screen-to-body ratio);1080 x 2460 pixels (~395 ppi density);Android 12, TCL UI 4.0;Mediatek MT6833 Dimensity 700 (7 nm);Octa-core (2x2.2 GHz Cortex-A76 & 6x2.0 GHz Cortex-A55);Mali-G57 MC2;microSDXC (dedicated slot);128GB 4GB RAM;"50 MP, f/1.8, 28mm (wide), 1/2.76"", 0.64µm, PDAF5 MP, 115˚ (ultrawide)2 MP, f/2.4, (macro)2 MP, f/2.4, (depth)";LED flash, HDR, panorama;1080p@30fps;"13 MP, f/2.3, 19mm (ultrawide), 1/3"", 1.12µm";1080p@30fps;Wi-Fi 802.11 a/b/g/n/ac, dual-band, Wi-Fi Direct;5.2, A2DP, LE;GPS;Yes;Unspecified;USB Type-C 2.0, OTG;Fingerprint (side-mounted), accelerometer, gyro, proximity, compass, barometer;Li-Ion 4000 mAh, non-removable;Lunar Black;About 240 EUR;25, 41, 66, 77 SA/NSA/Sub6;T779W;;Stylus;;HDR;;NEG;1.25 W/kg (head)     1.25 W/kg (body);;;;;
https://www.gsmarena.com/tcl_tab_10s_5g-11392.php;https://fdn2.gsmarena.com/vv/bigpic/tcl-tab-10s-5g.jpg;TCL Tab 10s 5G;Released 2022, Q3;490g, 8.5mm thickness;Android 12;64GB storage, microSDXC;13;0.1%;43,928 hits;"10.1""";1200x1920 pixels;4 GB RAM;MT8771;8000 mAh Li-Po;GSM 850 / 900 / 1800 / 1900;HSDPA 850 / 900 / 1900 / 2100;1, 3, 5, 7, 8, 20, 28, 32, 38, 40, 41;HSPA, LTE, 5G;2022, February 27;Available. Released 2022, Q3;241.7 x 158.6 x 8.5 mm (9.52 x 6.24 x 0.33 in);490 g (1.08 lb);;Nano-SIM;IPS LCD;10.1 inches, 295.8 cm(~77.2% screen-to-body ratio);1200 x 1920 pixels, 16:10 ratio (~224 ppi density);Android 12;Mediatek MT8771;Octa-core (2x2.4 GHz Cortex-A78 & 6x2.0 GHz Cortex-A55);Mali-G57 MC2;microSDXC;64GB 4GB RAM;"8 MP, f/2.0, (wide), 1/4"", 1.12µm, AF";LED flash;1080p@30fps;"5 MP, f/2.2, (wide), 1/5"", 1.12µm";1080p@30fps;Wi-Fi 802.11 a/b/g/n/ac, dual-band, Wi-Fi Direct;5.1, A2DP, LE;GPS;No;FM radio, RDS;USB Type-C 2.0;Accelerometer, proximity;Li-Po 8000 mAh, non-removable;Dark Gray;About 350 EUR;1, 3, 5, 7, 8, 20, 28, 40, 41, 77, 78 SA/NSA/Sub6;;eMMC 5.1;;;;;;;;;;;
https://www.gsmarena.com/tcl_tab_10_hd_4g-11393.php;https://fdn2.gsmarena.com/vv/bigpic/tcl-tab-10-hd-4g.jpg;TCL Tab 10 HD 4G;Released 2022, June;448g, 9.2mm thickness;Android 11;32GB storage, microSDXC;6;0.1%;30,213 hits;"10.1""";800x1280 pixels;3 GB RAM;MT8768E;5500 mAh Li-Po;GSM 850 / 900 / 1800 / 1900;HSDPA 850 / 900 / 1700(AWS) / 1900 / 2100;1, 2, 3, 4, 5, 7, 8, 12, 13, 17, 20, 28, 38, 40, 41, 66;HSPA 42.2/5.76 Mbps, LTE Cat4 150/50 Mbps;2022, February 27;Available. Released 2022, June;243.2 x 158.2 x 9.2 mm (9.57 x 6.23 x 0.36 in);448 g (15.80 oz);;Nano-SIM;IPS LCD;10.1 inches, 295.8 cm(~76.9% screen-to-body ratio);800 x 1280 pixels, 16:10 ratio (~149 ppi density);Android 11;Mediatek MT8768E;Octa-core (4x2.0 GHz Cortex-A53 & 4x1.5 GHz Cortex-A53);PowerVR GE8320;microSDXC (dedicated slot);32GB 3GB RAM;"5 MP, f/2.4, (wide), 1/5"", 1.12µm";;1080p@30fps;"5 MP, f/2.2, (wide), 1/5"", 1.12µm";1080p@30fps;Wi-Fi 802.11 a/b/g/n/ac, dual-band, Wi-Fi Direct;5.0, A2DP, LE;No;No;No;USB Type-C 2.0;Accelerometer, proximity;Li-Po 5500 mAh, non-removable;Dark Gray;About 180 EUR;;;eMMC 5.1;;;;;;;;;;;
https://www.gsmarena.com/tcl_30_5g-11387.php;https://fdn2.gsmarena.com/vv/bigpic/tcl-30-5g.jpg;TCL 30 5G;Released 2022, April 11;184g, 7.7mm thickness;Android 12, TCL UI 4.0;64GB/128GB storage, microSDXC;19;0.5%;129,783 hits;"6.7""";1080x2400 pixels;4 GB RAM;Dimensity 700;5010 mAh Li-Po;GSM 850 / 900 / 1800 / 1900 - SIM 1 & SIM 2 (dual-SIM);HSDPA 850 / 900 / 1700(AWS) / 1900 / 2100;1, 3, 5, 7, 8, 20, 26, 28, 32, 38, 40, 41;HSPA 42.2/11.5 Mbps, LTE Cat13 390/150 Mbps, 5G;2022, February 27;Available. Released 2022, April 11;164.5 x 75.2 x 7.7 mm (6.48 x 2.96 x 0.30 in);184 g (6.49 oz);Glass front, plastic frame, plastic back;Single SIM (Nano-SIM) or Dual SIM (Nano-SIM, dual stand-by);AMOLED, 650 nits (typ), 900 nits (peak);6.7 inches, 108.4 cm(~87.6% screen-to-body ratio);1080 x 2400 pixels, 20:9 ratio (~393 ppi density);Android 12, TCL UI 4.0;Mediatek MT6833 Dimensity 700 (7 nm);Octa-core (2x2.2 GHz Cortex-A76 & 6x2.0 GHz Cortex-A55);Mali-G57 MC2;microSDXC (dedicated slot);64GB 4GB RAM, 128GB 4GB RAM;"50 MP, f/1.8, 28mm (wide), 1/2.76"", 0.64µm, PDAF2 MP, f/2.4, (macro)2 MP, f/2.4, (depth)";LED flash, HDR, panorama;1080p@30fps;"13 MP, f/2.3, 19mm (ultrawide), 1/3"", 1.12µm";1080p@30fps;Wi-Fi 802.11 a/b/g/n/ac, dual-band, Wi-Fi Direct;5.1, A2DP, LE;GPS, GLONASS, GALILEO, BDS;Yes;Unspecified;USB Type-C 2.0;Fingerprint (side-mounted), accelerometer, proximity, compass;Li-Po 5010 mAh, non-removable;Tech Black, Dreamy Blue;About 250 EUR;1, 3, 5, 7, 8, 20, 28, 40, 41, 78 SA/NSA;T776H;eMMC 5.1;;;HDR;;;;;;;;
https://www.gsmarena.com/tcl_30+-11386.php;https://fdn2.gsmarena.com/vv/bigpic/tcl-30-plus.jpg;TCL 30+;Released 2022, April 20;184g, 7.7mm thickness;Android 12, TCL UI 4.0;128GB storage, microSDXC;18;0.4%;100,916 hits;"6.7""";1080x2400 pixels;4 GB RAM;MT6765V;5010 mAh Li-Po;GSM 850 / 900 / 1800 / 1900 - SIM 1 & SIM 2 (dual-SIM);HSDPA 850 / 900 / 1900 / 2100 - EMEA/APAC;1, 3, 5, 7, 8, 20, 28, 38, 40, 41 - EMEA;HSPA 42.2/5.76 Mbps, LTE Cat4 150/50 Mbps;2022, February 27;Available. Released 2022, April 20;164.5 x 75.2 x 7.7 mm (6.48 x 2.96 x 0.30 in);184 g (6.49 oz);Glass front, plastic frame, plastic back;Dual SIM (Nano-SIM, dual stand-by);AMOLED, 650 nits (typ), 900 nits (peak);6.7 inches, 108.4 cm(~87.6% screen-to-body ratio);1080 x 2400 pixels, 20:9 ratio (~393 ppi density);Android 12, TCL UI 4.0;Mediatek MT6765V/CB Helio G37 (12 nm);Octa-core (4x2.3 GHz Cortex-A53 & 4x1.8 GHz Cortex-A53);PowerVR GE8320;microSDXC (dedicated slot);128GB 4GB RAM;"50 MP, f/1.9, 28mm (wide), 1/2.76"", 0.64µm, PDAF2 MP, f/2.4, (macro)2 MP, f/2.4, (depth)";LED flash, HDR, panorama;1080p@30fps;"13 MP, f/2.3, 19mm (ultrawide), 1/3"", 1.12µm";1080p@30fps;Wi-Fi 802.11 b/g/n, Wi-Fi Direct;5.0, A2DP, LE;GPS, GLONASS, GALILEO, BDS;Yes (T676K only);Unspecified;USB Type-C 2.0;Fingerprint (side-mounted), accelerometer, proximity, compass;Li-Po 5010 mAh, non-removable;Tech Black, Muse Blue;About 220 EUR;;T676K, T676J;eMMC 5.1;;;HDR;;;;;;;;
https://www.gsmarena.com/tcl_30-11385.php;https://fdn2.gsmarena.com/vv/bigpic/tcl-30.jpg;TCL 30;Released 2022, April 20;184g, 7.7mm thickness;Android 12, TCL UI 4.0;64GB storage, microSDXC;12;0.2%;53,992 hits;"6.7""";1080x2400 pixels;4 GB RAM;MT6765V;5010 mAh Li-Po;GSM 850 / 900 / 1800 / 1900 - SIM 1 & SIM 2 (dual-SIM);HSDPA 850 / 900 / 1900 / 2100;1, 3, 5, 7, 8, 20, 28, 38, 40, 41;HSPA 42.2/5.76 Mbps, LTE Cat4 150/50 Mbps;2022, February 27;Available. Released 2022, April 20;164.5 x 75.2 x 7.7 mm (6.48 x 2.96 x 0.30 in);184 g (6.49 oz);Glass front, plastic frame, plastic back;Dual SIM (Nano-SIM, dual stand-by);AMOLED, 650 nits (typ), 900 nits (peak);6.7 inches, 108.4 cm(~87.6% screen-to-body ratio);1080 x 2400 pixels, 20:9 ratio (~393 ppi density);Android 12, TCL UI 4.0;Mediatek MT6765V/CB Helio G37 (12 nm);Octa-core (4x2.3 GHz Cortex-A53 & 4x1.8 GHz Cortex-A53);PowerVR GE8320;microSDXC (dedicated slot);64GB 4GB RAM;"50 MP, f/1.9, 28mm (wide), 1/2.76"", 0.64µm, PDAF2 MP, f/2.4, (macro)2 MP, f/2.4, (depth)";LED flash, HDR, panorama;1080p@30fps;"8 MP, f/2.0, 26mm (wide), 1/4"", 1.12µm";1080p@30fps;Wi-Fi 802.11 b/g/n, Wi-Fi Direct;5.0, A2DP, LE;GPS, GLONASS, GALILEO, BDS;Yes;Unspecified;USB Type-C 2.0;Fingerprint (side-mounted), accelerometer, proximity, compass;Li-Po 5010 mAh, non-removable;Tech Black, Muse Blue;About 200 EUR;;T676H;eMMC 5.1;;;HDR;;;;;;;;
https://www.gsmarena.com/tcl_30_se-11384.php;https://fdn2.gsmarena.com/vv/bigpic/tcl-30se.jpg;TCL 30 SE;Released 2022, April 20;190g, 8.9mm thickness;Android 12, TCL UI 4.0;64GB/128GB storage, microSDXC;7;0.6%;95,363 hits;"6.52""";720x1600 pixels;4 GB RAM;Helio G25;5000 mAh Li-Po;GSM 850 / 900 / 1800 / 1900 - SIM 1 & SIM 2 (dual-SIM);HSDPA 850 / 900 / 1900 / 2100  - EMEA/APAC;1, 3, 5, 7, 8, 20, 28, 38, 40, 41 - EMEA;HSPA 42.2/11.5 Mbps, LTE Cat4 150/50 Mbps;2022, February 27;Available. Released 2022, April 20;165.2 x 75.5 x 8.9 mm (6.50 x 2.97 x 0.35 in);190 g (6.70 oz);Glass front, plastic frame, plastic back;Single SIM (Nano-SIM) or Dual SIM (Nano-SIM, dual stand-by);IPS LCD, 450 nits (typ);6.52 inches, 102.6 cm(~82.3% screen-to-body ratio);720 x 1600 pixels, 20:9 ratio (~269 ppi density);Android 12, TCL UI 4.0;Mediatek MT6762G Helio G25 (12 nm);Octa-core (4x2.0 GHz Cortex-A53 & 4x1.5 GHz Cortex-A53);PowerVR GE8320;microSDXC (dedicated slot);64GB 4GB RAM, 128GB 4GB RAM;"50 MP, f/1.9, 28mm (wide), 1/2.76"", 0.64µm, PDAF2 MP, f/2.4, (macro)2 MP, f/2.4, (depth)";LED flash, HDR, panorama;1080p@30fps;"8 MP, f/2.0, 26mm (wide), 1/4"", 1.12µm";1080p@30fps;Wi-Fi 802.11 b/g/n, Wi-Fi Direct;5.0, A2DP, LE;GPS, GLONASS, GALILEO, BDS;Yes (6165H/6165H1 only);Unspecified;USB Type-C 2.0;Fingerprint (rear-mounted), accelerometer, proximity, compass;Li-Po 5000 mAh, non-removable;Atlantic Blue, Space Gray, Glacial Blue;;;6165H, 6156H1, 6165A, 6165A1;eMMC 5.1;;;HDR;;;;;;;;
https://www.gsmarena.com/tcl_30e-11383.php;https://fdn2.gsmarena.com/vv/bigpic/tcl-30e.jpg;TCL 30E;Released 2022, April 20;190g, 8.9mm thickness;Android 12;64GB storage, microSDXC;6;0.1%;32,213 hits;"6.52""";720x1600 pixels;3 GB RAM;Helio G25;5000 mAh Li-Po;GSM 850 / 900 / 1800 / 1900 - SIM 1 & SIM 2 (dual-SIM);HSDPA 850 / 900 / 1900 / 2100  - EMEA/APAC;1, 3, 5, 7, 8, 20, 28, 38, 40, 41 - EMEA;HSPA 42.2/11.5 Mbps, LTE Cat5 150/75 Mbps;2022, February 27;Available. Released 2022, April 20;165.2 x 75.5 x 8.9 mm (6.50 x 2.97 x 0.35 in);190 g (6.70 oz);Glass front, plastic frame, plastic back;Single SIM (Nano-SIM) or Dual SIM (Nano-SIM, dual stand-by);IPS LCD, 450 nits (typ);6.52 inches, 102.6 cm(~82.3% screen-to-body ratio);720 x 1600 pixels, 20:9 ratio (~269 ppi density);Android 12;Mediatek MT6762G Helio G25 (12 nm);Octa-core (4x2.0 GHz Cortex-A53 & 4x1.5 GHz Cortex-A53);PowerVR GE8320;microSDXC (dedicated slot);64GB 3GB RAM;"50 MP, f/1.9, 28mm (wide), 1/2.76"", 0.64µm, PDAF2 MP, f/2.4, (depth)";LED flash, HDR, panorama;1080p@30fps;"5 MP, f/2.2, 28mm (wide), 1/5"", 1.12µm";1080p@30fps;Wi-Fi 802.11 b/g/n, Wi-Fi Direct;5.0, A2DP, LE;GPS, GLONASS, GALILEO, BDS;Yes (6127l only);Unspecified;USB Type-C 2.0;Fingerprint (rear-mounted), accelerometer, proximity, compass;Li-Po 5000 mAh, non-removable;Space Gray, Atlantic Blue;;;6127A, 6127l;eMMC 5.1;;;HDR;;;;;;;;
https://www.gsmarena.com/tcl_306-11717.php;https://fdn2.gsmarena.com/vv/bigpic/tcl-306-2022.jpg;TCL 306;Released 2022, February;190g, 8.9mm thickness;Android 12, TCL UI;32GB storage, microSDXC;4;0.4%;35,096 hits;"6.52""";720x1600 pixels;3 GB RAM;Helio G25;5000 mAh Li-Po;GSM 850 / 900 / 1800 / 1900 - SIM 1 & SIM 2 (dual-SIM);HSDPA 850 / 900 / 1900 / 2100 - EMEA, APAC;1, 3, 5, 7, 8, 20, 28, 38, 40, 41 - EMEA;HSPA 42.2/11.5 Mbps, LTE Cat4 150/75 Mbps;2022, January 31;Available. Released 2022, February;165.2 x 75.5 x 8.9 mm (6.50 x 2.97 x 0.35 in);190 g (6.70 oz);;Single SIM (Nano-SIM) or Dual SIM (Nano-SIM, dual stand-by);IPS LCD, 450 nits (typ);6.52 inches, 102.6 cm(~82.3% screen-to-body ratio);720 x 1600 pixels, 20:9 ratio (~269 ppi density);Android 12, TCL UI;Mediatek MT6762G Helio G25 (12 nm);Octa-core (4x2.0 GHz Cortex-A53 & 4x1.5 GHz Cortex-A53);PowerVR GE8320;microSDXC (dedicated slot);32GB 3GB RAM;"13 MP, f/2.2, 27mm (wide) 1/3.0"", 1.12µm, PDAF2 MP, f/2.4, (depth)2 MP, f/2.4, (macro)";LED flash, HDR, panorama;1080p@30fps;"5 MP, f/2.2, 27mm (wide) 1/5.0"", 1.12µm";1080p@30fps;Wi-Fi 802.11 b/g/n, Wi-Fi Direct;5.0, A2DP;GPS, GLONASS, GALILEO, BDS;Yes (market/region dependent);FM radio;USB Type-C 2.0, OTG;Fingerprint (rear-mounted), accelerometer, proximity, compass;Li-Po 5000 mAh, non-removable;Space Gray, Atlantic Blue;About 40 EUR;;X668, 6102H;eMMC 5.1;;;HDR;;;;;;;;
https://www.gsmarena.com/tcl_305-11341.php;https://fdn2.gsmarena.com/vv/bigpic/tcl-305.jpg;TCL 305;Released 2022, February;190g, 8.9mm thickness;Android 11, TCL UI;32GB/64GB storage, microSDXC;7;0.2%;59,327 hits;"6.52""";720x1600 pixels;2 GB RAM;Helio A22;5000 mAh Li-Po;GSM 850 / 900 / 1800 / 1900 - SIM 1 & SIM 2 (dual-SIM);HSDPA 850 / 900 / 1900 / 2100 - 6102D;1, 3, 5, 7, 8, 20, 28, 38, 40, 41 - 6102D;HSPA 42.2/11.5 Mbps, LTE Cat4 150/50 Mbps;2022, January 31;Available. Released 2022, February;165.2 x 75.5 x 8.9 mm (6.50 x 2.97 x 0.35 in);190 g (6.70 oz);Glass front, plastic frame, plastic back;Single SIM (Nano-SIM) or Dual SIM (Nano-SIM, dual stand-by);IPS LCD, 450 nits (typ);6.52 inches, 102.6 cm(~82.3% screen-to-body ratio);720 x 1600 pixels, 20:9 ratio (~269 ppi density);Android 11 (Go edition), TCL UI;Mediatek MT6761 Helio A22 (12 nm);Quad-core 2.0 GHz Cortex-A53;PowerVR GE8320;microSDXC (dedicated slot);32GB 2GB RAM, 64GB 2GB RAM;"13 MP, f/2.2, 27mm (wide) 1/3.0"", 1.12µm, PDAF2 MP, f/2.4, (depth)2 MP, f/2.4, (macro)";LED flash, HDR, panorama;1080p@30fps;"5 MP, f/2.2, 27mm (wide) 1/5.0"", 1.12µm";1080p@30fps;Wi-Fi 802.11 g/n, Wi-Fi Direct;5.0, A2DP;GPS, GLONASS, GALILEO;No;FM radio;USB Type-C 2.0, OTG;Fingerprint (rear-mounted), accelerometer, proximity, compass;Li-Po 5000 mAh, non-removable;Space Gray, Atlantic Blue;About 200 EUR;;6102D;eMMC 5.1;;;HDR;;;;;;;;
https://www.gsmarena.com/tcl_205-12016.php;https://fdn2.gsmarena.com/vv/bigpic/tcl-205.jpg;TCL 205;Released 2021, October;170.3g, 8.7mm thickness;Android 11, TCL UI;32GB storage, microSDXC;2;0.1%;5,949 hits;"6.22""";720x1520 pixels;2 GB RAM;Unisoc SC9863A;4000 mAh Li-Po;GSM 850 / 900 / 1800 / 1900 - SIM 1 & SIM 2 (dual-SIM);HSDPA 850 / 900 / 1900 / 2100;1, 3, 7, 8, 20, 28, 38, 40, 41;HSPA 21.1/5.76 Mbps, LTE Cat4 150/50 Mbps;2021, October 08;Available. Released 2021, October;159.2 x 75.2 x 8.7 mm (6.27 x 2.96 x 0.34 in);170.3 g (6.00 oz);Glass front, plastic frame, plastic back;Hybrid Dual SIM (Nano-SIM, dual stand-by);IPS LCD;6.22 inches, 96.6 cm(~80.7% screen-to-body ratio);720 x 1520 pixels, 19:9 ratio (~270 ppi density);Android 11 (Go edition), TCL UI;Unisoc SC9863A (28nm);Octa-core (4x1.6 GHz Cortex-A55 & 4x1.2 GHz Cortex-A55);IMG8322;microSDXC (uses shared SIM slot);32GB 2GB RAM;"13 MP, f/2.2, (wide) 1/3.06"", 1.12µm, AF2 MP, f/2.4, (depth)";LED flash, HDR, panorama;1080p@30fps;"5 MP, f/2.2, (wide) 1/5.0"", 1.12µm";1080p@30fps;Wi-Fi 802.11 b/g/n, Wi-Fi Direct;5.0, A2DP;GPS;No;No;microUSB 2.0;Accelerometer, proximity;Li-Po 4000 mAh, non-removable;Power Gray, Atlantic Blue;About 110 EUR;;4187D;eMMC 5.1;;;HDR;;;;;;;;
https://www.gsmarena.com/tcl_30_v_5g-11303.php;https://fdn2.gsmarena.com/vv/bigpic/tcl-30-v-5g.jpg;TCL 30 V 5G;Released 2022, January 28;200.4g, 9.1mm thickness;Android 11, TCL UI;128GB storage, microSDXC;16;0.2%;128,246 hits;"6.67""";1080x2400 pixels;4 GB RAM;Snapdragon 480 5G;4500 mAh Li-Po;GSM 850 / 900 / 1800 / 1900;HSDPA 850 / 900 / 1700(AWS) / 1900 / 2100;2, 4, 5, 12, 13, 46, 48, 66;HSPA, LTE-A, 5G;2022, January 04;Available. Released 2022, January 28;165.9 x 76 x 9.1 mm (6.53 x 2.99 x 0.36 in);200.4 g (7.09 oz);Glass front, plastic frame, plastic back;Nano-SIM;IPS LCD;6.67 inches, 107.4 cm(~85.2% screen-to-body ratio);1080 x 2400 pixels, 20:9 ratio (~395 ppi density);Android 11, TCL UI;Qualcomm SM4350 Snapdragon 480 5G (8 nm);Octa-core (2x2.0 GHz Kryo 460 & 6x1.8 GHz Kryo 460);Adreno 619;microSDXC (dedicated slot);128GB 4GB RAM;50 MP, (wide), PDAF5 MP, (ultrawide)2 MP, (macro);LED flash, HDR, panorama;1080p@30fps;16 MP, (wide);1080p@30fps;Wi-Fi 802.11 a/b/g/n/ac, dual-band, Wi-Fi Direct;5.1, A2DP, LE;GPS;No;No;USB Type-C 3.0, OTG;Fingerprint (rear-mounted), accelerometer, proximity, compass, gyro, barometer;Li-Po 4500 mAh, non-removable;Midnight Gray;About 270 EUR;2, 5, 48, 66, 77, 260, 261 SA/NSA/Sub6/mmWave;;;;;;;Corning Gorilla Glass 3;;;;;;
https://www.gsmarena.com/tcl_30_xe_5g-11302.php;https://fdn2.gsmarena.com/vv/bigpic/tcl-30-xe-5g.jpg;TCL 30 XE 5G;Released 2022, March 02;195g, 9mm thickness;Android 11, TCL UI;64GB storage, microSDXC;10;0.4%;82,716 hits;"6.52""";720x1600 pixels;4 GB RAM;Dimensity 700;4500 mAh Li-Po;GSM 850 / 900 / 1800 / 1900;HSDPA 850 / 900 / 1700(AWS) / 1900 / 2100;1, 2, 3, 4, 5, 7, 8, 12, 13, 20, 25, 26, 28, 38, 39, 40, 41, 66, 71;HSPA, LTE-A, 5G;2022, January 04;Available. Released 2022, March 02;164.1 x 74.9 x 9 mm (6.46 x 2.95 x 0.35 in);195 g (6.88 oz);Glass front, plastic frame, plastic back;Nano-SIM;IPS LCD, 90Hz;6.52 inches, 102.6 cm(~83.5% screen-to-body ratio);720 x 1600 pixels, 20:9 ratio (~269 ppi density);Android 11, TCL UI;Mediatek MT6833 Dimensity 700 (7 nm);Octa-core (2x2.2 GHz Cortex-A76 & 6x2.0 GHz Cortex-A55);Mali-G57 MC2;microSDXC (dedicated slot);64GB 4GB RAM;"13 MP, f/2.2, 27mm (wide) 1/3.0"", 1.12µm, PDAF2 MP, f/2.4, (depth)2 MP, f/2.4, (macro)";LED flash, HDR, panorama;1080p@30fps;"8 MP, f/2.0, 26mm (wide) 1/4.0"", 1.12µm";1080p@30fps;Wi-Fi 802.11 a/b/g/n/ac, dual-band, Wi-Fi Direct;5.1, A2DP, LE;GPS, GLONASS, GALILEO, BDS;No;Unspecified;USB Type-C 2.0, OTG;Fingerprint (rear-mounted), accelerometer, proximity, compass, gyro, barometer;Li-Po 4500 mAh, non-removable;Shadow Black;About 170 EUR;25, 41, 66, 71, 77 SA/NSA;T767W;eMMC 5.1;;;;;Dragontrail Glass;;;;;;
https://www.gsmarena.com/tcl_nxtpaper_10s-11304.php;https://fdn2.gsmarena.com/vv/bigpic/tcl-nxtpaper-10s.jpg;TCL NxtPaper 10s;Released 2022, Q3;490g, 8.3mm thickness;Android 11;64GB storage, microSDXC;6;0.1%;31,797 hits;"10.1""";1200x1920 pixels;4 GB RAM;MT8768;8000 mAh Li-Po;N/A;N/A;;;2022, January 04;Available. Released 2022, Q3;241 x 158.6 x 8.3 mm (9.49 x 6.24 x 0.33 in);490 g (1.08 lb);;No;NCVM IPS;10.1 inches, 295.8 cm(~77.4% screen-to-body ratio);1200 x 1920 pixels, 16:10 ratio (~224 ppi density);Android 11;Mediatek MT8768;Octa-core (4x2.0 GHz Cortex-A53 & 4x1.5 GHz Cortex-A53);PowerVR GE8320;microSDXC;64GB 4GB RAM;"8 MP, f/2.0, (wide), 1/4"", 1.12µm, AF";LED flash;1080p@30fps;"5 MP, f/2.2, (wide), 1/5"", 1.12µm";1080p@30fps;Wi-Fi 802.11 a/b/g/n/ac, dual-band, Wi-Fi Direct;5.0, A2DP, LE;GPS;No;FM radio, RDS;USB Type-C 2.0;Accelerometer, proximity;Li-Po 8000 mAh, non-removable;Dark Gray, Ethereal Green;;;9081X, 9081X2;eMMC 5.1;Stylus support;;;;;;No;No;;;
https://www.gsmarena.com/tcl_tab_10l-11305.php;https://fdn2.gsmarena.com/vv/bigpic/tcl-tab-10l.jpg;TCL Tab 10L;Released 2022, Q3;426g, 9.2mm thickness;Android 11;32GB storage, microSDXC;3;0.1%;23,528 hits;"10.1""";800x1280 pixels;2 GB RAM;MT8167;4080 mAh Li-Po;N/A;N/A;;;2022, January 04;Available. Released 2022, Q3;243.2 x 158.2 x 9.2 mm (9.57 x 6.23 x 0.36 in);426 g (15.03 oz);;No;IPS LCD;10.1 inches, 295.8 cm(~76.9% screen-to-body ratio);800 x 1280 pixels, 16:10 ratio (~149 ppi density);Android 11;Mediatek MT8167;Quad-core 1.3 GHz Cortex-A35;PowerVR GE8300;microSDXC;32GB 2GB RAM;2 MP;;720p;2 MP;720p;Wi-Fi 802.11 b/g/n, Wi-Fi Direct;4.2, A2DP;No;No;No;USB Type-C 2.0;Accelerometer;Li-Po 4080 mAh, non-removable;Prime Black;;;8491X;eMMC 5.1;;;;;;;No;No;;;
https://www.gsmarena.com/tcl_tab_8_4g-11306.php;https://fdn2.gsmarena.com/vv/bigpic/tcl-tab8-4g.jpg;TCL Tab 8 4G;Released 2022, Q3;295g, 8.9mm thickness;Android 11;32GB storage, microSDXC;5;0.2%;31,706 hits;"8.0""";800x1280 pixels;2 GB RAM;MT8766;4080 mAh Li-Po;GSM 850 / 900 / 1800 / 1900;HSDPA 850 / 900 / 1700(AWS) / 1900 / 2100;1, 2, 3, 4, 5, 7, 8, 12, 13, 17, 20, 28, 40, 41, 66;HSPA 42.2/11.5 Mbps, LTE Cat4;2022, January 04;Available. Released 2022, Q3;197 x 124.8 x 8.9 mm (7.76 x 4.91 x 0.35 in);295 g (10.41 oz);;Nano-SIM;IPS LCD;8.0 inches, 185.6 cm(~75.5% screen-to-body ratio);800 x 1280 pixels, 16:10 ratio (~189 ppi density);Android 11;Mediatek MT8766;Quad-core 2.0 GHz Cortex-A53;PowerVR GE8300;microSDXC (dedicated slot);32GB 2GB RAM;"5 MP, f/2.4, (wide), 1/5.0"", 1.12µm";;1080p@30fps;"5 MP, f/2.4, (wide), 1/5.0"", 1.12µm";1080p@30fps;Wi-Fi 802.11 a/b/g/n/ac, dual-band, Wi-Fi Direct;5.0, A2DP, LE;GPS;No;FM radio;USB Type-C 2.0;Accelerometer;Li-Po 4080 mAh, non-removable;Prime Black;;;9132G2;eMMC 5.1;;;;;;;;;;;
https://www.gsmarena.com/tcl_20_xe-11699.php;https://fdn2.gsmarena.com/vv/bigpic/tcl-20xe.jpg;TCL 20 XE;Released 2021, December;195g, 9mm thickness;Android 11, TCL UI 3.0;32GB storage, microSDXC;4;0.2%;25,428 hits;"6.52""";720x1600 pixels;3 GB RAM;Helio P22;5000 mAh Li-Po;GSM 850 / 900 / 1800 / 1900;HSDPA 850 / 1700(AWS) / 1900;2, 4, 5, 7, 12, 25, 26, 41, 66, 71;HSPA 42.2/11.5 Mbps, LTE Cat13 300/150 Mbps;2021, December;Available. Released 2021, December;164.6 x 75 x 9 mm (6.48 x 2.95 x 0.35 in);195 g (6.88 oz);;Nano-SIM;IPS LCD, 450 nits;6.52 inches, 102.6 cm(~83.1% screen-to-body ratio);720 x 1600 pixels, 20:9 ratio (~269 ppi density);Android 11, TCL UI 3.0;Mediatek MT6762 Helio P22 (12 nm);Octa-core 2.0 GHz Cortex-A53;PowerVR GE8320;microSDXC;32GB 3GB RAM;13 MP, 27mm (wide), 1.12µm, AF2 MP (depth)2 MP (macro);LED flash, HDR;1080p@30fps;5 MP;1080p@30fps;Wi-Fi 802.11 b/g/n, Wi-Fi Direct;5.0, A2DP, LE;GPS;No;No;USB Type-C 2.0, OTG;Fingerprint (rear-mounted), accelerometer, proximity, compass, barometer;Li-Po 5000 mAh, non-removable;Moonlight Grey;About 50 EUR;;5087Z;;;;;;;1.39 W/kg (head)     1.25 W/kg (body);;;;;
https://www.gsmarena.com/tcl_20e-11321.php;https://fdn2.gsmarena.com/vv/bigpic/tcl-20e.jpg;TCL 20E;Released 2021, October 12;190g, 8.8mm thickness;Android 11, TCL UI;64GB/128GB storage, microSDXC;8;0.3%;100,257 hits;"6.52""";720x1600 pixels;3/4 GB RAM;Helio P22;4000 mAh Li-Po;GSM 850 / 900 / 1800 / 1900 - SIM 1 & SIM 2;HSDPA 850 / 900 / 1900 / 2100;1, 3, 5, 7, 8, 20, 28, 38, 40, 41;HSPA, LTE;2021, October 12;Available. Released 2021, October 12;165.6 x 75.6 x 8.8 mm (6.52 x 2.98 x 0.35 in);190 g (6.70 oz);Glass front, plastic frame, plastic back;Hybrid Dual SIM (Nano-SIM, dual stand-by);IPS LCD,;6.52 inches, 102.6 cm(~82.0% screen-to-body ratio);720 x 1600 pixels, 20:9 ratio (~269 ppi density);Android 11, TCL UI;Mediatek MT6762 Helio P22 (12 nm);Octa-core 2.0 GHz Cortex-A53;PowerVR GE8320;microSDXC (uses shared SIM slot);64GB 3GB RAM, 64GB 4GB RAM, 128GB 4GB RAM;"13 MP, f/2.2, 27mm (wide) 1/3.0"", 1.12µm, PDAF2 MP, f/2.4, (depth)2 MP, f/2.4, (macro)";LED flash, HDR, panorama;1080p@30fps;5 MP or 8 MP;720p@30fps;Wi-Fi 802.11 b/g/n;5.0, A2DP, LE;GPS, GLONASS, GALILEO, BDS;No;Unspecified;microUSB 2.0;Fingerprint (rear-mounted), accelerometer, proximity, compass;Li-Po 4000 mAh, non-removable;Black, Blue, Green;About 160 EUR;;6125F, 6125D, 6125H;;;;;;;;;;;;
https://www.gsmarena.com/tcl_20y-11359.php;https://fdn2.gsmarena.com/vv/bigpic/tcl-20e.jpg;TCL 20Y;Released 2021, September 07;194g, 8.8mm thickness;Android 11, TCL UI;64GB storage, microSDXC;5;0.1%;37,485 hits;"6.52""";720x1600 pixels;4 GB RAM;Helio P22;4000 mAh Li-Po;GSM 850 / 900 / 1800 / 1900 - SIM 1 & SIM 2;HSDPA 850 / 900 / 1900 / 2100;1, 3, 7, 8, 20, 28;HSPA, LTE;2021, September 07;Available. Released 2021, September 07;165.6 x 75.6 x 8.8 mm (6.52 x 2.98 x 0.35 in);194 g (6.84 oz);Glass front, plastic frame, plastic back;Hybrid Dual SIM (Nano-SIM, dual stand-by);IPS LCD;6.52 inches, 102.6 cm(~82.0% screen-to-body ratio);720 x 1600 pixels, 20:9 ratio (~269 ppi density);Android 11, TCL UI;Mediatek MT6762D Helio P22 (12 nm);Octa-core (4x1.8 GHz Cortex-A53 & 4x1.5 GHz Cortex-A53);PowerVR GE8320;microSDXC (uses shared SIM slot);64GB 4GB RAM;"48 MP, f/1.8, 26mm (wide) 1/2.0"", 0.8µm, PDAF2 MP, f/2.4, (depth)2 MP, f/2.4, (macro)";LED flash, HDR, panorama;1080p@30fps;"8 MP, f/2.0, 26mm (wide) 1/4.0"", 1.12µm";1080p@30fps;Wi-Fi 802.11 b/g/n;5.0, A2DP, LE;GPS, GLONASS, GALILEO, BDS;Yes;Unspecified;microUSB 2.0, OTG;Fingerprint (rear-mounted), accelerometer, proximity, compass;Li-Po 4000 mAh, non-removable;Black, Blue;About 130 EUR;;6156D;;;;;;;;;;;;
https://www.gsmarena.com/tcl_a30-11360.php;https://fdn2.gsmarena.com/vv/bigpic/tcl-a30.jpg;TCL A30;Released 2021, October 05;171g, 9.9mm thickness;Android 11;32GB storage, microSDXC;2;0.2%;35,354 hits;"5.5""";720x1440 pixels;3 GB RAM;Helio P22;3000 mAh Li-Ion;GSM 850 / 900 / 1800 / 1900;HSDPA 850 / 1700(AWS) / 1900;2, 4, 5, 12, 13, 25, 26, 41, 66, 71;HSPA 42.2/5.76 Mbps, LTE Cat4 150/50 Mbps;2021, October 05;Available. Released 2021, October 05;145.8 x 71.1 x 9.9 mm (5.74 x 2.80 x 0.39 in);171 g (6.03 oz);;Single SIM (Nano-SIM);TFT LCD;5.5 inches, 78.1 cm(~75.3% screen-to-body ratio);720 x 1440 pixels, 18:9 ratio (~293 ppi density);Android 11;Mediatek MT6762 Helio P22 (12 nm);Octa-core 2.0 GHz Cortex-A53;PowerVR GE8320;microSDXC (dedicated slot);32GB 3GB RAM;"8 MP, 1/4"", 1.12µm";LED flash;1080p@30fps;"5 MP, 1/5"", 1.12µm";1080p@30fps;Wi-Fi 802.11 b/g/n, Wi-Fi Direct;5.0, A2DP, LE;GPS;No;Unspecified;microUSB 2.0;Accelerometer, proximity;Li-Ion 3000 mAh, non-removable;Black;About 90 EUR;;5102;;;;;;Asahi Glass;;;;;;
https://www.gsmarena.com/tcl_a3-11361.php;https://fdn2.gsmarena.com/vv/bigpic/tcl-a3.jpg;TCL A3;Released 2021, October;171g, 9.9mm thickness;Android 11;32GB storage, microSDXC;2;0.2%;48,355 hits;"5.5""";720x1440 pixels;3 GB RAM;Helio P22;3000 mAh Li-Ion;GSM 850 / 900 / 1800 / 1900;HSDPA 850 / 1700(AWS) / 1900;2, 4, 5, 13, 66;HSPA 42.2/5.76 Mbps, LTE Cat4 150/50 Mbps;2021, October;Available. Released 2021, October;145.8 x 71.1 x 9.9 mm (5.74 x 2.80 x 0.39 in);171 g (6.03 oz);;Single SIM (Nano-SIM);TFT LCD;5.5 inches, 78.1 cm(~75.3% screen-to-body ratio);720 x 1440 pixels, 18:9 ratio (~293 ppi density);Android 11;Mediatek MT6762 Helio P22 (12 nm);Octa-core 2.0 GHz Cortex-A53;PowerVR GE8320;microSDXC (dedicated slot);32GB 3GB RAM;"8 MP, 1/4"", 1.12µm";LED flash;1080p@30fps;"5 MP, 1/5"", 1.12µm";1080p@30fps;Wi-Fi 802.11 b/g/n, Wi-Fi Direct;5.0, A2DP, LE;GPS;No;Unspecified;microUSB 2.0;Accelerometer, proximity;Li-Ion 3000 mAh, removable;Black;About 40 EUR;;A509DL;;;;;;;;;;;;
https://www.gsmarena.com/tcl_20b-11261.php;https://fdn2.gsmarena.com/vv/bigpic/tcl-20b.jpg;TCL 20B;Released 2021, September 30;178g, 8mm thickness;Android 11, TCL UI;64GB storage, microSDXC;4;0.1%;41,487 hits;"6.52""";720x1600 pixels;4 GB RAM;Helio P22;4000 mAh Li-Po;GSM 850 / 900 / 1800 / 1900 - SIM 1 & SIM 2;HSDPA 850 / 900 / 1900 / 2100;1, 3, 5, 7, 8, 20, 28, 38, 40, 41;HSPA, LTE;2021, September 30;Available. Released 2021, September 30;164.7 x 74.7 x 8 mm (6.48 x 2.94 x 0.31 in);178 g (6.28 oz);Glass front, plastic frame, plastic back;Dual SIM (Nano-SIM, dual stand-by);IPS LCD;6.52 inches, 102.6 cm(~83.4% screen-to-body ratio);720 x 1600 pixels, 20:9 ratio (~269 ppi density);Android 11, TCL UI;Mediatek MT6762 Helio P22 (12 nm);Octa-core 1.8 GHz Cortex-A53;PowerVR GE8320;microSDXC;64GB 4GB RAM;50 MP, (wide), PDAF2 MP, f/2.4, (depth);LED flash, HDR, panorama;1080p@30fps;8 MP;1080p@30fps;Wi-Fi 802.11 b/g/n, Wi-Fi Direct;5.0, A2DP, LE;GPS;No;Unspecified;USB Type-C 2.0;Fingerprint (rear-mounted), accelerometer, proximity;Li-Po 4000 mAh, non-removable;Gray, Violet;About 320 EUR;;;eMMC 5.1;;;;;;;;;;;
https://www.gsmarena.com/tcl_20_r_5g-11088.php;https://fdn2.gsmarena.com/vv/bigpic/tcl-20-r-5g.jpg;TCL 20 R 5G;Released 2021, September 23;186g, 9mm thickness;Android 11, TCL UI;64GB/128GB storage, microSDXC;12;0.4%;122,181 hits;"6.52""";720x1600 pixels;4 GB RAM;Dimensity 700;4500 mAh Li-Po;GSM 850 / 900 / 1800 / 1900 - SIM 1 & SIM 2 (Dual SIM model only);HSDPA 850 / 900 / 1700(AWS) / 1900 / 2100;1, 3, 5, 7, 8, 20, 26, 28, 32, 38, 40, 41;HSPA 42.2/11.5 Mbps, LTE-A Cat13 400/100 Mbps, 5G 2.7 Gbps DL;2021, September 07;Available. Released 2021, September 23;164.3 x 75 x 9 mm (6.47 x 2.95 x 0.35 in);186 g (6.56 oz);Glass front, plastic frame, plastic back;Single SIM (Nano-SIM) or Hybrid Dual SIM (Nano-SIM, dual stand-by);IPS LCD, 90Hz, 500 nits (peak);6.52 inches, 102.6 cm(~83.3% screen-to-body ratio);720 x 1600 pixels, 20:9 ratio (~269 ppi density);Android 11, TCL UI;Mediatek MT6833 Dimensity 700 (7 nm);Octa-core (2x2.2 GHz Cortex-A76 & 6x2.0 GHz Cortex-A55);Mali-G57 MC2;microSDXC (uses shared SIM slot);64GB 4GB RAM, 128GB 4GB RAM;"13 MP, f/2.2, 27mm (wide) 1/3.0"", 1.12µm, PDAF2 MP, f/2.4, (depth)2 MP, f/2.4, (macro)";LED flash, HDR, panorama;1080p@30fps;"8 MP, f/2.0, 26mm (wide) 1/4.0"", 1.12µm";1080p@30fps;Wi-Fi 802.11 a/b/g/n/ac, dual-band, Wi-Fi Direct;5.2, A2DP, LE;GPS, GLONASS, GALILEO, BDS;Yes;Unspecified;USB Type-C 2.0;Fingerprint (rear-mounted), accelerometer, proximity, compass;Li-Po 4500 mAh, non-removable;Gray, Blue;About 180 EUR;1, 3, 5, 7, 8, 28, 40, 78 SA/NSA;T767H;;;;;;;;;;;;
https://www.gsmarena.com/tcl_l10_pro-11081.php;https://fdn2.gsmarena.com/vv/bigpic/tcl-l10-pro.jpg;TCL L10 Pro;Released 2021, September 02;175g, 8.7mm thickness;Android 10;128GB storage, microSDXC;8;N/A;47,777 hits;"6.22""";720x1520 pixels;4 GB RAM;Unisoc SC9863A;4000 mAh Li-Po;GSM 850 / 900 / 1800 / 1900 - SIM 1 & SIM 2 (Dual SIM model only);HSDPA 850 / 900 / 1900 / 2100;1, 3, 7, 8, 20, 28;HSPA 21.1/5.76 Mbps, LTE Cat4 150/50 Mbps;2021, September 02;Available. Released 2021, September 02;159.2 x 75.2 x 8.7 mm (6.27 x 2.96 x 0.34 in);175 g (6.17 oz);;Hybrid Dual SIM (Nano-SIM, dual stand-by);IPS LCD;6.22 inches, 96.6 cm(~80.7% screen-to-body ratio);720 x 1520 pixels, 19:9 ratio (~270 ppi density);Android 10;Unisoc SC9863A (28nm);Octa-core (4x1.6 GHz Cortex-A55 & 4x1.2 GHz Cortex-A55);IMG8322;microSDXC (uses shared SIM slot);128GB 4GB RAM;"13 MP, f/2.2, (wide), 1/3.06"", 1.12µm, PDAF5 MP, f/2.2, 120˚ (ultrawide), 1/5.0"", 1.12µm2 MP, f/2.4, (depth)";LED flash, HDR, panorama;1080p@30fps;"5 MP, f/2.2, (wide), 1/5.0"", 1.12µm";1080p@30fps;Wi-Fi 802.11 b/g/n, Wi-Fi Direct;4.2, A2DP;GPS;No;FM radio;microUSB 2.0;Fingerprint (rear-mounted), accelerometer, proximity;Li-Po 4000 mAh, non-removable;Titanium Gray;About 210 EUR;;;;;;;;;;;;;;
https://www.gsmarena.com/tcl_20_pro_5g-10855.php;https://fdn2.gsmarena.com/vv/bigpic/tcl-20-pro-5g.jpg;TCL 20 Pro 5G;Released 2021, April 14;190g, 8.8mm thickness;Android 11, TCL UI;256GB storage, microSDXC;68;0.6%;387,961 hits;"6.67""";1080x2400 pixels;6 GB RAM;Snapdragon 750G 5G;4500 mAh Li-Po;GSM 850 / 900 / 1800 / 1900 - SIM 1 & SIM 2 (Dual SIM model only);HSDPA 850 / 900 / 1900 / 2100 - International;1, 2, 3, 4, 5, 7, 8, 20, 28, 32, 38, 40, 41 - International;HSPA 42.2/5.76 Mbps, LTE-A (CA) Cat18 1200/150 Mbps, 5G 2.7 Gbps DL, 625 Mbps UL;2021, April 14;Available. Released 2021, April 14;164.2 x 73 x 8.8 mm (6.46 x 2.87 x 0.35 in);190 g (6.70 oz);Glass front, glass back;Single SIM (Nano-SIM) or Hybrid Dual SIM (Nano-SIM, dual stand-by);AMOLED, HDR10, 420 nits (typ);6.67 inches, 107.4 cm(~89.6% screen-to-body ratio);1080 x 2400 pixels, 20:9 ratio (~395 ppi density);Android 11, TCL UI;Qualcomm SM7225 Snapdragon 750G 5G (8 nm);Octa-core (2x2.0 GHz Kryo 570 & 6x1.7 GHz Kryo 570);Adreno 619;microSDXC (uses shared SIM slot);256GB 6GB RAM;"48 MP, f/1.8, 26mm (wide), 1/2.0"", 0.8µm, PDAF, OIS16 MP, f/2.4, 16mm, 123˚ (ultrawide), 1/3.0"", 1.12µm2 MP, f/2.2, (macro)/ 5 MP (USA only)2 MP, f/2.4, (depth)";Dual LED flash, HDR, panorama;4K@30fps, 1080p@30/60fps, gyro-EIS;32 MP, f/2.5, (wide), 0.8µm;4K@30fps, 1080p@30/60fps, HDR;Wi-Fi 802.11 a/b/g/n/ac, dual-band, Wi-Fi Direct;5.1, A2DP, LE;GPS (L1+L5), GLONASS, BDS, GALILEO;Yes;No;USB Type-C 2.0, OTG;Fingerprint (under display, optical), accelerometer, gyro, proximity, compass;Li-Po 4500 mAh, non-removable;Moondust Gray, Marine Blue;About 440 EUR;1, 3, 5, 7, 8, 28, 40, 41, 78 SA/NSA/Sub6 - International;T810H;;;;HDR;24-bit/192kHz audio;;;;;Nxtvision 2;;
https://www.gsmarena.com/tcl_20s-10856.php;https://fdn2.gsmarena.com/vv/bigpic/tcl-20l-plus.jpg;TCL 20S;Released 2021, May 20;199g, 9.1mm thickness;Android 11, TCL UI;128GB/256GB storage, microSDXC;22;0.2%;151,903 hits;"6.67""";1080x2400 pixels;4/6 GB RAM;Snapdragon 665;5000 mAh Li-Po;GSM 850 / 900 / 1800 / 1900;HSDPA 850 / 900 / 1700(AWS) / 1900 / 2100;LTE (unspecified);HSPA, LTE-A;2021, April 14;Available. Released 2021, May 20;166.2 x 76.9 x 9.1 mm (6.54 x 3.03 x 0.36 in);199 g (7.02 oz);;Nano-SIM;IPS LCD;6.67 inches, 107.4 cm(~84.0% screen-to-body ratio);1080 x 2400 pixels, 20:9 ratio (~395 ppi density);Android 11, TCL UI;Qualcomm SM6125 Snapdragon 665 (11 nm);Octa-core (4x2.0 GHz Kryo 260 Gold & 4x1.8 GHz Kryo 260 Silver);Adreno 610;microSDXC (uses shared SIM slot);128GB 4GB RAM, 256GB 6GB RAM;"64 MP, f/1.8, 26mm (wide), 0.7µm, PDAF8 MP, f/2.2, 13mm (ultrawide), 1/4.0"", 1.12µm2 MP, f/2.4, (macro)2 MP, f/2.4, (depth)";LED flash, HDR, panorama;4K@30fps, 1080p@30/120fps;"16 MP, f/2.2, 28mm (wide), 1/3.06"", 1.0µm";1080p@30fps;Wi-Fi 802.11 a/b/g/n/ac, dual-band, Wi-Fi Direct;5.0, A2DP, LE, aptX;GPS;Yes;No;USB Type-C 2.0, OTG;Fingerprint (side-mounted), accelerometer, proximity, compass;Li-Po 5000 mAh, non-removable;Milky Way Gray, North Star Blue;About 210 EUR;;T773O;;;;;;;;;;;;
https://www.gsmarena.com/tcl_20l+-10854.php;https://fdn2.gsmarena.com/vv/bigpic/tcl-20l-plus.jpg;TCL 20L+;Released 2021, April 14;199g, 9.1mm thickness;Android 11, TCL UI;256GB storage, microSDXC;26;0.2%;126,988 hits;"6.67""";1080x2400 pixels;6 GB RAM;Snapdragon 662;5000 mAh Li-Po;GSM 850 / 900 / 1800 / 1900 - SIM 1 & SIM 2 (Dual SIM model only);HSDPA 850 / 900 / 1900 / 2100 - EU/MEA/APAC;1, 3, 5, 7, 8, 20, 28, 38, 40, 41 - EU/MEA/APAC;HSPA 42.2/5.76 Mbps, LTE-A Cat6 300/50 Mbps;2021, April 14;Available. Released 2021, April 14;166.2 x 76.9 x 9.1 mm (6.54 x 3.03 x 0.36 in);199 g (7.02 oz);Glass front, plastic back, plastic frame;Single SIM (Nano-SIM) or Hybrid Dual SIM (Nano-SIM, dual stand-by);IPS LCD, 500 nits (peak);6.67 inches, 107.4 cm(~84.0% screen-to-body ratio);1080 x 2400 pixels, 20:9 ratio (~395 ppi density);Android 11, TCL UI;Qualcomm SM6115 Snapdragon 662 (11 nm);Octa-core (4x2.0 GHz Kryo 260 Gold & 4x1.8 GHz Kryo 260 Silver);Adreno 610;microSDXC (uses shared SIM slot);256GB 6GB RAM;"64 MP, f/1.8, 26mm (wide), 1/2"", 0.7µm, PDAF8 MP, f/2.2, 13mm, 118˚ (ultrawide), 1/4.0"", 1.12µm2 MP, f/2.4, (macro)2 MP, f/2.4, (depth)";LED flash, HDR, panorama;1080p@30/60fps;"16 MP, f/2.2, 28mm (wide), 1/3.06"", 1.0µm";1080p@30/60fps;Wi-Fi 802.11 a/b/g/n/ac, dual-band, Wi-Fi Direct;5.0, A2DP, LE, aptX;GPS, GLONASS, GALILEO, BDS;Yes;Unspecified;USB Type-C 2.0, OTG;Fingerprint (side-mounted), accelerometer, gyro, proximity, compass;Li-Po 5000 mAh, non-removable;Milky Way Gray, North Star Blue;About 270 EUR;;T775H, T775B;UFS 2.1;;;HDR;;;;;;;;
https://www.gsmarena.com/tcl_20l-10853.php;https://fdn2.gsmarena.com/vv/bigpic/tcl-20l.jpg;TCL 20L;Released 2021, April 14;199g, 9.1mm thickness;Android 11, TCL UI;128GB storage, microSDXC;15;0.1%;102,430 hits;"6.67""";1080x2400 pixels;4/6 GB RAM;Snapdragon 662;5000 mAh Li-Po;GSM 850 / 900 / 1800 / 1900 - SIM 1 & SIM 2 (Dual SIM model only);HSDPA 850 / 900 / 1900 / 2100 - EU/MEA/APAC;1, 3, 5, 7, 8, 20, 28, 38, 40, 41 - EU/MEA/APAC;HSPA 42.2/5.76 Mbps, LTE-A Cat6 300/50 Mbps;2021, April 14;Available. Released 2021, April 14;166.2 x 76.9 x 9.1 mm (6.54 x 3.03 x 0.36 in);199 g (7.02 oz);Glass front, plastic back, plastic frame;Single SIM (Nano-SIM) or Hybrid Dual SIM (Nano-SIM, dual stand-by);IPS LCD, 500 nits (peak);6.67 inches, 107.4 cm(~84.0% screen-to-body ratio);1080 x 2400 pixels, 20:9 ratio (~395 ppi density);Android 11, TCL UI;Qualcomm SM6115 Snapdragon 662 (11 nm);Octa-core (4x2.0 GHz Kryo 260 Gold & 4x1.8 GHz Kryo 260 Silver);Adreno 610;microSDXC (uses shared SIM slot);128GB 4GB RAM, 128GB 6GB RAM;"48 MP, f/2.0, 26mm (wide), 1/2.0"", 0.8µm, PDAF8 MP, f/2.2, 13mm, 118˚ (ultrawide), 1/4.0"", 1.12µm2 MP, f/2.4, (macro)2 MP, f/2.4, (depth)";LED flash, HDR, panorama;1080p@30/60fps;"16 MP, f/2.2, 28mm (wide), 1/3.06"", 1.0µm";1080p@30/60fps;Wi-Fi 802.11 a/b/g/n/ac, dual-band, Wi-Fi Direct;5.0, A2DP, LE, aptX;GPS, GLONASS, GALILEO, BDS;Yes;Unspecified;USB Type-C 2.0, OTG;Fingerprint (side-mounted), accelerometer, gyro, proximity, compass;Li-Po 5000 mAh, non-removable;Eclipse Black, Luna Blue;About 180 EUR;;T774H, T774B;UFS;;;HDR;;;;;;;;
https://www.gsmarena.com/tcl_tab_10s-10677.php;https://fdn2.gsmarena.com/vv/bigpic/tcl-tab-10s.jpg;TCL Tab 10s;Released 2021, April 26;464g, 8.3mm thickness;Android 10;32GB/64GB storage, microSDXC;12;0.2%;90,985 hits;"10.1""";1200x1920 pixels;3/4 GB RAM;MT8768;8000 mAh Li-Po;GSM 850 / 900 / 1800 / 1900;HSDPA 850 / 900 / 1700(AWS) / 1900 / 2100;1, 2, 3, 4, 5, 7, 8, 17, 18, 19, 20, 26, 28, 34, 38, 39, 40, 41;HSPA, LTE;2021, January 12;Available. Released 2021, April 26;241 x 158.6 x 8.3 mm (9.49 x 6.24 x 0.33 in);464 g (1.02 lb);;Nano-SIM;IPS LCD;10.1 inches, 295.8 cm(~77.4% screen-to-body ratio);1200 x 1920 pixels, 16:10 ratio (~224 ppi density);Android 10;Mediatek MT8768;Octa-core (4x2.0 GHz Cortex-A53 & 4x1.5 GHz Cortex-A53);PowerVR GE8320;microSDXC;32GB 3GB RAM, 64GB 4GB RAM;"8 MP, f/2.0, (wide), 1/4"", 1.12µm, AF";LED flash;1080p@30fps;"5 MP, f/2.2, (wide), 1/5"", 1.12µm";1080p@30fps;Wi-Fi 802.11 a/b/g/n/ac, dual-band, Wi-Fi Direct;5.0, A2DP, LE;GPS;No;No;USB Type-C 2.0;Accelerometer, proximity;Li-Po 8000 mAh, non-removable;Gray, Silver;About 170 EUR;;;eMMC 5.1;;;;;;;;;;;
https://www.gsmarena.com/tcl_nxtpaper-10676.php;https://fdn2.gsmarena.com/vv/bigpic/tcl-nxt-paper.jpg;TCL NxtPaper;Cancelled;316g, 7.5mm thickness;Android 10;64GB storage, microSDXC;19;0.1%;55,709 hits;"8.88""";1080x1440 pixels;4 GB RAM;MT8768E;5500 mAh Li-Ion;GSM 850 / 900 / 1800 / 1900;HSDPA 850 / 900 / 1700(AWS) / 1900 / 2100;1, 2, 3, 4, 5, 7, 8, 17, 18, 19, 20, 26, 28, 34, 38, 39, 40, 41;HSPA, LTE;2021, January 12;Cancelled;203.8 x 150.8 x 7.5 mm (8.02 x 5.94 x 0.30 in);316 g (11.15 oz);;Nano-SIM;NCVM;8.88 inches, 244.2 cm(~79.5% screen-to-body ratio);1080 x 1440 pixels, 4:3 ratio (~203 ppi density);Android 10;Mediatek MT8768E;Octa-core 2.0 GHz;PowerVR GE8320;microSDXC;64GB 4GB RAM;8 MP;;1080p@30fps;5 MP;1080p@30fps;Wi-Fi 802.11 a/b/g/n/ac, dual-band, Wi-Fi Direct;5.0, A2DP, LE;GPS;No;FM radio, built-in antenna;USB Type-C 2.0;Accelerometer, proximity;Li-Ion 5500 mAh, non-removable;Ultramarine Green;About 350 EUR;;;eMMC 5.1;Splash resistant;;;;;;;;;;
https://www.gsmarena.com/tcl_20_5g-10612.php;https://fdn2.gsmarena.com/vv/bigpic/tcl-20-5g.jpg;TCL 20 5G;Released 2020, December 07;206g, 9.1mm thickness;Android 10, TCL UI;128GB/256GB storage, microSDXC;32;0.2%;234,869 hits;"6.67""";1080x2400 pixels;6 GB RAM;Snapdragon 690 5G;4500 mAh Li-Po;GSM 850 / 900 / 1800 / 1900 - SIM 1 & SIM 2 (Dual SIM model only);HSDPA 850 / 900 / 1900 / 2100;1, 3, 5, 7, 8, 20, 26, 28, 32, 38, 40, 41;HSPA, LTE-A, 5G;2020, November 30;Available. Released 2020, December 07;166.2 x 76.8 x 9.1 mm (6.54 x 3.02 x 0.36 in);206 g (7.27 oz);;Single SIM (Nano-SIM) or Hybrid Dual SIM (Nano-SIM, dual stand-by);IPS LCD, HDR10, 450 nits (typ);6.67 inches, 107.4 cm(~84.2% screen-to-body ratio);1080 x 2400 pixels, 20:9 ratio (~395 ppi density);Android 10, TCL UI;Qualcomm SM6350 Snapdragon 690 5G (8 nm);Octa-core (2x2.0 GHz Kryo 560 Gold & 6x1.7 GHz Kryo 560 Silver);Adreno 619L;microSDXC (uses shared SIM slot);128GB 6GB RAM, 256GB 6GB RAM;"48 MP, f/1.8, 26mm (wide), 1/2.0"", 0.8µm, PDAF8 MP, f/2.2, 16mm, 118˚ (ultrawide), 1/4.0"", 1.12µm2 MP, f/2.4, (macro)";LED flash, HDR, panorama;4K@30fps, 1080p@30/60fps, gyro-EIS;"8 MP, f/2.0, 27mm, (wide), 1/4.0"", 1.12µm";1080p@30fps;Wi-Fi 802.11 a/b/g/n/ac, dual-band, Wi-Fi Direct;5.1, A2DP, LE, aptX HD;GPS (L1+L5), GLONASS, BDS, GALILEO;Yes;FM radio;USB Type-C 2.0, OTG;Fingerprint (side-mounted), accelerometer, gyro, proximity, compass;Li-Po 4500 mAh, non-removable;Mist Gray, Placid Blue;About 300 EUR;1, 3, 5, 28, 41, 78 SA/NSA;T781, T781K, T781H;UFS 2.1;;;HDR;24-bit/192kHz audio;;;;;;;
https://www.gsmarena.com/tcl_20_se-10675.php;https://fdn2.gsmarena.com/vv/bigpic/tcl-20-se.jpg;TCL 20 SE;Released 2021, April 26;206g, 9.1mm thickness;Android 11, up to Android 12, TCL UI;64GB/128GB storage, microSDXC;22;0.3%;224,877 hits;"6.82""";720x1640 pixels;4 GB RAM;Snapdragon 460;5000 mAh Li-Po;GSM 850 / 900 / 1800 / 1900 - SIM 1 & SIM 2 (Dual SIM model only);HSDPA 850 / 900 / 1900 / 2100 - EMEA, SEA, APAC;1, 3, 5, 7, 8, 20, 28, 38, 40, 41 - EMEA, SEA, APAC;HSPA, LTE-A;2021, January 11;Available. Released 2021, April 26;172.1 x 77.1 x 9.1 mm (6.78 x 3.04 x 0.36 in);206 g (7.27 oz);;Single SIM (Nano-SIM) or Hybrid Dual SIM (Nano-SIM, dual stand-by);IPS LCD, 450 nits (typ);6.82 inches, 110.5 cm(~83.2% screen-to-body ratio);720 x 1640 pixels (~263 ppi density);Android 11, upgradable to Android 12, TCL UI;Qualcomm SM4250 Snapdragon 460 (11 nm);Octa-core (4x1.8 GHz Kryo 240 & 4x1.6 GHz Kryo 240);Adreno 610;microSDXC (uses shared SIM slot);64GB 4GB RAM, 128GB 4GB RAM;"16 MP, f/1.8, 27mm (wide), 1/2.0"", 1.12µm, PDAF5 MP, f/2.2, 14mm, 115˚ (ultrawide), 1/5.0"", 1.12µm2 MP, f/2.4, (depth)2 MP, f/2.4, (macro)or48 MP, f/2.0, 27mm (wide), 1/2.0"", 0.8µm, PDAF5 MP, f/2.2, 14mm, 115˚ (ultrawide), 1/5.0"", 1.12µm2 MP, f/2.4, (depth)2 MP, f/2.4, (macro)";Dual-LED flash, HDR, panorama;1080p@30fps;"8 MP, f/2.0, 26mm (wide), 1/4.0"", 1.12µmor13 MP, f/2.2, 26mm (wide), 1/3.0"", 1.12µm";1080p@30fps;Wi-Fi 802.11 b/g/n, Wi-Fi Direct;5.0, A2DP, LE, aptX;GPS, GLONASS, GALILEO, BDS;Yes;FM radio;USB Type-C 2.0, OTG;Fingerprint (rear-mounted), accelerometer, proximity, compass;Li-Po 5000 mAh, non-removable;Aurora Green, Nuit Black;About 150 EUR;;T671H, T671F, T671O, T671E;UFS 2.1 (128GB only);;;HDR;24-bit/192kHz audio;;;;;;;
https://www.gsmarena.com/tcl_10_5g_uw-10559.php;https://fdn2.gsmarena.com/vv/bigpic/tcl-10-5g-uw.jpg;TCL 10 5G UW;Released 2020, October 29;210g, 9.4mm thickness;Android 10;128GB storage, microSDXC;28;0.1%;131,317 hits;"6.53""";1080x2340 pixels;6 GB RAM;Snapdragon 765G 5G;4500 mAh Li-Po;GSM 850 / 900 / 1800 / 1900;HSDPA 850 / 900 / 1700(AWS) / 1900 / 2100;2, 3, 4, 5, 7, 12, 13, 20, 28, 46, 48, 66;HSPA, LTE-A (CA), 5G;2020, October 27;Available. Released 2020, October 29;163.6 x 76.5 x 9.4 mm (6.44 x 3.01 x 0.37 in);210 g (7.41 oz);Glass front, glass back, aluminum frame;Nano-SIM;IPS LCD, HDR10, 450 nits (typ);6.53 inches, 104.7 cm(~83.6% screen-to-body ratio);1080 x 2340 pixels, 19.5:9 ratio (~395 ppi density);Android 10;Qualcomm SM7250 Snapdragon 765G 5G (7 nm);Octa-core (1x2.4 GHz Kryo 475 Prime & 1x2.2 GHz Kryo 475 Gold & 6x1.8 GHz Kryo 475 Silver);Adreno 620;microSDXC (uses shared SIM slot);128GB 6GB RAM;"48 MP, 26mm (wide), 1/2.0"", 0.8µm, PDAF8 MP, f/2.2, 13mm (ultrawide), 1/4.0"", 1.12µm5 MP, f/2.2, (macro), AF";Dual-LED flash, HDR, panorama;4K@30fps, 1080p@30/60/120fps, gyro-EIS;"16 MP, f/2.2, 26mm (wide), 1/3.06"", 1.0µm";1080p@30fps;Wi-Fi 802.11 a/b/g/n/ac, dual-band, Wi-Fi Direct;5.0, A2DP, LE;GPS (L1+L5), GLONASS, GALILEO;;No;USB Type-C 2.0, OTG;Fingerprint (rear-mounted), accelerometer, gyro, proximity, compass;Li-Po 4500 mAh, non-removable;Diamond Gray;About 340 EUR;2, 5, 66, 260, 261 mmWave;;UFS 2.1;;;;;;;;;;;
https://www.gsmarena.com/tcl_movetime-10488.php;https://fdn2.gsmarena.com/vv/bigpic/tcl-movetime.jpg;TCL MoveTime;Released 2021, Q1;50g, 14.5mm thickness;Proprietary OS;4GB 512MB RAM storage, no card slot;14;N/A;57,849 hits;"1.41""";320x360 pixels;512 MB RAM;Snapdragon Wear 2500;600 mAh Li-Ion;GSM 850 / 900 / 1800 / 1900;HSDPA 900 / 2100;3, 8, 20;HSPA 21.1/5.76 Mbps, LTE, Cat4 150/50 Mbps;2020, September 03;Available. Released 2021, Q1;45 x 41 x 14.5 mm (1.77 x 1.61 x 0.57 in);50 g (1.76 oz);;Nano-SIM and eSIM;AMOLED;1.41 inches;320 x 360 pixels (~342 ppi density);Proprietary OS;Qualcomm MSM8909W Snapdragon Wear 2500 (28nm);Quad-core 1.09 GHz Cortex-A7;Adreno 304;No;4GB 512MB RAM;No;;;;;Wi-Fi 802.11 b/g/n;4.2, A2DP, LE;GPS, GLONASS;No;No;No;Accelerometer, gyro, heart rate;Li-Ion 600 mAh, non-removable;Black;About 230 EUR;;MT43A;eMMC;IP67 dust/water resistant (up to 1m for 30 min);;;;;;;;;;
https://www.gsmarena.com/tcl_10_tabmid-10487.php;https://fdn2.gsmarena.com/vv/bigpic/tcl-tabmid10.jpg;TCL 10 TabMid;Released 2021, Q1;325g, 8.6mm thickness;Android 10, TCL UI;32GB storage, microSDXC;14;N/A;61,561 hits;"10.0""";1200x1920 pixels;3 GB RAM;Snapdragon 665;5500 mAh Li-Po;GSM 850 / 900 / 1800 / 1900;HSDPA 850 / 900 / 1900 / 2100;1, 3, 5, 7, 8, 18, 19, 20, 26, 28, 34, 38, 39, 40, 41;HSPA 42.2/11.5 Mbps, LTE-A Cat4 150/50 Mbps;2020, September 03;Available. Released 2021, Q1;209.4 x 125.2 x 8.6 mm (8.24 x 4.93 x 0.34 in);325 g (11.46 oz);;Nano-SIM;IPS LCD;10.0 inches, 290.0 cm(~110.6% screen-to-body ratio);1200 x 1920 pixels, 16:10 ratio (~226 ppi density);Android 10, TCL UI;Qualcomm SM6125 Snapdragon 665 (11 nm);Octa-core (4x2.0 GHz Kryo 260 Gold & 4x1.8 GHz Kryo 260 Silver);Adreno 610;microSDXC (dedicated slot);32GB 3GB RAM;"5 MP, f/2.0, (wide), 1/4"", 1.12µm";LED flash;1080p@30fps;"5 MP, f/2.4, (wide), 1/5"", 1.12µm";1080p@30fps;Wi-Fi 802.11 a/b/g/n/ac, dual-band, Wi-Fi Direct;5.0, A2DP, LE;GPS;No;No;USB Type-C 2.0;Accelerometer;Li-Po 5500 mAh, non-removable;Prime Black;About 230 EUR;;;eMMC 5.1;;;;;;;;;;;
https://www.gsmarena.com/tcl_10_tabmax-10419.php;https://fdn2.gsmarena.com/vv/bigpic/tcl-tabmax10.jpg;TCL 10 TabMax;Released 2021, Q1;7.7mm thickness;Android 10, TCL UI;64GB storage, microSDXC;21;0.1%;112,219 hits;"10.36""";1200x2000 pixels;4 GB RAM;;8000 mAh Li-Po;GSM 850 / 900 / 1800 / 1900;HSDPA 850 / 900 / 1900 / 2100;1, 3, 5, 7, 8, 20, 28, 34, 38, 39, 40, 41;HSPA 42.2/11.5 Mbps, LTE-A Cat6 300/50 Mbps;2020, September 03;Available. Released 2021, Q1;247.8 x 157.6 x 7.7 mm (9.76 x 6.20 x 0.30 in);-;;Nano-SIM;IPS LCD;10.36 inches, 305.5 cm(~78.2% screen-to-body ratio);1200 x 2000 pixels, 5:3 ratio (~225 ppi density);Android 10, TCL UI;;Octa-core (4x2.0 GHz Cortex-A73 & 4x2.0 GHz Cortex-A53);Mali-G72 MP3;microSDXC (dedicated slot);64GB 4GB RAM;"13 MP, f/1.8, (wide), 1/3"", 1.12µm, AF";LED flash;1080p@30fps;"8 MP, f/2.0, (wide), 1/4"", 1.12µm";1080p@30fps;Wi-Fi 802.11 a/b/g/n/ac, dual-band, Wi-Fi Direct;5.0, A2DP, LE;GPS;No;No;USB Type-C 2.0;Accelerometer, proximity;Li-Po 8000 mAh, non-removable;Dark Blue;About 250 EUR;;;eMMC 5.1;Stylus support;;;;;;;;;;
https://www.gsmarena.com/tcl_10_se-10321.php;https://fdn2.gsmarena.com/vv/bigpic/tcl-10-se.jpg;TCL 10 SE;Released 2020, July 21;166g, 8.4mm thickness;Android 10, TCL UI;128GB storage, microSDXC;16;0.1%;243,750 hits;"6.52""";720x1600 pixels;4 GB RAM;Helio P22;4000 mAh Li-Po;GSM 850 / 900 / 1800 / 1900 - SIM 1 & SIM 2 (Dual SIM model only);HSDPA 850 / 900 / 1700(AWS) / 1900 / 2100;1, 2, 3, 5, 7, 8, 20, 28, 38, 40, 41;HSPA 42.2/5.76 Mbps, LTE-A (2CA) Cat13 400/75 Mbps;2020, July 09;Available. Released 2020, July 21;164.9 x 74.7 x 8.4 mm (6.49 x 2.94 x 0.33 in);166 g (5.86 oz);;Single SIM (Nano-SIM) or Hybrid Dual SIM (Nano-SIM, dual stand-by);LCD;6.52 inches, 102.6 cm(~83.3% screen-to-body ratio);720 x 1600 pixels, 20:9 ratio (~269 ppi density);Android 10, TCL UI;Mediatek MT6762 Helio P22 (12 nm);Octa-core 2.0 GHz Cortex-A53;PowerVR GE8320;microSDXC (uses shared SIM slot);128GB 4GB RAM;"48 MP, f/1.8, 26mm (wide), 1/2.0"", 0.8µm, PDAF5 MP, f/2.2, 115˚ (ultrawide), 1.12µm2 MP, f/2.4, (depth)";Dual-LED flash, HDR, panorama;1080p@30fps;"8 MP, f/2.0, 26mm (wide), 1/4.0"", 1.12µmor13 MP, f/2.2, 26mm (wide), 1/3.1"", 1.12µm";1080p@30fps;Wi-Fi 802.11 a/b/g/n/ac, dual-band, Wi-Fi Direct;5.0, A2DP, LE, aptX;GPS, GLONASS, GALILEO, BDS;Yes;FM radio;USB Type-C 2.0, OTG;Fingerprint (rear-mounted), accelerometer, gyro, proximity, compass;Li-Po 4000 mAh, non-removable;Black, Violet;;;T766H_EEA, T766U, T766H, T766A, T766J;;;;;;;;;;;;
https://www.gsmarena.com/tcl_10_plus-10320.php;https://fdn2.gsmarena.com/vv/bigpic/tcl-10-plus.jpg;TCL 10 Plus;Released 2020, August;172g, 8.9mm thickness;Android 10, TCL UI;64GB/128GB/256GB storage, microSDXC;37;0.1%;297,088 hits;"6.47""";1080x2340 pixels;6/8 GB RAM;Snapdragon 665;4500 mAh Li-Po;GSM 850 / 900 / 1800 / 1900 - SIM 1 & SIM 2 (Dual SIM model only);HSDPA 850 / 900 / 1700(AWS) / 1900 / 2100;1, 2, 3, 5, 7, 8, 20, 28, 38, 40, 41;HSPA 42.2/5.76 Mbps, LTE-A (2CA) Cat13 400/75 Mbps;2020, July 09;Available. Released 2020, August;158.9 x 72.9 x 8.9 mm (6.26 x 2.87 x 0.35 in);172 g (6.07 oz);;Single SIM (Nano-SIM) or Hybrid Dual SIM (Nano-SIM, dual stand-by);AMOLED, HDR;6.47 inches, 102.8 cm(~88.7% screen-to-body ratio);1080 x 2340 pixels, 19.5:9 ratio (~398 ppi density);Android 10, TCL UI;Qualcomm SM6125 Snapdragon 665 (11 nm);Octa-core (4x2.0 GHz Kryo 260 Gold & 4x1.8 GHz Kryo 260 Silver);Adreno 610;microSDXC (uses shared SIM slot);64GB 6GB RAM, 128GB 6GB RAM, 256GB 8GB RAM;48 MP, f/1.8, 26mm (wide), 0.8µm, PDAF8 MP, f/2.2, 118˚ (ultrawide), 1.12µm2 MP, f/2.4, (macro)2 MP, f/2.4, (depth);Dual-LED flash, HDR, panorama;4K@30fps, 1080p@30/120fps;"16 MP, f/2.2, 26mm (wide), 1/3.1"", 1.0µm";1080p@30fps;Wi-Fi 802.11 a/b/g/n/ac, dual-band, Wi-Fi Direct;5.0, A2DP, LE, aptX;GPS, GLONASS, GALILEO, BDS;Yes;FM radio;USB Type-C 2.0, OTG;Fingerprint (under display, optical), accelerometer, gyro, proximity, compass;Li-Po 4500 mAh, non-removable;Blue, Violet;About 300 EUR;;T782H;;;;;;;;;;;;
https://www.gsmarena.com/tcl_10_5g-10178.php;https://fdn2.gsmarena.com/vv/bigpic/tcl-10-5g-r.jpg;TCL 10 5G;Released 2020, July 27;210g, 9mm thickness;Android 10, TCL UI;128GB storage, microSDXC;39;0.3%;301,691 hits;"6.53""";1080x2340 pixels;6 GB RAM;Snapdragon 765G 5G;4500 mAh Li-Po;GSM 850 / 900 / 1800 / 1900 - SIM 1 & SIM 2 (Dual SIM model only);HSDPA 850 / 900 / 1700(AWS) / 1900 / 2100 - T790Y;1, 3, 5, 7, 8, 20, 28, 32, 38, 40, 41 - T790Y;HSPA 42.2/5.76 Mbps, LTE-A (5CA) Cat16 1000/150 Mbps, 5G 2.3 Gbps DL;2020, April 06;Available. Released 2020, July 27;163.7 x 76.6 x 9 mm (6.44 x 3.02 x 0.35 in);210 g (7.41 oz);Glass front, glass back, aluminum frame;Single SIM (Nano-SIM) or Hybrid Dual SIM (Nano-SIM, dual stand-by);IPS LCD, HDR10, 450 nits (typ);6.53 inches, 104.7 cm(~83.5% screen-to-body ratio);1080 x 2340 pixels, 19.5:9 ratio (~395 ppi density);Android 10, TCL UI;Qualcomm SM7250 Snapdragon 765G 5G (7 nm);Octa-core (1x2.4 GHz Kryo 475 Prime & 1x2.2 GHz Kryo 475 Gold & 6x1.8 GHz Kryo 475 Silver);Adreno 620;microSDXC (uses shared SIM slot);128GB 6GB RAM;"64 MP, f/1.9, 26mm (wide), 1/1.72"", 0.8µm, PDAF8 MP, f/2.2, 13mm (ultrawide), 1/4.0"", 1.12µm5 MP, f/2.2, (macro)2 MP, f/2.4, (depth)";Dual-LED flash, HDR, panorama;4K@30fps, 1080p@30/60/120fps, gyro-EIS;"16 MP, f/2.2, 26mm (wide), 1/3.06"", 1.0µm";1080p@30fps;Wi-Fi 802.11 a/b/g/n/ac, dual-band, Wi-Fi Direct;5.0, A2DP, LE;GPS (L1+L5), GLONASS, BDS, GALILEO, QZSS;Yes;FM radio;USB Type-C 2.0, OTG;Fingerprint (rear-mounted), accelerometer, gyro, proximity, compass;Li-Po 4500 mAh, non-removable;Chrome Blue, Mercury Gray;About 400 EUR;1, 3, 8, 28, 77, 78 SA/NSA - T790Y;T790Y, T790H;UFS 2.1;;;;;;;;;;;
https://www.gsmarena.com/tcl_10_pro-10179.php;https://fdn2.gsmarena.com/vv/bigpic/tcl-10-pro.jpg;TCL 10 Pro;Released 2020, May 19;177g, 9.2mm thickness;Android 10, planned upgrade to 11, TCL UI;128GB/256GB storage, microSDXC;96;0.3%;588,896 hits;"6.47""";1080x2340 pixels;6 GB RAM;Snapdragon 675;4500 mAh Li-Po;GSM 850 / 900 / 1800 / 1900 - SIM 1 & SIM 2 (Dual SIM model only);HSDPA 850 / 900 / 1700(AWS) / 1900 / 2100 - T799B;1, 2, 3, 4, 5, 7, 8, 12, 13, 17, 25, 26, 28, 38, 40, 41, 66 - T799B;HSPA 42.2/5.76 Mbps, LTE-A (2CA) Cat13 400/75 Mbps;2020, April 06;Available. Released 2020, May 19;158.5 x 72.4 x 9.2 mm (6.24 x 2.85 x 0.36 in);177 g (6.24 oz);Glass front, glass back, aluminum frame;Single SIM (Nano-SIM) or Hybrid Dual SIM (Nano-SIM, dual stand-by);AMOLED, HDR10;6.47 inches, 102.8 cm(~89.5% screen-to-body ratio);1080 x 2340 pixels, 19.5:9 ratio (~398 ppi density);Android 10, planned upgrade to Android 11, TCL UI;Qualcomm SDM675 Snapdragon 675 (11 nm);Octa-core (2x2.0 GHz Kryo 460 Gold & 6x1.7 GHz Kryo 460 Silver);Adreno 612;microSDXC (uses shared SIM slot);128GB 6GB RAM, 256GB 6GB RAM;"64 MP, f/1.8, 26mm (wide), 1/1.72"", 0.8µm, PDAF16 MP, f/2.4, 13mm (ultrawide), 1/3.1"", 1.0µm5 MP, f/2.2, (macro)2 MP, f/2.4, (depth)";Dual-LED flash, HDR, panorama;4K@30fps, 1080p@30/60/120fps, 720p@960fps, gyro-EIS;"24 MP, f/2.0, 26mm (wide), 1/2.8"", 0.9µm";1080p@30fps;Wi-Fi 802.11 a/b/g/n/ac, dual-band, Wi-Fi Direct;5.0, A2DP, LE, aptX HD;GPS, GLONASS, GALILEO;Yes;FM radio (market/region dependent);USB Type-C 2.0, OTG;Fingerprint (under display, optical), accelerometer, gyro, proximity, compass;Li-Po 4500 mAh, non-removable;Gray, Green;About 250 EUR;;T799B, T799H;UFS 2.1;;;;;;;;;Always-on-display;;
https://www.gsmarena.com/tcl_10l-10180.php;https://fdn2.gsmarena.com/vv/bigpic/tcl-10l.jpg;TCL 10L;Released 2020, May 19;180g, 8.4mm thickness;Android 10, up to Android 11, TCL UI;64GB/128GB/256GB storage, microSDXC;39;0.3%;426,030 hits;"6.53""";1080x2340 pixels;6 GB RAM;Snapdragon 665;4000 mAh Li-Po;GSM 850 / 900 / 1800 / 1900 - SIM 1 & SIM 2 (Dual SIM model only);HSDPA 850 / 900 / 1700(AWS) / 1900 / 2100;1, 2, 3, 4, 5, 7, 8, 12, 13, 17, 25, 26, 28, 38, 40, 41, 66;HSPA 42.2/5.76 Mbps, LTE-A (2CA) Cat13 400/75 Mbps;2020, April 06;Available. Released 2020, May 19;162.2 x 75.6 x 8.4 mm (6.39 x 2.98 x 0.33 in);180 g (6.35 oz);;Single SIM (Nano-SIM) or Hybrid Dual SIM (Nano-SIM, dual stand-by);IPS LCD, HDR;6.53 inches, 104.7 cm(~85.4% screen-to-body ratio);1080 x 2340 pixels, 19.5:9 ratio (~395 ppi density);Android 10, upgradable to Android 11, TCL UI;Qualcomm SM6125 Snapdragon 665 (11 nm);Octa-core (4x2.0 GHz Kryo 260 Gold & 4x1.8 GHz Kryo 260 Silver);Adreno 610;microSDXC (uses shared SIM slot);64GB 6GB RAM, 128GB 6GB RAM, 256GB 6GB RAM;"48 MP, f/1.8, 26mm (wide), 1/2.25"", 0.8µm, PDAF8 MP, f/2.2, 13mm (ultrawide), 1/4.0"", 1.12µm2 MP, f/2.4, (macro)2 MP, f/2.4, (depth)";Dual-LED flash, HDR, panorama;4K@30fps, 1080p@30/120fps;"16 MP, f/2.2, 28mm (wide), 1/3.06"", 1.0µm";1080p@30fps;Wi-Fi 802.11 a/b/g/n/ac, dual-band, Wi-Fi Direct;5.0, A2DP, LE, aptX;GPS, GALILEO;Yes;FM radio;USB Type-C 2.0, OTG;Fingerprint (rear-mounted), accelerometer, gyro, proximity, compass;Li-Po 4000 mAh, non-removable;Arctic White, Mariana Blue;About 140 EUR;;T770H, T770B, 4187U;64GB eMMC 5.1, 128/256GB UFS 2.1;;;;;;;;;;;
https://www.gsmarena.com/tcl_plex-9841.php;https://fdn2.gsmarena.com/vv/bigpic/alcatel-plex-.jpg;TCL Plex;Released 2019, October;192g, 8mm thickness;Android 9.0, up to Android 10;128GB storage, microSDXC;54;0.2%;451,037 hits;"6.53""";1080x2340 pixels;6 GB RAM;Snapdragon 675;3820 mAh Li-Ion;GSM 850 / 900 / 1800 / 1900 - SIM 1 & SIM 2 (Dual SIM model only);HSDPA 850 / 900 / 1900 / 2100;1, 3, 5, 7, 8, 20, 28, 38, 40;HSPA 42.2/5.76 Mbps, LTE-A (2CA) Cat6 400/75 Mbps;2019, September;Available. Released 2019, October;162.2 x 76.6 x 8 mm (6.39 x 3.02 x 0.31 in);192 g (6.77 oz);Glass front, glass back, aluminum frame;Single SIM (Nano-SIM) or Hybrid Dual SIM (Nano-SIM, dual stand-by);IPS LCD;6.53 inches, 104.7 cm(~84.2% screen-to-body ratio);1080 x 2340 pixels, 19.5:9 ratio (~395 ppi density);Android 9.0 (Pie), upgradable to Android 10;Qualcomm SDM675 Snapdragon 675 (11 nm);Octa-core (2x2.0 GHz Kryo 460 Gold & 6x1.7 GHz Kryo 460 Silver);Adreno 612;microSDXC (uses shared SIM slot);128GB 6GB RAM;"48 MP, f/1.8, 26mm (wide), 1/2.0"", 0.8µm, PDAF16 MP, f/2.4, 13mm (ultrawide), 1/3.1"", 1.0µm2 MP, f/1.8";Dual-LED flash, HDR, panorama;4K@30fps, 1080p@30/60/120fps, 720p@960fps, gyro-EIS;"24 MP, f/2.0, 26mm (wide), 1/2.8"", 0.9µm";1080p@30fps;Wi-Fi 802.11 a/b/g/n/ac, dual-band, Wi-Fi Direct;5.0, A2DP, LE, aptX;GPS;Yes;FM radio;USB Type-C 2.0;Fingerprint (rear-mounted), accelerometer, gyro, proximity, compass;Li-Ion 3820 mAh, non-removable;Obsidian Black, Opal White;About 330 EUR;;T780H;UFS 2.1;;;;;;;;;;Up to 396 h (3G);Up to 12 h (2G) / Up to 25 h (3G)
