Link;Image;Name;Release date;Weight;OS;Storage;Fans;Popularity;Hits;Screen_size;Screen_resolution;RAM;SOC;Battery;net2g;net3g;net4g;net5g;speed;year;status;dimensions;weight;sim;bodyother;displaytype;displaysize;displayresolution;displayprotection;os;chipset;cpu;gpu;memoryslot;internalmemory;cam1modules;cam1features;cam1video;cam2modules;cam2video;wlan;bluetooth;gps;nfc;radio;usb;sensors;batdescription1;colors;price;memoryother;featuresother;cam2features;build;tbench;batlife;optionalother;gprstext;edge;sar-us
https://www.gsmarena.com/ulefone_power_armor_18-12081.php;https://fdn2.gsmarena.com/vv/bigpic/ulefone-armor-18.jpg;Ulefone Power Armor 18;Released 2022, December 05;409g, 18.8mm thickness;Android 12;256GB storage, microSDXC;7;1.1%;15,375 hits;"6.58""";1080x2408 pixels;12 GB RAM;Dimensity 900;9600 mAh Li-Po;GSM 850 / 900 / 1800 / 1900 - SIM 1 & SIM 2;HSDPA 800 / 850 / 900 / 1700(AWS) / 1900 / 2100;1, 2, 3, 4, 5, 7, 8, 12, 13, 17, 18, 19, 20, 25, 26, 28, 34, 38, 39, 40, 41, 66, 71;1, 2, 3, 5, 7, 8, 20, 25, 28, 38, 40, 41, 66, 71, 77, 78, 79 SA/NSA/Sub6;HSPA, LTE, 5G;2022, December 05;Available. Released 2022, December 05;175.2 x 83.4 x 18.8 mm (6.90 x 3.28 x 0.74 in);409 g (14.43 oz);Hybrid Dual SIM (Nano-SIM, dual stand-by);IP68/IP69K dust/water resistant (up to 1.5m for 30 min)Drop-to-concrete resistance from up to 1.5mMIL-STD-810H compliantAccessory connector (ulefone endoscope, microscope);IPS LCD, 120Hz;6.58 inches, 104.3 cm(~71.4% screen-to-body ratio);1080 x 2408 pixels, 20:9 ratio (~401 ppi density);Corning Gorilla Glass 5;Android 12;Mediatek MT6877 Dimensity 900 (6 nm);Octa-core (2x2.4 GHz Cortex-A78 & 6x2.0 GHz Cortex-A55);Mali-G68 MC4;microSDXC (uses shared SIM slot);256GB 12GB RAM;108 MP, f/1.9, (wide), 1/1.52”, 0.7µm, PDAF5 MP, f/3.0, (macro), 1/5”, 1.12µm8 MP, f/2.2, 119˚ (ultrawide);Hexa-LED flash, HDR, panorama;4K@30fps, 1080p@30fps;32 MP, f/2.0, (wide), 1.2µm;1080p@30fps;Wi-Fi 802.11 a/b/g/n/ac/6, dual-band;5.0, A2DP, LE;GPS (L1+L5), GLONASS, GALILEO, BDS, NavIC;Yes;Wireless FM radio, RDS, recording;USB Type-C 2.0, OTG, magnetic connector;Fingerprint (side-mounted), accelerometer, gyro, proximity, compass, barometer, thermometer;Li-Po 9600 mAh, non-removable;Black;About 400 EUR;;;;;;;;;;
https://www.gsmarena.com/ulefone_note_14-12080.php;https://fdn2.gsmarena.com/vv/bigpic/ulefone-note-14.jpg;Ulefone Note 14;Released 2022, September 29;189g, 9mm thickness;Android 12;16GB/64GB storage, microSDXC;0;0.4%;7,168 hits;"6.52""";720x1600 pixels;3/4 GB RAM;Helio A22;4500 mAh Li-Po;GSM 850 / 900 / 1800 / 1900 - SIM 1 & SIM 2;HSDPA 850 / 900 / 1700(AWS) / 1900 / 2100;1, 2, 3, 4, 5, 7, 8, 12, 17, 19, 20, 28;;HSPA, LTE;2022, September 29;Available. Released 2022, September 29;164.8 x 76 x 9 mm (6.49 x 2.99 x 0.35 in);189 g (6.67 oz);Dual SIM (Nano-SIM, dual stand-by);;IPS LCD;6.52 inches, 102.6 cm(~81.9% screen-to-body ratio);720 x 1600 pixels, 20:9 ratio (~269 ppi density);;Android 12;Mediatek MT6761 Helio A22 (12 nm);Quad-core 2.0 GHz Cortex-A53;PowerVR GE8300;microSDXC (dedicated slot);16GB 3GB RAM, 64GB 4GB RAM;13 MP, f/2.0, (wide), 1.12µm, AF (64/4 model)8 MP, f/1.8, (wide), 1.12µm, AF (16/3 model)Depth camera;LED flash, HDR, panorama;1080p@30fps;5 MP, f/2.0, (wide);1080p@30fps;Wi-Fi 802.11 a/b/g/n/ac, dual-band;5.0, A2DP, LE;GPS, GLONASS, GALILEO, BDS;No;Stereo FM radio, RDS, recording;USB Type-C 2.0;Fingerprint (side-mounted), accelerometer, proximity;Li-Po 4500 mAh, non-removable;Midnight Black, Mint Green, Lavender Purple;About 100 EUR;eMMC 5.1;;;;;;;;;
https://www.gsmarena.com/ulefone_power_armor_19-12077.php;https://fdn2.gsmarena.com/vv/bigpic/ulefone-power-armor-19.jpg;Ulefone Power Armor 19;Released 2022, December 27;409g, 18.8mm thickness;Android 12;256GB storage, microSDXC;12;1.0%;33,699 hits;"6.58""";1080x2408 pixels;12 GB RAM;Helio G99;9600 mAh Li-Po;GSM 850 / 900 / 1800 / 1900 - SIM 1 & SIM 2;HSDPA 800 / 850 / 900 / 1700(AWS) / 1900 / 2100;1, 2, 3, 4, 5, 7, 8, 12, 13, 17, 18, 19, 20, 25, 26, 28, 34, 38, 39, 40, 41, 66, 71;;HSPA, LTE;2022, December 27;Available. Released 2022, December 27;175.2 x 83.4 x 18.8 mm (6.90 x 3.28 x 0.74 in);409 g (14.43 oz);Hybrid Dual SIM (Nano-SIM, dual stand-by);IP68/IP69K dust/water resistant (up to 1.5m for 30 min)Drop-to-concrete resistance from up to 1.5mMIL-STD-810H compliantAccessory connector (ulefone endoscope, microscope);IPS LCD, 120Hz;6.58 inches, 104.3 cm(~71.4% screen-to-body ratio);1080 x 2408 pixels, 20:9 ratio (~401 ppi density);Corning Gorilla Glass 5;Android 12;Mediatek MT8781 Helio G99 (6nm);Octa-core (2x2.2 GHz Cortex-A76 & 6x2.0 GHz Cortex-A55);Mali-G57 MC2;microSDXC (uses shared SIM slot);256GB 12GB RAM;108 MP, f/1.9, (wide), 1/1.52”, 0.7µm, PDAF8 MP, f/2.2, (ultrawide), 1/4”, 1.12µm5 MP, f/3.0, (macro), 1/5”, 1.12µm;Hexa-LED flash, HDR, panorama;1440p@30fps;16 MP, f/2.0, (wide), 1.0µm;1080p@30fps;Wi-Fi 802.11 a/b/g/n/ac/6, dual-band;5.2, A2DP, LE;GPS, GLONASS, GALILEO, BDS;Yes;Wireless FM radio, RDS, recording;USB Type-C 2.0, OTG, magnetic connector;Fingerprint (side-mounted), accelerometer, gyro, proximity, compass, barometer, thermometer;Li-Po 9600 mAh, non-removable;Black;;;;;;;;;;;
https://www.gsmarena.com/ulefone_tab_a8-12078.php;https://fdn2.gsmarena.com/vv/bigpic/ulefone-tab-a8-.jpg;Ulefone Tab A8;Released 2023, January 11;483g, 7.4mm thickness;Android 12;64GB storage, microSDXC;0;0.2%;3,870 hits;"10.1""";1200x1920 pixels;4 GB RAM;MT6762V;6580 mAh Li-Po;GSM 850 / 900 / 1800 / 1900 - SIM 1 & SIM 2;HSDPA 850 / 900 / 1700(AWS) / 1900 / 2100;1, 2, 3, 4, 5, 7, 8, 12, 17, 20, 26, 28, 38, 40, 41;;HSPA, LTE;2023, January 11;Available. Released 2023, January 11;238.7 x 157.5 x 7.4 mm (9.40 x 6.20 x 0.29 in);483 g (1.06 lb);Hybrid Dual SIM (Nano-SIM, dual stand-by);;IPS LCD;10.1 inches, 295.8 cm(~78.7% screen-to-body ratio);1200 x 1920 pixels, 16:10 ratio (~224 ppi density);;Android 12;Mediatek MT6762V/WD (12 nm);Octa-core 2.0 GHz Cortex-A53;PowerVR GE8320;microSDXC (uses shared SIM slot);64GB 4GB RAM;13 MP, f/2.0, (wide);LED flash, HDR, panorama;1080p@30fps;5 MP, f/2.2, (wide);1080p@30fps;Wi-Fi 802.11 a/b/g/n/ac, dual-band;5.0, A2DP, LE;GPS, GLONASS, GALILEO, BDS;No;FM radio, RDS, recording;USB Type-C 2.0, OTG;Accelerometer, proximity;Li-Po 6580 mAh, non-removable;Gray;About 180 EUR;eMMC 5.1;;;;;;;;;
https://www.gsmarena.com/ulefone_power_armor_18t-11966.php;https://fdn2.gsmarena.com/vv/bigpic/ulefone-armor-18t.jpg;Ulefone Power Armor 18T;Released 2022, October 31;409g, 18.8mm thickness;Android 12;256GB storage, microSDXC;38;1.0%;69,634 hits;"6.58""";1080x2408 pixels;12 GB RAM;Dimensity 900;9600 mAh Li-Po;GSM 850 / 900 / 1800 / 1900 - SIM 1 & SIM 2;HSDPA 800 / 850 / 900 / 1700(AWS) / 1900 / 2100;1, 2, 3, 4, 5, 7, 8, 12, 13, 17, 18, 19, 20, 25, 26, 28, 34, 38, 39, 40, 41, 66, 71;1, 2, 3, 5, 7, 8, 20, 25, 28, 38, 41, 66, 77, 78, 79 SA/NSA/Sub6;HSPA, LTE;2022, October 31;Available. Released 2022, October 31;175.2 x 83.4 x 18.8 mm (6.90 x 3.28 x 0.74 in);409 g (14.43 oz);Hybrid Dual SIM (Nano-SIM, dual stand-by);IP68/IP69K dust/water resistant (up to 1.5m for 30 min)Drop-to-concrete resistance from up to 1.5mMIL-STD-810G compliantAccessory connector (ulefone endoscope, microscope);IPS LCD, 120Hz;6.58 inches, 104.3 cm(~71.4% screen-to-body ratio);1080 x 2408 pixels, 20:9 ratio (~401 ppi density);Corning Gorilla Glass 5;Android 12;Mediatek MT6877 Dimensity 900 (6 nm);Octa-core (2x2.4 GHz Cortex-A78 & 6x2.0 GHz Cortex-A55);Mali-G68 MC4;microSDXC (uses shared SIM slot);256GB 12GB RAM;108 MP, f/1.9, (wide), 1/1.52”, 0.7µm, PDAF5 MP, f/3.0, (macro), 1/5”, 1.12µmFLIR thermal camera (Lepton module)5 MP (for thermal module);Hexa-LED flash, HDR, panorama;4K@30fps, 1080p@30fps;32 MP, f/2.0, (wide), 1.2µm;1080p@30fps;Wi-Fi 802.11 a/b/g/n/ac/6, dual-band;5.0, A2DP, LE;GPS (L1+L5), GLONASS, GALILEO, BDS, NavIC;Yes;Wireless FM radio, RDS, recording;USB Type-C 2.0, OTG, magnetic connector;Fingerprint (side-mounted), accelerometer, gyro, proximity, compass, barometer;Li-Po 9600 mAh, non-removable;Black;About 640 EUR;;;;;;;;;;
https://www.gsmarena.com/ulefone_armor_17_pro-11965.php;https://fdn2.gsmarena.com/vv/bigpic/ulefone-armor-17-pro.jpg;Ulefone Armor 17 Pro;Released 2022, October 31;290g, 12.5mm thickness;Android 12;256GB storage, microSDXC;14;0.5%;33,590 hits;"6.58""";1080x2408 pixels;8 GB RAM;Helio G99;5380 mAh Li-Po;GSM 850 / 900 / 1800 / 1900 - SIM 1 & SIM 2;HSDPA 800 / 850 / 900 / 1700(AWS) / 1900 / 2100;1, 2, 3, 4, 5, 7, 8, 12, 13, 17, 18, 19, 20, 25, 26, 28, 34, 38, 39, 40, 41, 66;;HSPA, LTE;2022, October 31;Available. Released 2022, October 31;172.7 x 80.4 x 12.5 mm (6.80 x 3.17 x 0.49 in);290 g (10.23 oz);Dual SIM (Nano-SIM, dual stand-by);IP68/IP69K dust/water resistant (up to 1.5m for 30 min)Drop-to-concrete resistance from up to 1.5mMIL-STD-810G compliant;IPS LCD, 120Hz;6.58 inches, 104.3 cm(~75.1% screen-to-body ratio);1080 x 2408 pixels, 20:9 ratio (~401 ppi density);Corning Gorilla Glass 5;Android 12;Mediatek MT8781 Helio G99 (6nm);Octa-core (2x2.2 GHz Cortex-A76 & 6x2.0 GHz Cortex-A55);Mali-G57 MC2;microSDXC (dedicated slot);256GB 8GB RAM;108 MP, f/1.9, (wide), 1/1.52”, 0.7µm, PDAF8 MP, f/2.2, 119˚, (ultrawide), 1/4”, 1.12µm8 MP, (night vision), 2 infrared night vision lights;Triple-LED flash, HDR, panorama;1440p@30fps, 1080p@30fps;16 MP, f/2.2, (wide), 1.0µm;1080p@30fps;Wi-Fi 802.11 a/b/g/n/ac, dual-band;5.2, A2DP, LE;GPS, GLONASS, GALILEO, BDS;Yes;Wireless FM radio, RDS, recording;USB Type-C 2.0, OTG;Fingerprint (side-mounted), accelerometer, gyro, proximity, compass;Li-Po 5380 mAh, non-removable;Black;About 260 EUR;;MagSafe compatible accessories;;;;;;;;
https://www.gsmarena.com/ulefone_power_armor_16_pro-11897.php;https://fdn2.gsmarena.com/vv/bigpic/ulefone-power-armor-16-pro.jpg;Ulefone Power Armor 16 Pro;Released 2022, September 16;405g, 18.3mm thickness;Android 12;64GB storage, microSDXC;15;0.4%;54,622 hits;"5.93""";720x1440 pixels;4 GB RAM;Helio G25;9600 mAh Li-Po;GSM 850 / 900 / 1800 / 1900 - SIM 1 & SIM 2;HSDPA 800 / 850 / 900 / 1700(AWS) / 1900 / 2100;1, 2, 3, 4, 5, 7, 8, 12, 13, 17, 18, 19, 20, 25, 26, 28, 66;;HSPA, LTE;2022, September 16;Available. Released 2022, September 16;173.4 x 83.4 x 18.3 mm (6.83 x 3.28 x 0.72 in);405 g (14.29 oz);Dual SIM (Nano-SIM, dual stand-by);IP68/IP69K dust/water resistant (up to 1.5m for 30 min)Drop-to-concrete resistance from up to 1.5mMIL-STD-810G compliantFlashlight with a dedicated buttonAccessory connector (ulefone endoscope, microscope);IPS LCD;5.93 inches, 90.7 cm(~62.8% screen-to-body ratio);720 x 1440 pixels, 18:9 ratio (~271 ppi density);;Android 12;Mediatek MT6762G Helio G25 (12 nm);Octa-core (4x2.0 GHz Cortex-A53 & 4x1.5 GHz Cortex-A53);PowerVR GE8320;microSDXC (dedicated slot);64GB 4GB RAM;16 MP, f/1.8, (wide), 1.12µm, PDAF2 MP, f/2.4, (macro);LED flash, HDR, panorama;1080p@30fps;8 MP, f/2.0, (wide), 1.12µm;1080p@30fps;Wi-Fi 802.11 a/b/g/n/ac, dual-band;5.0, A2DP, LE;GPS, GLONASS, GALILEO, BDS;Yes;Wireless FM radio, RDS, recording;USB Type-C 2.0, OTG, magnetic connector;Fingerprint (side-mounted), accelerometer, proximity, compass;Li-Po 9600 mAh, non-removable;Black, Black/Orange;About 220 EUR;eMMC 5.1;;;;;;;;;
https://www.gsmarena.com/ulefone_power_armor_x11_pro-11896.php;https://fdn2.gsmarena.com/vv/bigpic/ulefone-power-armor-x11-pro.jpg;Ulefone Power Armor X11 Pro;Released 2022, September 16;330g, 19.3mm thickness;Android 12;64GB storage, microSDXC;4;0.2%;20,874 hits;"5.45""";720x1440 pixels;4 GB RAM;Helio G25;8150 mAh Li-Po;GSM 850 / 900 / 1800 / 1900 - SIM 1 & SIM 2;HSDPA 850 / 900 / 1700(AWS) / 1900 / 2100;1, 2, 3, 4, 5, 7, 8, 12, 13, 17, 18, 19, 20, 25, 26, 28;;HSPA, LTE;2022, September 16;Available. Released 2022, September 16;158.2 x 76.7 x 19.3 mm (6.23 x 3.02 x 0.76 in);330 g (11.64 oz);Dual SIM (Nano-SIM, dual stand-by);IP68 dust/water resistant (up to 1.5m for 30 min)Drop-to-concrete resistance from up to 1.5mMIL-STD-810G compliant;IPS LCD;5.45 inches, 76.7 cm(~63.2% screen-to-body ratio);720 x 1440 pixels, 18:9 ratio (~295 ppi density);;Android 12;Mediatek MT6762G Helio G25 (12 nm);Octa-core (4x2.0 GHz Cortex-A53 & 4x1.5 GHz Cortex-A53);PowerVR GE8320;microSDXC (dedicated slot);64GB 4GB RAM;16 MP, f/1.8, (wide), 1.12µm, PDAF2 MP, f/2.4, (depth);Dual-LED flash, HDR, panorama;1080p@30fps;5 MP, f/2.2;1080p@30fps;Wi-Fi 802.11 a/b/g/n/ac, dual-band;5.0, A2DP, LE;GPS, GLONASS, GALILEO, BDS;Yes;FM radio, RDS, recording;USB Type-C 2.0, OTG;Accelerometer, proximity, compass;Li-Po 8150 mAh, non-removable;Black;About 170 EUR;eMMC 5.1;;;;;;;;;
https://www.gsmarena.com/ulefone_armor_15-11756.php;https://fdn2.gsmarena.com/vv/bigpic/ulefone-armor15.jpg;Ulefone Armor 15;Released 2022, August 10;346g, 18.2mm thickness;Android 12;128GB storage, microSDXC;15;0.2%;47,003 hits;"5.45""";720x1440 pixels;6 GB RAM;Helio G35;6600 mAh Li-Po;GSM 850 / 900 / 1800 / 1900 - SIM 1 & SIM 2;HSDPA 850 / 900 / 1700(AWS) / 1900 / 2100;1, 2, 3, 4, 5, 7, 8, 12, 13, 17, 18, 19, 20, 25, 26, 28, 38, 39, 40, 41, 66;;HSPA, LTE Cat13 300/150 Mbps;2022, July 27;Available. Released 2022, August 10;170.2 x 79.6 x 18.2 mm (6.70 x 3.13 x 0.72 in);346 g (12.20 oz);Dual SIM (Nano-SIM, dual stand-by);"IP68 dust/water resistant (up to 1.5m for 30 min)Drop-to-concrete resistance from up to 1.5mMIL-STD-810G compliantBuilt-in wireless earbuds housed inside the top side of the phone; charging";IPS LCD;5.45 inches, 76.7 cm(~56.6% screen-to-body ratio);720 x 1440 pixels, 18:9 ratio (~295 ppi density);;Android 12;Mediatek MT6765G Helio G35 (12 nm);Octa-core (4x2.3 GHz Cortex-A53 & 4x1.8 GHz Cortex-A53);PowerVR GE8320;microSDXC (dedicated slot);128GB 6GB RAM;12 MP, f/1.8, (wide), 1.4μm13 MP, f/2.4, 106˚ (ultrawide);LED flash, HDR, panorama;1080p@30fps;16 MP, f/2.4, (wide), 1.0μm;1080p@30fps;Wi-Fi 802.11 a/b/g/n/ac, dual-band;5.0, A2DP;GPS, GLONASS, BDS, GALILEO;Yes;Stereo FM radio, RDS, recording;USB Type-C 2.0, OTG;Fingerprint (side-mounted), accelerometer, proximity, gyro, compass;Li-Po 6600 mAh, non-removable;Meteorite Black, Tech Blue, Sport Red;About 300 EUR;;;;;;;;;;
https://www.gsmarena.com/ulefone_armor_x6_pro-11714.php;https://fdn2.gsmarena.com/vv/bigpic/ulefone-armor-x6-pro.jpg;Ulefone Armor X6 Pro;Released 2022, July 16;227g, 14.4mm thickness;Android 12;32GB storage, microSDXC;3;0.2%;27,329 hits;"5.0""";720x1280 pixels;4 GB RAM;Helio A22;4000 mAh Li-Po;GSM 850 / 900 / 1800 / 1900 - SIM 1 & SIM 2;HSDPA 850 / 900 / 1700(AWS) / 1900 / 2100;1, 2, 3, 4, 5, 7, 8, 12, 17, 19, 20;;HSPA, LTE;2022, July 16;Available. Released 2022, July 16;150 x 78.9 x 14.4 mm (5.91 x 3.11 x 0.57 in);227 g (8.01 oz);Hybrid Dual SIM (Nano-SIM, dual stand-by);IP68 dust/water resistant (up to 1.5m for 30 min)Drop-to-concrete resistance from up to 1.2mMIL-STD-810G compliant;IPS LCD;5.0 inches, 68.9 cm(~58.2% screen-to-body ratio);720 x 1280 pixels, 16:9 ratio (~294 ppi density);;Android 12;Mediatek MT6761 Helio A22 (12 nm);Quad-core 2.0 GHz Cortex-A53;PowerVR GE8320;microSDXC (uses shared SIM slot);32GB 4GB RAM;13 MP, f/2.2, (wide), AF;Dual-LED flash;1080p@30fps;5 MP, f/2.2;720p@30fps;Wi-Fi 802.11 a/b/g/n/ac, dual-band;5.0, A2DP, LE;GPS, GLONASS, BDS, GALILEO;Yes;Stereo FM radio, RDS, recording;microUSB 2.0;Accelerometer, proximity, compass;Li-Po 4000 mAh, non-removable;Black, Orange;;eMMC 5.1;;;;;;;;;
https://www.gsmarena.com/ulefone_note_12-11680.php;https://fdn2.gsmarena.com/vv/bigpic/ulefone-note12.jpg;Ulefone Note 12;Released 2022, July;237g, 10.2mm thickness;Android 11;128GB storage, microSDXC;2;0.1%;22,474 hits;"6.82""";720x1640 pixels;4 GB RAM;Unisoc Tiger T310;7700 mAh Li-Po;GSM 850 / 900 / 1800 / 1900 - SIM 1 & SIM 2;HSDPA 850 / 900 / 1700(AWS) / 1900 / 2100;1, 2, 3, 4, 5, 7, 8, 12, 17, 19, 20, 26, 66;;HSPA, LTE;2022, July;Available. Released 2022, July;173.6 x 79.1 x 10.2 mm (6.83 x 3.11 x 0.40 in);237 g (8.36 oz);Dual SIM (Nano-SIM, dual stand-by);;IPS LCD;6.82 inches, 110.5 cm(~80.4% screen-to-body ratio);720 x 1640 pixels (~263 ppi density);;Android 11;Unisoc Tiger T310 (12nm);Quad-core (1x2.0 GHz Cortex-A75 & 3x1.8 GHz Cortex-A55);PowerVR GE8300;microSDXC (dedicated slot);128GB 4GB RAM;13 MP, (wide), AF2 MP, (macro)2 MP, (depth);LED flash, HDR, panorama;1080p@30fps;8 MP;Yes;Wi-Fi 802.11 b/g/n;4.2, A2DP;GPS, GLONASS, BDS;No;Stereo FM radio, RDS, recording;USB Type-C 2.0;Fingerprint (side-mounted), accelerometer, proximity;Li-Po 7700 mAh, non-removable;Black, Red, Blue;;;;HDR;;;;;;;
https://www.gsmarena.com/ulefone_note_6t-11537.php;https://fdn2.gsmarena.com/vv/bigpic/ulefone-note6t.jpg;Ulefone Note 6T;Released 2022, May 13;163g, 8.5mm thickness;Android 12;64GB storage, microSDXC;1;0.1%;22,058 hits;"6.1""";720x1560 pixels;3 GB RAM;Helio A22;3300 mAh Li-Po;GSM 850 / 900 / 1800 / 1900 - SIM 1 & SIM 2;HSDPA 850 / 900 / 1700(AWS) / 1900 / 2100;1, 2, 3, 4, 5, 7, 8, 12, 17, 19, 20, 26, 66;;HSPA 21.1/5.76 Mbps;2022, May 13;Available. Released 2022, May 13;155.4 x 73.4 x 8.5 mm (6.12 x 2.89 x 0.33 in);163 g (5.75 oz);Dual SIM (Nano-SIM, dual stand-by);;IPS LCD;6.1 inches, 91.3 cm(~80.1% screen-to-body ratio);720 x 1560 pixels, 19.5:9 ratio (~282 ppi density);;Android 12;Mediatek MT6761 Helio A22 (12 nm);Quad-core 2.0 GHz Cortex-A53;PowerVR GE8320;microSDXC (dedicated slot);64GB 3GB RAM;13 MP, (wide), AF2 MP, (depth);LED flash;1080p@30fps;5 MP;Yes;Wi-Fi 802.11 a/b/g/n/ac, dual-band, Wi-Fi Direct;5.0, A2DP, LE;GPS, GLONASS, GALILEO, BDS;No;Stereo FM radio, RDS, recording;microUSB 2.0;Accelerometer, proximity;Li-Po 3300 mAh, non-removable;Black, Green, Purple, Red;;eMMC 5.1;;;;;;;;;
https://www.gsmarena.com/ulefone_power_armor_14_pro-11440.php;https://fdn2.gsmarena.com/vv/bigpic/ulefone-power-armor-14-pro-.jpg;Ulefone Power Armor 14 Pro;Released 2022, March 09;358.2g, 17.2mm thickness;Android 12;128GB storage, microSDXC;21;0.4%;112,617 hits;"6.52""";720x1600 pixels;6 GB RAM;Helio G85;10000 mAh Li-Po;GSM 850 / 900 / 1800 / 1900 - SIM 1 & SIM 2;HSDPA 850 / 900 / 1700(AWS) / 1900 / 2100;1, 2, 3, 4, 5, 7, 8, 12, 13, 17, 18, 19, 20, 25, 26, 28, 38, 40;;HSPA, LTE;2022, March 09;Available. Released 2022, March 09;175.6 x 82.5 x 17.2 mm (6.91 x 3.25 x 0.68 in);358.2 g (12.63 oz);Hybrid Dual SIM (Nano-SIM, dual stand-by);IP68 dust/water resistant (up to 1.5m for 30 min)Drop-to-concrete resistance from up to 1.5mMIL-STD-810G compliant;IPS LCD;6.52 inches, 102.6 cm(~70.8% screen-to-body ratio);720 x 1600 pixels, 20:9 ratio (~269 ppi density);Corning Gorilla Glass 3;Android 12;Mediatek MT6769Z Helio G85 (12nm);Octa-core (2x2.0 GHz Cortex-A75 & 6x1.8 GHz Cortex-A55);Mali-G52 MC2;microSDXC (uses shared SIM slot);128GB 6GB RAM;"20 MP, f/1.8, 26mm (wide), 1/2.78"", 1.0µm, PDAF2 MP, f/2.8, (macro)2 MP, f/2.4, (depth)";LED flash, HDR, panorama;1080p@30fps;16 MP, f/2.2;1080p@30fps;Wi-Fi 802.11 a/b/g/n/ac, dual-band;5.0, A2DP, LE;GPS, GLONASS, GALILEO, BDS;Yes;FM radio, RDS, recording;USB Type-C 2.0, OTG;Fingerprint (side-mounted), accelerometer, proximity, compass;Li-Po 10000 mAh, non-removable;Black;;eMMC 5.1;;HDR, panorama;;;;;;;
https://www.gsmarena.com/ulefone_armor_x10_pro-11441.php;https://fdn2.gsmarena.com/vv/bigpic/ulefone-armor-x10-pro.jpg;Ulefone Armor X10 Pro;Released 2022, March 10;256g, 14.6mm thickness;Android 11;64GB storage, microSDXC;6;0.2%;49,005 hits;"5.45""";720x1440 pixels;4 GB RAM;Helio P22;5180 mAh Li-Po;GSM 850 / 900 / 1800 / 1900 - SIM 1 & SIM 2;HSDPA 850 / 900 / 1700(AWS) / 1900 / 2100;1, 2, 3, 4, 5, 7, 8, 12, 13, 17, 18, 19, 20, 25, 26, 28;;HSPA 21/5.76 Mbps, LTE Cat6 300/150 Mbps;2022, March 10;Available. Released 2022, March 10;158.2 x 76.7 x 14.6 mm (6.23 x 3.02 x 0.57 in);256 g (9.03 oz);Dual SIM (Nano-SIM, dual stand-by);IP68/IP69K dust/water resistant (up to 1.5m for 30 min)Drop-to-concrete resistance from up to 1.2mMIL-STD-810G compliant;IPS LCD;5.45 inches, 76.7 cm(~63.2% screen-to-body ratio);720 x 1440 pixels, 18:9 ratio (~295 ppi density);;Android 11;Mediatek MT6762 Helio P22 (12 nm);Octa-core 2.0 GHz Cortex-A53;PowerVR GE8320;microSDXC (dedicated slot);64GB 4GB RAM;"20 MP, f/1.8, 26mm (wide), 1/2.78"", 1.0µm, PDAF2 MP, (depth)";Dual-LED flash;1080p@30fps;5 MP, f/2.2;1080p@30fps;Wi-Fi 802.11 a/b/g/n/ac, dual-band, Wi-Fi Direct;5.0, A2DP, LE;GPS, GLONASS, GALILEO, BDS;Yes;FM radio, RDS, recording;USB Type-C 2.0, OTG;Accelerometer, proximity, compass;Li-Po 5180 mAh, non-removable;Black/Gray;About 170 EUR;eMMC 5.1;;HDR;;;;;;;
https://www.gsmarena.com/ulefone_note_10p-11442.php;https://fdn2.gsmarena.com/vv/bigpic/ulefone-note-10p.jpg;Ulefone Note 10P;Released 2022, March 23;203g, 9.7mm thickness;Android 11;128GB storage, microSDXC;3;0.1%;25,001 hits;"6.52""";720x1600 pixels;3 GB RAM;Unisoc Tiger T310;5500 mAh Li-Po;GSM 850 / 900 / 1800 / 1900 - SIM 1 & SIM 2;HSDPA 850 / 900 / 1700(AWS) / 1900 / 2100;1, 2, 3, 4, 5, 7, 8, 12, 17, 19, 20, 26, 66;;HSPA, LTE;2022, March 23;Available. Released 2022, March 23;165.2 x 76.7 x 9.7 mm (6.50 x 3.02 x 0.38 in);203 g (7.16 oz);Dual SIM (Nano-SIM/Micro-SIM, dual stand-by);;IPS LCD;6.52 inches, 102.6 cm(~81.0% screen-to-body ratio);720 x 1600 pixels, 20:9 ratio (~269 ppi density);;Android 11;Unisoc Tiger T310 (12nm);Quad-core (1x2.0 GHz Cortex-A75 & 3x1.8 GHz Cortex-A55);PowerVR GE8300;microSDXC (dedicated slot);128GB 3GB RAM;13 MP, f/2.0, AF2 MP, (macro)2 MP, (depth);LED flash;1080p@30fps;8 MP, f/2.0;;Wi-Fi 802.11 b/g/n;5.0, A2DP, LE;GPS, GLONASS;No;Stereo FM radio, RDS, recording;microUSB 2.0, OTG;Fingerprint (rear-mounted), accelerometer, proximity;Li-Po 5500 mAh, non-removable;Moonlight Black, Aurora Red, Emerald Green;About 110 EUR;eMMC 5.1;;;Plastic frame, plastic back;;;;;;
https://www.gsmarena.com/ulefone_armor_x10-11291.php;https://fdn2.gsmarena.com/vv/bigpic/ulefone-armor-x10.jpg;Ulefone Armor X10;Released 2021, December 24;256g, 14.6mm thickness;Android 11;32GB storage, microSDXC;5;0.1%;57,204 hits;"5.45""";720x1440 pixels;4 GB RAM;Helio A22;5180 mAh Li-Po;GSM 850 / 900 / 1800 / 1900 - SIM 1 & SIM 2;HSDPA 850 / 900 / 1700(AWS) / 1900 / 2100;1, 2, 3, 4, 5, 7, 8, 12, 13, 17, 18, 19, 20, 25, 26, 28;;HSPA 21/5.76 Mbps, LTE Cat6 300/150 Mbps;2021, December 24;Available. Released 2021, December 24;158.2 x 76.7 x 14.6 mm (6.23 x 3.02 x 0.57 in);256 g (9.03 oz);Dual SIM (Nano-SIM, dual stand-by);IP68/IP69K dust/water resistant (up to 1.5m for 30 min)Drop-to-concrete resistance from up to 1.2mMIL-STD-810G compliant;IPS LCD;5.45 inches, 76.7 cm(~63.2% screen-to-body ratio);720 x 1440 pixels, 18:9 ratio (~295 ppi density);;Android 11;Mediatek MT6761 Helio A22 (12 nm);Quad-core 2.0 GHz Cortex-A53;PowerVR GE8320;microSDXC (dedicated slot);32GB 4GB RAM;13 MP, f/2.2, (wide), AF2 MP, (depth);Dual-LED flash;1080p@30fps;5 MP, f/2.2;1080p@30fps;Wi-Fi 802.11 a/b/g/n/ac, Wi-Fi Direct;5.0, A2DP, LE;GPS, GLONASS, GALILEO, BDS;Yes;FM radio, RDS, recording;USB Type-C 2.0, OTG;Accelerometer, proximity, compass;Li-Po 5180 mAh, non-removable;Black/Gray;About 130 EUR;eMMC 5.1;;HDR;;;;;;;
https://www.gsmarena.com/ulefone_note_13p-11245.php;https://fdn2.gsmarena.com/vv/bigpic/ulefone-note-13p.jpg;Ulefone Note 13P;Released 2021, November 24;198.5g, 9.9mm thickness;Android 11;64GB storage, microSDXC;9;0.1%;61,053 hits;"6.5""";1080x2400 pixels;4 GB RAM;Helio G35;5180 mAh Li-Po;GSM 850 / 900 / 1800 / 1900 - SIM 1 & SIM 2;HSDPA 850 / 900 / 1700(AWS) / 1900 / 2100;1, 2, 3, 4, 5, 7, 8, 12, 13, 17, 18, 19, 20, 25, 26, 28;;HSPA, LTE;2021, November 24;Available. Released 2021, November 24;162.3 x 75.7 x 9.9 mm (6.39 x 2.98 x 0.39 in);198.5 g (7.02 oz);Dual SIM (Nano-SIM, dual stand-by);;IPS LCD;6.5 inches, 102.0 cm(~83.0% screen-to-body ratio);1080 x 2400 pixels, 20:9 ratio (~405 ppi density);;Android 11;Mediatek MT6765G Helio G35 (12 nm);Octa-core (4x2.3 GHz Cortex-A53 & 4x1.8 GHz Cortex-A53);PowerVR GE8320;microSDXC (dedicated slot);64GB 4GB RAM;20 MP, f/1.8, 25mm (wide), 1/2.78, 1.0µm, AF2 MP, f/2.8, (macro);LED flash, HDR, panorama;1080p@30fps;16 MP, f/2.2, (wide), 1/3.09, 1.0µm;1080p@30fps;Wi-Fi 802.11 a/b/g/n/ac, dual-band;5.0, A2DP, LE;GPS, GLONASS, GALILEO, BDS;Yes;Stereo FM radio, RDS, recording;USB Type-C 2.0;Fingerprint (side-mounted), accelerometer, proximity, compass;Li-Po 5180 mAh, non-removable;Starry Black, Mystery Blue;About 130 EUR;eMMC 5.1;;HDR;;;;;;;
https://www.gsmarena.com/ulefone_note_12p-11184.php;https://fdn2.gsmarena.com/vv/bigpic/ulefone-note-12p.jpg;Ulefone Note 12P;Released 2021, October 25;237g, 10.2mm thickness;Android 11;64GB storage, microSDXC;2;0.1%;46,741 hits;"6.82""";720x1640 pixels;4 GB RAM;Unisoc SC9863A;7700 mAh Li-Po;GSM 850 / 900 / 1800 / 1900 - SIM 1 & SIM 2;HSDPA 850 / 900 / 1700(AWS) / 1900 / 2100;1, 2, 3, 4, 5, 7, 8, 12, 17, 19, 20;;HSPA, LTE;2021, October 25;Available. Released 2021, October 25;173.6 x 79.1 x 10.2 mm (6.83 x 3.11 x 0.40 in);237 g (8.36 oz);Dual SIM (Nano-SIM, dual stand-by);;IPS LCD;6.82 inches, 110.5 cm(~80.4% screen-to-body ratio);720 x 1640 pixels (~263 ppi density);;Android 11;Unisoc SC9863A (28nm);Octa-core (4x1.6 GHz Cortex-A55 & 4x1.2 GHz Cortex-A55);IMG8322;microSDXC (dedicated slot);64GB 4GB RAM;13 MP, (wide), AF2 MP, (macro)2 MP, (depth);LED flash, HDR, panorama;1080p@30fps;8 MP;720p@30fps;Wi-Fi 802.11 b/g/n;4.2, A2DP;GPS, GLONASS, BDS;No;Stereo FM radio, RDS, recording;USB Type-C 2.0;Fingerprint (side-mounted), accelerometer, proximity;Li-Po 7700 mAh, non-removable;Black, Red, Blue;About 130 EUR;eMMC 5.1;;HDR;;;;;;;
https://www.gsmarena.com/ulefone_note_6p-11183.php;https://fdn2.gsmarena.com/vv/bigpic/ulefone-note-6p.jpg;Ulefone Note 6P;Released 2021, October 25;155g, 8.5mm thickness;Android 11;32GB storage, microSDXC;3;0.1%;29,977 hits;"6.1""";720x1560 pixels;2 GB RAM;Unisoc SC9863A;3300 mAh Li-Po;GSM 850 / 900 / 1800 / 1900 - SIM 1 & SIM 2;HSDPA 850 / 900 / 2100;1, 3, 5, 7, 8, 20;;HSPA 21.1/5.76 Mbps, LTE;2021, October 25;Available. Released 2021, October 25;155.4 x 73.4 x 8.5 mm (6.12 x 2.89 x 0.33 in);155 g (5.47 oz);Dual SIM (Nano-SIM, dual stand-by);;IPS LCD;6.1 inches, 91.3 cm(~80.1% screen-to-body ratio);720 x 1560 pixels, 19.5:9 ratio (~282 ppi density);;Android 11 (Go edition);Unisoc SC9863A (28nm);Octa-core (4x1.6 GHz Cortex-A55 & 4x1.2 GHz Cortex-A55);IMG8322;microSDXC (dedicated slot);32GB 2GB RAM;8 MP;LED flash;1080p@30fps;5 MP;;Wi-Fi 802.11 b/g/n;4.2, A2DP;GPS, GLONASS, BDS;No;Stereo FM radio, RDS, recording;microUSB 2.0;Accelerometer, proximity;Li-Po 3300 mAh, non-removable;Black, Green, Purple, Red;About 90 EUR;eMMC 5.1;;;;;;;;;
https://www.gsmarena.com/ulefone_power_armor_14-11170.php;https://fdn2.gsmarena.com/vv/bigpic/ulefone-power-armor-14.jpg;Ulefone Power Armor 14;Released 2021, October 15;358.2g, 17.2mm thickness;Android 11;64GB storage, microSDXC;16;0.2%;98,039 hits;"6.52""";720x1600 pixels;4 GB RAM;Helio G35;10000 mAh Li-Po;GSM 850 / 900 / 1800 / 1900 - SIM 1 & SIM 2;HSDPA 850 / 900 / 1700(AWS) / 1900 / 2100;1, 2, 3, 4, 5, 7, 8, 12, 13, 17, 18, 19, 20, 25, 26, 28, 38, 40;;HSPA, LTE;2021, October 15;Available. Released 2021, October 15;175.6 x 82.5 x 17.2 mm (6.91 x 3.25 x 0.68 in);358.2 g (12.63 oz);Hybrid Dual SIM (Nano-SIM, dual stand-by);IP68 dust/water resistant (up to 1.5m for 30 min)Drop-to-concrete resistance from up to 1.5mMIL-STD-810G compliant;IPS LCD;6.52 inches, 102.6 cm(~70.8% screen-to-body ratio);720 x 1600 pixels, 20:9 ratio (~269 ppi density);Corning Gorilla Glass 3;Android 11;Mediatek MT6765G Helio G35 (12 nm);Octa-core (4x2.3 GHz Cortex-A53 & 4x1.8 GHz Cortex-A53);PowerVR GE8320;microSDXC (uses shared SIM slot);64GB 4GB RAM;"20 MP, f/1.8, 26mm (wide), 1/2.78"", 1.0µm, PDAF2 MP, f/2.8, (macro)2 MP, f/2.4, (depth)";LED flash, HDR, panorama;1080p@30fps;16 MP, f/2.2;1080p@30fps;Wi-Fi 802.11 a/b/g/n/ac, dual-band;5.0, A2DP, LE;GPS, GLONASS, GALILEO, BDS;Yes;FM radio, RDS, recording;USB Type-C 2.0, OTG;Fingerprint (side-mounted), accelerometer, proximity, compass;Li-Po 10000 mAh, non-removable;Black;About 230 EUR;eMMC 5.1;;HDR, panorama;;;;;;;
https://www.gsmarena.com/ulefone_armor_x9_pro-11155.php;https://fdn2.gsmarena.com/vv/bigpic/ulefone-armor-x9-pro.jpg;Ulefone Armor X9 Pro;Released 2021, September 07;235g, 13.9mm thickness;Android 11;64GB storage, microSDXC;4;0.1%;51,041 hits;"5.5""";720x1440 pixels;4 GB RAM;Helio A25;5000 mAh Li-Po;GSM 850 / 900 / 1800 / 1900 - SIM 1 & SIM 2;HSDPA 850 / 900 / 1700(AWS) / 1900 / 2100;1, 2, 3, 4, 5, 7, 8, 12, 17, 19, 20, 28;;HSPA 21/5.76 Mbps, LTE Cat6 300/150 Mbps;2021, September 07;Available. Released 2021, September 07;158 x 77.5 x 13.9 mm (6.22 x 3.05 x 0.55 in);235 g (8.29 oz);Hybrid Dual SIM (Nano-SIM, dual stand-by);IP68/IP69K dust/water resistant (up to 1.5m for 30 min)Drop-to-concrete resistance from up to 1.2mMIL-STD-810G compliant;IPS LCD;5.5 inches, 78.1 cm(~63.8% screen-to-body ratio);720 x 1440 pixels, 18:9 ratio (~293 ppi density);;Android 11;Mediatek MT6762D Helio A25 (12 nm);Octa-core (4x1.8 GHz Cortex-A53 & 4x1.5 GHz Cortex-A53);PowerVR GE8320;microSDXC (uses shared SIM slot);64GB 4GB RAM;13 MP, f/2.2, (wide), AF2 MP, (depth);Dual-LED flash, HDR, panorama;1080p@30fps;5 MP;1080p@30fps;Wi-Fi 802.11 a/b/g/n/ac, Wi-Fi Direct;5.0, A2DP, LE;GPS, GLONASS, GALILEO, BDS;Yes;FM radio, RDS, recording;microUSB 2.0, OTG;Accelerometer, proximity, compass;Li-Po 5000 mAh, non-removable;Red, Black, Green;About 160 EUR;eMMC 5.1;;HDR;;;;;;;
https://www.gsmarena.com/ulefone_armor_x9-11154.php;https://fdn2.gsmarena.com/vv/bigpic/ulefone-armor-x9.jpg;Ulefone Armor X9;Released 2021, September 07;235g, 13.9mm thickness;Android 11;32GB storage, microSDXC;1;0.1%;34,311 hits;"5.5""";720x1440 pixels;3 GB RAM;Helio A25;5000 mAh Li-Po;GSM 850 / 900 / 1800 / 1900 - SIM 1 & SIM 2;HSDPA 850 / 900 / 1700(AWS) / 1900 / 2100;1, 2, 3, 4, 5, 7, 8, 12, 17, 19, 20, 28;;HSPA 21/5.76 Mbps, LTE Cat6 300/150 Mbps;2021, September 07;Available. Released 2021, September 07;158 x 77.5 x 13.9 mm (6.22 x 3.05 x 0.55 in);235 g (8.29 oz);Hybrid Dual SIM (Nano-SIM, dual stand-by);IP68/IP69K dust/water resistant (up to 1.5m for 30 min)Drop-to-concrete resistance from up to 1.2mMIL-STD-810G compliant;IPS LCD;5.5 inches, 78.1 cm(~63.8% screen-to-body ratio);720 x 1440 pixels, 18:9 ratio (~293 ppi density);;Android 11;Mediatek MT6762D Helio A25 (12 nm);Octa-core (4x1.8 GHz Cortex-A53 & 4x1.5 GHz Cortex-A53);PowerVR GE8320;microSDXC (uses shared SIM slot);32GB 3GB RAM;13 MP, f/2.2, (wide), AF2 MP, (depth);Dual-LED flash, HDR, panorama;1080p@30fps;5 MP;1080p@30fps;Wi-Fi 802.11 a/b/g/n/ac, Wi-Fi Direct;5.0, A2DP, LE;GPS, GLONASS, GALILEO, BDS;Yes;FM radio, RDS, recording;microUSB 2.0, OTG;Accelerometer, proximity, compass;Li-Po 5000 mAh, non-removable;Red, Black, Green;About 150 EUR;eMMC 5.1;;HDR;;;;;;;
https://www.gsmarena.com/ulefone_armor_x8i-11130.php;https://fdn2.gsmarena.com/vv/bigpic/ulefone-armor-x81.jpg;Ulefone Armor X8i;Released 2021, September 23;256g, 13.8mm thickness;Android 11;32GB storage, microSDXC;10;0.1%;37,392 hits;"5.7""";720x1440 pixels;3 GB RAM;Helio A25;5080 mAh Li-Po;GSM 850 / 900 / 1800 / 1900 - SIM 1 & SIM 2;HSDPA 850 / 900 / 1700(AWS) / 1900 / 2100;1, 2, 3, 4, 5, 7, 8, 12, 17, 19, 20, 28;;HSPA 21.1/5.76 Mbps, LTE Cat7 300/150 Mbps;2021, September 23;Available. Released 2021, September 23;160.3 x 79 x 13.8 mm (6.31 x 3.11 x 0.54 in);256 g (9.03 oz);Hybrid Dual SIM (Nano-SIM, dual stand-by);IP68/IP69K dust/water resistant (up to 1.5m for 30 min)Drop-to-concrete resistance from up to 1.2mMIL-STD-810G compliant;IPS LCD;5.7 inches, 83.8 cm(~66.2% screen-to-body ratio);720 x 1440 pixels, 18:9 ratio (~282 ppi density);;Android 11;Mediatek MT6762D Helio A25 (12 nm);Octa-core (4x1.8 GHz Cortex-A53 & 4x1.5 GHz Cortex-A53);PowerVR GE8320;microSDXC (uses shared SIM slot);32GB 3GB RAM;13 MP, f/2.2, (wide), AF2 MP, (depth)2 MP, (depth);Dual-LED flash, HDR, panorama;1080p@30fps;8 MP, f/2.4;1080p@30fps;Wi-Fi 802.11 a/b/g/n/ac, Wi-Fi Direct;5.0, A2DP, LE;GPS, GLONASS, GALILEO, BDS;Yes;FM radio, RDS, recording;USB Type-C 2.0;Fingerprint (rear-mounted), accelerometer, proximity, compass;Li-Po 5080 mAh, non-removable;Black, Orange, Red;About 150 EUR;eMMC 5.1;;;;;;;;;
https://www.gsmarena.com/ulefone_armor_12_5g-11080.php;https://fdn2.gsmarena.com/vv/bigpic/ulefone-armor-12.jpg;Ulefone Armor 12 5G;Released 2021, August 23;296g, 14.3mm thickness;Android 11;128GB storage, microSDXC;6;0.2%;83,886 hits;"6.52""";720x1560 pixels;8 GB RAM;Dimensity 700;5180 mAh Li-Po;GSM 850 / 900 / 1800 / 1900 - SIM 1 & SIM 2;HSDPA 850 / 900 / 1700(AWS) / 1900 / 2100;1, 2, 3, 4, 5, 7, 8, 12, 13, 17, 18, 19, 20, 25, 26, 28, 34, 38, 39, 40, 41, 66;1, 3, 28, 38, 41, 77, 78 SA/NSA;HSPA, LTE-A, 5G;2021, August 14;Available. Released 2021, August 23;175.9 x 82.5 x 14.3 mm (6.93 x 3.25 x 0.56 in);296 g (10.44 oz);Dual SIM (Nano-SIM, dual stand-by);IP68 dust/water resistant (up to 1.5m for 30 min)Drop-to-concrete resistance from up to 1.2mMIL-STD-810G compliant;IPS LCD;6.52 inches, 104.4 cm(~71.9% screen-to-body ratio);720 x 1560 pixels, 19.5:9 ratio (~264 ppi density);;Android 11;Mediatek MT6833 Dimensity 700 (7 nm);Octa-core (2x2.2 GHz Cortex-A76 & 6x2.0 GHz Cortex-A55);Mali-G57 MC2;microSDXC;128GB 8GB RAM;"48 MP, f/1.8, 26mm (wide), 1/2.0"", 0.8µm, PDAF8 MP, f/2.2, (ultrawide)2 MP, f/2.6, (macro)2 MP, f/2.4, (depth)";Dual-LED flash, HDR, panorama;1440p@30fps;16 MP, f/2.2;1080p@30fps;Wi-Fi 802.11 a/b/g/n/ac, Wi-Fi Direct;5.1, A2DP, LE;GPS, GLONASS, GALILEO, BDS;Yes;Wireless FM radio, RDS;USB Type-C 2.0, OTG;Fingerprint (side-mounted), accelerometer, gyro, proximity, compass, coulombmeter;Li-Po 5180 mAh, non-removable;Black/Orange, Gray/Black;About 370 EUR;;;HDR, panorama;Front glass, aluminum back with rubber, aluminum frame;;;;;;
https://www.gsmarena.com/ulefone_power_armor_13-11066.php;https://fdn2.gsmarena.com/vv/bigpic/ulefone-power-armor-13-.jpg;Ulefone Power Armor 13;Released 2021, July 26;492g, 20.8mm thickness;Android 11;256GB storage, microSDXC;86;0.9%;293,580 hits;"6.81""";1080x2400 pixels;8 GB RAM;Helio G95;13200 mAh Li-Po;GSM 850 / 900 / 1800 / 1900 - SIM 1 & SIM 2;HSDPA 850 / 900 / 1700(AWS) / 1900 / 2100;1, 2, 3, 4, 5, 7, 8, 12, 13, 17, 18, 19, 20, 25, 26, 28, 38, 40, 66;;HSPA 42.2/11.5 Mbps, LTE Cat12 600/150 Mbps;2021, July 22;Available. Released 2021, July 26;183.7 x 85.4 x 20.8 mm (7.23 x 3.36 x 0.82 in);492 g (1.08 lb);Hybrid Dual SIM (Nano-SIM, dual stand-by);IP68 dust/water resistant (up to 1.5m for 30 min)Drop-to-concrete resistance from up to 1.2mMIL-STD-810G compliant;IPS LCD;6.81 inches, 112.0 cm(~71.4% screen-to-body ratio);1080 x 2400 pixels, 20:9 ratio (~386 ppi density);Corning Gorilla Glass 3;Android 11;Mediatek Helio G95 (12 nm);Octa-core (2x2.05 GHz Cortex-A76 & 6x2.0 GHz Cortex-A55);Mali-G76 MC4;microSDXC (uses shared SIM slot);256GB 8GB RAM;"48 MP, f/1.8, 26mm (wide), 1/2.0"", 0.8µm, PDAF8 MP, f/2.2, (ultrawide)2 MP, f/2.6, (macro)2 MP, f/2.4, (depth)";Quad-LED flash, HDR, panorama;4K@30fps, 1080p@30fps;16 MP, f/2.2;1080p@30fps;Wi-Fi 802.11 a/b/g/n/ac, dual-band;5.0, A2DP, LE;GPS, GLONASS, GALILEO, BDS;Yes;FM radio, RDS, recording;;Fingerprint (side-mounted), accelerometer, gyro, proximity, compass, baroceptor, coulombmeter;Li-Po 13200 mAh, non-removable;Black;;;"Infrared distance measure (error range: 1~20m, ±10mm; 20~40m, ±25mm)";HDR, panorama;;AnTuTu: 294194 (v8), 351678 (v9)GeekBench: 1610 (v5.1)GFXBench: 18fps (ES 3.1 onscreen);;;;;
https://www.gsmarena.com/ulefone_note_6-11065.php;https://fdn2.gsmarena.com/vv/bigpic/ulefone-note6.jpg;Ulefone Note 6;Released 2021, July 11;155g, 8.5mm thickness;Android 11;32GB storage, microSDXC;2;0.1%;43,697 hits;"6.1""";720x1560 pixels;1 GB RAM;Unisoc SC7731e;3300 mAh Li-Po;GSM 850 / 900 / 1800 / 1900 - SIM 1 & SIM 2;HSDPA 850 / 900 / 1900 / 2100;;;HSPA 21.1/5.76 Mbps;2021, July 11;Available. Released 2021, July 11;155.4 x 73.4 x 8.5 mm (6.12 x 2.89 x 0.33 in);155 g (5.47 oz);Dual SIM (Micro-SIM/Nano-SIM, dual stand-by);;IPS LCD;6.1 inches, 91.3 cm(~80.1% screen-to-body ratio);720 x 1560 pixels, 19.5:9 ratio (~282 ppi density);;Android 11 (Go edition);Unisoc SC7731e;Quad-core 1.3 GHz Cortex-A7;Mali-T820 MP1;microSDXC (dedicated slot);32GB 1GB RAM;5 MP;LED flash;1080p@30fps;2 MP;;Wi-Fi 802.11 b/g/n;4.2, A2DP;GPS;No;Stereo FM radio, RDS, recording;microUSB 2.0;Accelerometer, proximity;Li-Po 3300 mAh, non-removable;Black, Green, Purple, Red;;eMMC 5.1;;;;;;;;;
https://www.gsmarena.com/ulefone_tab_a7-10994.php;https://fdn2.gsmarena.com/vv/bigpic/ulefone-tab-a7.jpg;Ulefone Tab A7;Released 2021, May 27;566g, 7.9mm thickness;Android 11;64GB storage, microSDXC;11;N/A;44,084 hits;"10.1""";1200x1920 pixels;4 GB RAM;Unisoc SC9863A;7680 mAh Li-Po;GSM 850 / 900 / 1800 / 1900 - SIM 1 & SIM 2;HSDPA 850 / 900 / 1900 / 2100;1, 2, 3, 5, 7, 8, 20;;HSPA 21.1/5.76 Mbps, LTE Cat4 150/50 Mbps;2021, May 27;Available. Released 2021, May 27;243.6 x 162.4 x 7.9 mm (9.59 x 6.39 x 0.31 in);566 g (1.25 lb);Dual SIM (Nano-SIM, dual stand-by);;IPS LCD;10.1 inches, 295.8 cm(~74.8% screen-to-body ratio);1200 x 1920 pixels, 16:10 ratio (~224 ppi density);;Android 11;Unisoc SC9863A (28nm);Octa-core (4x1.6 GHz Cortex-A55 & 4x1.2 GHz Cortex-A55);IMG8322;microSDXC (uses shared SIM slot);64GB 4GB RAM;13 MP;LED flash, HDR, panorama;4K@30fps, 1080p@30fps;5 MP;;Wi-Fi 802.11 a/b/g/n/ac, dual-band;5.0, A2DP, LE;GPS, GLONASS, BDS;No;FM radio, RDS, recording;USB Type-C 2.0, OTG;Accelerometer, proximity;Li-Po 7680 mAh, non-removable;Space Gray;About 130 EUR;eMMC 5.1;;;;;;;;;
https://www.gsmarena.com/ulefone_armor_11t_5g-10974.php;https://fdn2.gsmarena.com/vv/bigpic/ulefone-armor-11t-5g.jpg;Ulefone Armor 11T 5G;Released 2021, June 07;293g, 14.2mm thickness;Android 11;256GB storage, no card slot;25;0.1%;131,320 hits;"6.1""";720x1560 pixels;8 GB RAM;Dimensity 800;5200 mAh Li-Po;GSM 850 / 900 / 1800 / 1900 - SIM 1 & SIM 2;HSDPA 850 / 900 / 1700(AWS) / 1900 / 2100;1, 2, 3, 4, 5, 7, 8, 12, 13, 17, 18, 19, 20, 25, 26, 28, 34, 38, 39, 40, 41, 66;1, 3, 5, 8, 20, 28, 38, 41, 77, 78, 79 SA/NSA;HSPA, LTE-A, 5G;2021, May 29;Available. Released 2021, June 07;163.8 x 81.6 x 14.2 mm (6.45 x 3.21 x 0.56 in);293 g (10.34 oz);Dual SIM (Nano-SIM, dual stand-by);IP69K dust/water resistant (up to 1.5m for 30 min)Drop-to-concrete resistance from up to 1.2mMIL-STD-810G compliant;IPS LCD;6.1 inches, 91.3 cm(~68.3% screen-to-body ratio);720 x 1560 pixels, 19.5:9 ratio (~282 ppi density);Oleophobic coating;Android 11;Mediatek MT6873 Dimensity 800 (7 nm);Octa-core (4x2.0 GHz Cortex-A76 & 4x2.0 GHz Cortex-A55);Mali-G57 MP4;No;256GB 8GB RAM;"48 MP, f/1.8, 26mm (wide), 1/2.0"", 0.8µm, PDAFFLIR thermal camera (Lepton module)5 MP2 MP, f/2.4, (macro)2 MP, f/2.4, (depth)";Dual-LED dual-tone flash, HDR, panorama;4K@30fps, 1080p@30fps;16 MP, f/2.0;1080p@30fps;Wi-Fi 802.11 a/b/g/n/ac, Wi-Fi Direct;5.0, A2DP, LE;GPS, GLONASS, GALILEO, BDS;Yes;FM radio, RDS, recording;USB Type-C 2.0, OTG;Fingerprint (side-mounted), accelerometer, gyro, proximity, compass, baroceptor;Li-Po 5200 mAh, non-removable;Black;About 590 EUR;UFS 2.1;;HDR, panorama;Front glass, aluminum back with rubber, aluminum frame;;;;;;
https://www.gsmarena.com/ulefone_armor_8_pro-10898.php;https://fdn2.gsmarena.com/vv/bigpic/ulefone-armor-8-pro.jpg;Ulefone Armor 8 Pro;Released 2021, April 28;282g, 15mm thickness;Android 11;128GB storage, microSDXC;13;0.1%;94,046 hits;"6.1""";720x1560 pixels;6/8 GB RAM;Helio P60;5580 mAh Li-Po;GSM 850 / 900 / 1800 / 1900 - SIM 1 & SIM 2;HSDPA 850 / 900 / 1700(AWS) / 1900 / 2100;1, 2, 3, 4, 5, 7, 8, 12, 13, 17, 18, 19, 20, 25, 26, 28, 66;;HSPA 42.2/11.5 Mbps, LTE-A Cat7 300/150 Mbps;2021, April 28;Available. Released 2021, April 28;166 x 81.8 x 15 mm (6.54 x 3.22 x 0.59 in);282 g (9.95 oz);Hybrid Dual SIM (Nano-SIM, dual stand-by);IP68 dust/water resistant (up to 1.5m for 30 min)Drop-to-concrete resistance from up to 1.2mMIL-STD-810G compliant;IPS LCD;6.1 inches, 91.3 cm(~67.3% screen-to-body ratio);720 x 1560 pixels, 19.5:9 ratio (~282 ppi density);Scratch-resistant glass, oleophobic coating;Android 11;Mediatek MT6771 Helio P60 (12 nm);Octa-core (4x2.0 GHz Cortex-A73 & 4x2.0 GHz Cortex-A53);Mali-G72 MP3;microSDXC (uses shared SIM slot);128GB 6GB RAM, 128GB 8GB RAM;16 MP, f/2.2, (wide), PDAF5 MP, f/2.4, (macro)2 MP, f/2.2, (depth);LED flash, Panorama, HDR;1080p@30fps;8 MP, f/2.2;1080p@30fps;Wi-Fi 802.11 a/b/g/n/ac, Wi-Fi Direct;4.2, A2DP, LE;GPS, GLONASS, GALILEO, BDS;Yes;FM radio, RDS, recording;USB Type-C 2.0, OTG;Fingerprint (side-mounted), accelerometer, gyro, proximity, compass;Li-Po 5580 mAh, non-removable;Black, Orange, Red;About 190 EUR;;;;Front glass, aluminum back with rubber, aluminum frame;;;;;;
https://www.gsmarena.com/ulefone_armor_11_5g-10782.php;https://fdn2.gsmarena.com/vv/bigpic/ulefone-armor-11-5g.jpg;Ulefone Armor 11 5G;Released 2021, March 08;295g, 14.2mm thickness;Android 10, planned upgrade to Android 11;256GB storage, no card slot;26;0.1%;154,504 hits;"6.1""";720x1560 pixels;8 GB RAM;Dimensity 800;5200 mAh Li-Po;GSM 850 / 900 / 1800 / 1900 - SIM 1 & SIM 2;HSDPA 850 / 900 / 1700(AWS) / 1900 / 2100;1, 2, 3, 4, 5, 7, 8, 12, 13, 17, 18, 19, 20, 25, 26, 28, 34, 38, 39, 40, 41, 66;1, 3, 5, 8, 20, 28, 38, 41, 77, 78, 79 SA/NSA;HSPA, LTE-A, 5G;2021, February 18;Available. Released 2021, March 08;163.8 x 81.6 x 14.2 mm (6.45 x 3.21 x 0.56 in);295 g (10.41 oz);Dual SIM (Nano-SIM, dual stand-by);IP68 dust/water resistant (up to 1.5m for 30 min)Drop-to-concrete resistance from up to 1.2mMIL-STD-810G compliant;IPS LCD;6.1 inches, 91.3 cm(~68.3% screen-to-body ratio);720 x 1560 pixels, 19.5:9 ratio (~282 ppi density);Oleophobic coating;Android 10, planned upgrade to Android 11;Mediatek MT6873 Dimensity 800 (7 nm);Octa-core (4x2.0 GHz Cortex-A76 & 4x2.0 GHz Cortex-A55);Mali-G57 MP4;No;256GB 8GB RAM;"48 MP, f/1.8, 26mm (wide), 1/2.0"", 0.8µm, PDAF13 MP, f/2.4, 125˚ (ultrawide)20 MP, f/1.8, (night vision), 1/2.78"", 1.0µm2 MP, f/2.4, (macro)2 MP, f/2.4, (depth)";Dual-LED dual-tone flash, HDR, panorama;4K@30fps, 1080p@30fps;16 MP, f/2.0;1080p@30fps;Wi-Fi 802.11 a/b/g/n/ac, Wi-Fi Direct;5.0, A2DP, LE;GPS, GLONASS, GALILEO, BDS;Yes;FM radio, RDS, recording;USB Type-C 2.0, OTG;Fingerprint (side-mounted), accelerometer, gyro, proximity, compass, baroceptor;Li-Po 5200 mAh, non-removable;Black;About 480 EUR;UFS 2.1;;HDR, panorama;Front glass, aluminum back with rubber, aluminum frame;;;;;;
https://www.gsmarena.com/ulefone_note_11p-10711.php;https://fdn2.gsmarena.com/vv/bigpic/ulefone-note-11p.jpg;Ulefone Note 11P;Released 2021, March 08;184g, 10mm thickness;Android 11;128GB storage, microSDXC;15;0.1%;122,658 hits;"6.55""";720x1600 pixels;8 GB RAM;Helio P60;4500 mAh Li-Po;GSM 850 / 900 / 1800 / 1900 - SIM 1 & SIM 2;HSDPA 850 / 900 / 1700(AWS) / 1900 / 2100;1, 2, 3, 4, 5, 7, 8, 12, 17, 19, 20, 28;;HSPA, LTE;2021, January 09;Available. Released 2021, March 08;166.9 x 77.2 x 10 mm (6.57 x 3.04 x 0.39 in);184 g (6.49 oz);Dual SIM (Nano-SIM, dual stand-by);;IPS LCD;6.55 inches, 103.6 cm(~80.4% screen-to-body ratio);720 x 1600 pixels, 20:9 ratio (~268 ppi density);;Android 11;Mediatek MT6771 Helio P60 (12 nm);Octa-core (4x2.0 GHz Cortex-A73 & 4x2.0 GHz Cortex-A53);Mali-G72 MP3;microSDXC (dedicated slot);128GB 8GB RAM;48 MP, f/1.8, (wide), PDAF8 MP, f/2.2, (ultrawide)2 MP, f/2.6, (macro)2 MP, f/2.4, (depth);Dual-LED flash;1080p@30fps;8 MP, f/1.8;1080p@30fps;Wi-Fi 802.11 a/b/g/n/ac, dual-band, Wi-Fi Direct;5.0, A2DP, LE;GPS, GLONASS, BDS, GALILEO;No;FM radio;USB Type-C 2.0, OTG;Fingerprint (rear-mounted), accelerometer, gyro, proximity, compass;Li-Po 4500 mAh, non-removable;Black, Red, Green;About 160 EUR;;;;Glass front, plastic back, plastic frame;;;24-bit/192kHz audio;;;
https://www.gsmarena.com/ulefone_note_10-10710.php;https://fdn2.gsmarena.com/vv/bigpic/ulefone-note10.jpg;Ulefone Note 10;Released 2021, January 21;203g, 9.7mm thickness;Android 11;32GB storage, microSDXC;7;0.1%;65,933 hits;"6.52""";720x1600 pixels;2 GB RAM;Unisoc SC9863A;5500 mAh Li-Ion;GSM 850 / 900 / 1800 / 1900 - SIM 1 & SIM 2;HSDPA 850 / 900 / 2100;1, 3, 5, 7, 8, 20;;HSPA, LTE;2021, January 21;Available. Released 2021, January 21;165.2 x 76.7 x 9.7 mm (6.50 x 3.02 x 0.38 in);203 g (7.16 oz);Dual SIM (Nano-SIM/Micro-SIM, dual stand-by);;IPS LCD;6.52 inches, 102.6 cm(~81.0% screen-to-body ratio);720 x 1600 pixels, 20:9 ratio (~269 ppi density);;Android 11 (Go edition);Unisoc SC9863A (28nm);Octa-core (4x1.6 GHz Cortex-A55 & 4x1.2 GHz Cortex-A55);IMG8322;microSDXC (dedicated slot);32GB 2GB RAM;8 MP, f/2.0, AF5 MP, (macro)2 MP, (depth);LED flash;1080p@30fps;8 MP, f/2.0;;Wi-Fi 802.11 b/g/n;4.2, A2DP;GPS;No;Unspecified;microUSB 2.0, OTG;Fingerprint (rear-mounted), accelerometer, proximity;Li-Ion 5500 mAh, non-removable;Black, Red, Aurora Green;About 120 EUR;eMMC 5.1;;;Plastic frame, plastic back;;;;;;
https://www.gsmarena.com/ulefone_armor_mini_2-10702.php;https://fdn2.gsmarena.com/vv/bigpic/ulefone-armor-mini2-01.jpg;Ulefone Armor Mini 2;Released 2021, January 29;158g, 16.6mm thickness;Feature phone;4MB 4MB RAM storage, microSDHC slot;5;0.1%;67,211 hits;"2.4""";240x320 pixels; ;MT6261D;2100 mAh Li-Ion;GSM 850 / 900 / 1800 / 1900 - SIM 1 & SIM 2;;;;;2021, January 18;Available. Released 2021, January 29;138 x 62.5 x 16.6 mm (5.43 x 2.46 x 0.65 in);158 g (5.57 oz);Dual SIM;IP68/IP69K water resistant (up to 1.5m for 30 min)Drop-to-concrete resistance from up to 1.2mFlashlightMIL-STD-810G compliant**does not guarantee ruggedness or use in extreme conditions;TFT LCD, 256K colors;2.4 inches, 17.8 cm(~20.7% screen-to-body ratio);240 x 320 pixels, 4:3 ratio (~167 ppi density);Scratch-proof glass;;Mediatek MT6261D;;;microSDHC (dedicated slot);4MB 4MB RAM;0.3 MP;LED flash;Yes;No;;No;2.4;No;No;FM radio, built-in antenna;microUSB 2.0;No;Li-Ion 2100 mAh, removable;Dark Gray, Camouflage;About 40 EUR;eMMC;MP4 playerMP3/WAV/AAC playerOrganizer;;;;;;Yes;Yes;
https://www.gsmarena.com/ulefone_note_7t-10678.php;https://fdn2.gsmarena.com/vv/bigpic/ulefone-note-7t.jpg;Ulefone Note 7T;Released 2020, November 12;177.5g, 9.7mm thickness;Android 10;16GB storage, microSDXC;2;N/A;34,213 hits;"6.1""";600x1280 pixels;2 GB RAM;Helio A22;3500 mAh Li-Ion;GSM 850 / 900 / 1800 / 1900 - SIM 1 & SIM 2;HSDPA 850 / 900 / 2100;1, 3, 5, 7, 8, 20;;HSPA 42.2/11.5 Mbps, LTE-A Cat7 300/150 Mbps;2020, November 12;Available. Released 2020, November 12;156.1 x 73.7 x 9.7 mm (6.15 x 2.90 x 0.38 in);177.5 g (6.28 oz);Dual SIM;;IPS LCD;6.1 inches, 92.3 cm(~80.2% screen-to-body ratio);600 x 1280 pixels (~232 ppi density);;Android 10;Mediatek MT6761 Helio A22 (12 nm);Octa-core 2.0 GHz Cortex-A53;PowerVR GE8320;microSDXC (dedicated slot);16GB 2GB RAM;8 MP, f/2.0, (wide)2 MP2 MP;LED flash;1080p@30fps;5 MP, f/2.2;;Wi-Fi 802.11 a/b/g/n/ac, dual-band;5.0, A2DP, LE;GPS, GLONASS;No;Stereo FM radio, RDS, recording;microUSB 2.0;Accelerometer, proximity;Li-Ion 3500 mAh, non-removable;Twilight, Black, Midnight Green;;eMMC 5.1;;;;;;;;;0.67 W/kg (head)     0.59 W/kg (body)
https://www.gsmarena.com/ulefone_armor_10_5g-10629.php;https://fdn2.gsmarena.com/vv/bigpic/ulefone-armor-10-5g.jpg;Ulefone Armor 10 5G;Released 2020, December 07;328g, 14.6mm thickness;Android 10, planned upgrade to Android 11;128GB storage, microSDXC;37;0.1%;174,212 hits;"6.67""";1080x2400 pixels;8 GB RAM;Dimensity 800;5800 mAh Li-Po;GSM 850 / 900 / 1800 / 1900 - SIM 1 & SIM 2;HSDPA 850 / 900 / 1700(AWS) / 1900 / 2100;1, 2, 3, 4, 5, 7, 8, 12, 13, 17, 18, 19, 20, 25, 26, 28, 34, 38, 39, 40, 41, 66;1, 3, 41, 77, 78, 79 SA/NSA;HSPA, LTE-A, 5G;2020, November 17;Available. Released 2020, December 07;176.5 x 82.8 x 14.6 mm (6.95 x 3.26 x 0.57 in);328 g (11.57 oz);Hybrid Dual SIM (Nano-SIM, dual stand-by);IP68 dust/water resistant (up to 1.5m for 30 min)Drop-to-concrete resistance from up to 1.2mMIL-STD-810G compliant;IPS LCD;6.67 inches, 107.4 cm(~73.5% screen-to-body ratio);1080 x 2400 pixels, 20:9 ratio (~395 ppi density);Scratch-resistant glass, oleophobic coating;Android 10, planned upgrade to Android 11;Mediatek MT6873 Dimensity 800 (7 nm);Octa-core (4x2.0 GHz Cortex-A76 & 4x2.0 GHz Cortex-A55);Mali-G57 MP4;microSDXC (uses shared SIM slot);128GB 8GB RAM;"64 MP, f/1.9, 26mm (wide), 1/1.72"", 0.8µm, PDAF8 MP, f/2.2, 119˚ (ultrawide)5 MP, f/2.8, (macro)2 MP, f/2.2, (depth)";LED flash, Panorama, HDR;4K@30fps, 1080p@30fps;16 MP, f/2.2;1080p@30fps;Wi-Fi 802.11 a/b/g/n/ac, Wi-Fi Direct;5.2, A2DP, LE;GPS, GLONASS, GALILEO, BDS;Yes;FM radio, RDS, recording;USB Type-C 2.0, OTG;Fingerprint (side-mounted), accelerometer, gyro, proximity, compass, baroceptor, coulombmeter;Li-Po 5800 mAh, non-removable;Black;About 420 EUR;;;;Front glass, aluminum back with rubber, aluminum frame;;;;;;
https://www.gsmarena.com/ulefone_watch_pro-10563.php;https://fdn2.gsmarena.com/vv/bigpic/ulefone-watch-pro.jpg;Ulefone Watch Pro;Released 2020, October 27;40g, 12.2mm thickness;Proprietary OS;No card slot;2;N/A;39,854 hits;"1.55""";320x360 pixels; ;;210 mAh Li-Ion;N/A;N/A;N/A;;No;2020, October 27;Available. Released 2020, October 27;48.7 x 36.1 x 12.2 mm (1.92 x 1.42 x 0.48 in);40 g (1.41 oz);No;50m water resistant, 5ATM (up to 10 min);TFT LCD;1.55 inches;320 x 360 pixels (~311 ppi density);;Proprietary OS;;;;No;;No;;;;;No;5.2, A2DP, LE;No;No;No;No;Accelerometer, gyro, heart rate, SpO2;Li-Ion 210 mAh, non-removable;Black, Gray, Pink;About 50 EUR;;;;Glass front, plastic back, plastic frame;;;;No;No;
https://www.gsmarena.com/ulefone_watch_gps-10562.php;https://fdn2.gsmarena.com/vv/bigpic/ulefone-watch-gps.jpg;Ulefone Watch GPS;Released 2020, October 27;35g, 12mm thickness;Proprietary OS;No card slot;0;N/A;21,558 hits;"1.3""";240x240 pixels; ;;210 mAh Li-Ion;N/A;N/A;N/A;;No;2020, October 27;Available. Released 2020, October 27;42 x 37 x 12 mm (1.65 x 1.46 x 0.47 in);35 g (1.23 oz);No;50m water resistant, 5ATM (up to 10 min);TFT LCD;1.3 inches;240 x 240 pixels (~261 ppi density);;Proprietary OS;;;;No;;No;;;;;No;5.0, A2DP, LE;GPS;No;No;No;Accelerometer, gyro, heart rate;Li-Ion 210 mAh, non-removable;Black/Green, Black/Red, Pink/Blue;About 40 EUR;;;;Glass front, plastic back, plastic frame;;;;No;No;
https://www.gsmarena.com/ulefone_watch-10561.php;https://fdn2.gsmarena.com/vv/bigpic/ulefone-watch.jpg;Ulefone Watch;Released 2020, October 27;35g, 12mm thickness;Proprietary OS;No card slot;0;N/A;20,244 hits;"1.3""";240x240 pixels; ;;210 mAh Li-Ion;N/A;N/A;N/A;;No;2020, October 27;Available. Released 2020, October 27;42 x 37 x 12 mm (1.65 x 1.46 x 0.47 in);35 g (1.23 oz);No;50m water resistant, 5ATM (up to 10 min);TFT LCD;1.3 inches;240 x 240 pixels (~261 ppi density);;Proprietary OS;;;;No;;No;;;;;No;5.0, A2DP, LE;No;No;No;No;Accelerometer, gyro, heart rate;Li-Ion 210 mAh, non-removable;Black, Coral Pink, Turquoise;About 30 EUR;;;;Glass front, plastic back, plastic frame;;;;No;No;
https://www.gsmarena.com/ulefone_armor_x8-10493.php;https://fdn2.gsmarena.com/vv/bigpic/ulefone-armor-x8.jpg;Ulefone Armor X8;Released 2020, October 06;256.3g, 13.8mm thickness;Android 10;64GB storage, microSDXC;16;0.1%;111,121 hits;"5.7""";720x1440 pixels;4 GB RAM;Helio A25;5080 mAh Li-Po;GSM 850 / 900 / 1800 / 1900 - SIM 1 & SIM 2;HSDPA 850 / 900 / 1700(AWS) / 1900 / 2100;1, 2, 3, 4, 5, 7, 8, 12, 17, 19, 20, 28;;HSPA 42.2/11.5 Mbps, LTE Cat6 300/150 Mbps;2020, October 06;Available. Released 2020, October 06;160.3 x 79 x 13.8 mm (6.31 x 3.11 x 0.54 in);256.3 g (9.03 oz);Hybrid Dual SIM (Nano-SIM, dual stand-by);IP68/IP69K dust/water resistant (up to 1.5m for 30 min)Drop-to-concrete resistance from up to 1.2mMIL-STD-810G compliant;IPS LCD;5.7 inches, 83.8 cm(~66.2% screen-to-body ratio);720 x 1440 pixels, 18:9 ratio (~282 ppi density);;Android 10;Mediatek MT6762D Helio A25 (12 nm);Octa-core (4x1.8 GHz Cortex-A53 & 4x1.5 GHz Cortex-A53);PowerVR GE8320;microSDXC (uses shared SIM slot);64GB 4GB RAM;13 MP, f/2.2, (wide), AF2 MP, (depth)2 MP, (depth);Dual-LED flash, HDR, panorama;1080p@30fps;8 MP, f/2.4;1080p@30fps;Wi-Fi 802.11 a/b/g/n/ac, Wi-Fi Direct;5.0, A2DP, LE;GPS, GLONASS, GALILEO, BDS;Yes;;USB Type-C 2.0;Fingerprint (rear-mounted), accelerometer, proximity, compass;Li-Po 5080 mAh, non-removable;Black, Orange;About 130 EUR;eMMC 5.1;;;;;;;;;
https://www.gsmarena.com/ulefone_armor_9e-10441.php;https://fdn2.gsmarena.com/vv/bigpic/ulefone-armor-9e.jpg;Ulefone Armor 9E;Released 2020, September 08;324g, 15mm thickness;Android 10;128GB storage, microSDXC;15;0.1%;73,814 hits;"6.3""";1080x2340 pixels;8 GB RAM;Helio P90;6600 mAh Li-Po;GSM 850 / 900 / 1800 / 1900 - SIM 1 & SIM 2;HSDPA 850 / 900 / 1700(AWS) / 1900 / 2100;1, 2, 3, 4, 5, 7, 8, 12, 13, 17, 18, 19, 20, 25, 26, 28, 34, 38, 39, 40, 41, 66;;HSPA 42.2/11.5 Mbps, LTE Cat12 600/150 Mbps;2020, September 08;Available. Released 2020, September 08;168.2 x 82 x 15 mm (6.62 x 3.23 x 0.59 in);324 g (11.43 oz);Hybrid Dual SIM (Nano-SIM, dual stand-by);IP68/IP69K dust/water resistant (up to 1.5m for 30 min)Drop-to-concrete resistance from up to 1.2mMIL-STD-810G compliant;IPS LCD;6.3 inches, 97.4 cm(~70.6% screen-to-body ratio);1080 x 2340 pixels, 19.5:9 ratio (~409 ppi density);Scratch-resistant glass, oleophobic coating;Android 10;Mediatek MT6779 Helio P90 (12 nm);Octa-core (2x2.2 GHz Cortex-A75 & 6x2.0 GHz Cortex-A55);PowerVR GM9446;microSDXC (uses shared SIM slot);128GB 8GB RAM;"64 MP, f/1.9, 26mm (wide), 1/1.72"", 0.8µm, PDAF8 MP, f/2.4, 100˚ (ultrawide), 1/4.0"", 1.12µm2 MP, f/2.2, (macro)2 MP, f/2.2, (depth)";Quad-LED flash, HDR, panorama;4K@30fps, 1080p@30fps;8 MP, f/2.2;1080p@30fps;Wi-Fi 802.11 a/b/g/n/ac, Wi-Fi Direct;5.0, A2DP, LE;GPS, GLONASS, GALILEO, BDS;Yes;FM radio, RDS, recording;USB Type-C 2.0, OTG, accessory connector;Fingerprint (side-mounted), accelerometer, gyro, proximity, compass, coulombmeter;Li-Po 6600 mAh, non-removable;Black;About 290 EUR;UFS 2.1;Endoscope mount (camera sold separately);HDR, panorama;Front glass, aluminum back with rubber, aluminum frame;;;;;;
https://www.gsmarena.com/ulefone_armor_x5_pro-10440.php;https://fdn2.gsmarena.com/vv/bigpic/ulefone-armor-x5-pro.jpg;Ulefone Armor X5 Pro;Released 2020, September 08;235g, 13.9mm thickness;Android 10;64GB storage, microSDXC;5;N/A;69,814 hits;"5.5""";720x1440 pixels;4 GB RAM;MT6762V;5000 mAh Li-Po;GSM 850 / 900 / 1800 / 1900 - SIM 1 & SIM 2;HSDPA 850 / 900 / 1700(AWS) / 1900 / 2100;1, 2, 3, 4, 5, 7, 8, 12, 13, 17, 19, 20, 28;;HSPA 42.2/11.5 Mbps, LTE-A Cat7 300/150 Mbps;2020, September 08;Available. Released 2020, September 08;158 x 77.5 x 13.9 mm (6.22 x 3.05 x 0.55 in);235 g (8.29 oz);Hybrid Dual SIM (Nano-SIM, dual stand-by);IP68 dust/water resistant (up to 1.5m for 30 min)Drop-to-concrete resistance from up to 1.2mMIL-STD-810G compliant;IPS LCD;5.5 inches, 78.1 cm(~63.8% screen-to-body ratio);720 x 1440 pixels, 18:9 ratio (~293 ppi density);;Android 10;Mediatek MT6762V/WD Helio P22 (12 nm);Octa-core 2.0 GHz Cortex-A53;PowerVR GE8320;microSDXC (uses shared SIM slot);64GB 4GB RAM;13 MP, f/2.0, (wide), PDAF2 MP, (depth);LED flash, Panorama, HDR;1080p@30fps;5 MP, f/2.2;;Wi-Fi 802.11 a/b/g/n/ac, Wi-Fi Direct;5.0, A2DP, LE;GPS, GLONASS, GALILEO, BDS;No;FM radio, RDS, recording;microUSB 2.0;Accelerometer, proximity, compass;Li-Po 5000 mAh, non-removable;Black, Orange, Red;About 110 EUR;eMMC 5.1;;;;;;;;;
https://www.gsmarena.com/ulefone_note_8-10414.php;https://fdn2.gsmarena.com/vv/bigpic/ulefone-note-8.jpg;Ulefone Note 8;Released 2020, August 28;153g, 12mm thickness;Android 10;16GB storage, microSDXC;4;0.1%;83,065 hits;"5.5""";442x960 pixels;2 GB RAM;MT6580;2700 mAh Li-Ion;GSM 850 / 900 / 1800 / 1900 - SIM 1 & SIM 2;HSDPA 850 / 900 / 1700(AWS) / 1900 / 2100;;;HSPA 21.1/5.76 Mbps;2020, August 28;Available. Released 2020, August 28;141.7 x 66.5 x 12 mm (5.58 x 2.62 x 0.47 in);153 g (5.40 oz);Dual SIM;;IPS LCD;5.5 inches, 74.1 cm(~78.7% screen-to-body ratio);442 x 960 pixels, 19.5:9 ratio (~192 ppi density);;Android 10 (Go edition);Mediatek MT6580 (28 nm);Quad-core 1.3 GHz Cortex-A7;Mali-400;microSDXC (dedicated slot);16GB 2GB RAM;5 MP, f/2.82 MP;LED flash, HDR;720p@30fps;2 MP;;Wi-Fi 802.11 b/g/n;4.2, A2DP;GPS;No;Stereo FM radio, RDS, recording;microUSB 2.0;Accelerometer;Li-Ion 2700 mAh, non-removable;Black, Amber Sunrise, Midnight Green;About 70 EUR;eMMC 5.1;;;;;;;;;
https://www.gsmarena.com/ulefone_armor_8-10383.php;https://fdn2.gsmarena.com/vv/bigpic/ulefone-armor-8.jpg;Ulefone Armor 8;Released 2020, August 17;282g, 15mm thickness;Android 10;64GB storage, microSDXC;23;0.1%;126,341 hits;"6.1""";720x1560 pixels;4 GB RAM;Helio P60;5580 mAh Li-Po;GSM 850 / 900 / 1800 / 1900 - SIM 1 & SIM 2;HSDPA 850 / 900 / 1700(AWS) / 1900 / 2100;1, 2, 3, 4, 5, 7, 8, 12, 13, 17, 18, 19, 20, 25, 26, 28, 28, 66;;HSPA 42.2/11.5 Mbps, LTE-A Cat7 300/150 Mbps;2020, August 17;Available. Released 2020, August 17;166 x 81.8 x 15 mm (6.54 x 3.22 x 0.59 in);282 g (9.95 oz);Hybrid Dual SIM (Nano-SIM, dual stand-by);IP68 dust/water resistant (up to 1.5m for 30 min)Drop-to-concrete resistance from up to 1.2mMIL-STD-810G compliant;IPS LCD;6.1 inches, 91.3 cm(~67.3% screen-to-body ratio);720 x 1560 pixels, 19.5:9 ratio (~282 ppi density);Scratch-resistant glass, oleophobic coating;Android 10;Mediatek MT6771 Helio P60 (12 nm);Octa-core (4x2.0 GHz Cortex-A73 & 4x2.0 GHz Cortex-A53);Mali-G72 MP3;microSDXC (uses shared SIM slot);64GB 4GB RAM;16 MP, f/2.2, (wide), PDAF5 MP, f/2.4, (macro)2 MP, f/2.2, (depth);LED flash, Panorama, HDR;1080p@30fps;8 MP, f/2.2;1080p@30fps;Wi-Fi 802.11 a/b/g/n/ac, Wi-Fi Direct;4.2, A2DP, LE;GPS, GLONASS, GALILEO, BDS;Yes;FM radio, RDS, recording;USB Type-C 2.0, OTG;Fingerprint (side-mounted), accelerometer, gyro, proximity, compass, baroceptor, coulombmeter;Li-Po 5580 mAh, non-removable;Black, Orange, Red;About 200 EUR;eMMC 5.1;;;Front glass, aluminum back with rubber, aluminum frame;;;;;;
https://www.gsmarena.com/ulefone_note_9p-10343.php;https://fdn2.gsmarena.com/vv/bigpic/ulefone-note-9p.jpg;Ulefone Note 9P;Released 2020, July 27;188g, 9.2mm thickness;Android 10;64GB storage, microSDXC;8;0.1%;115,470 hits;"6.52""";720x1600 pixels;4 GB RAM;Helio P22;4500 mAh Li-Po;GSM 850 / 900 / 1800 / 1900 - SIM 1 & SIM 2;HSDPA 850 / 900 / 1700(AWS) / 1900 / 2100;1, 2, 3, 4, 5, 7, 8, 12, 17, 19, 20, 28;;HSPA 42.2/11.5 Mbps, LTE-A Cat7 300/150 Mbps;2020, July 27;Available. Released 2020, July 27;166 x 76.7 x 9.2 mm (6.54 x 3.02 x 0.36 in);188 g (6.63 oz);Dual SIM (Nano-SIM, dual stand-by);;IPS LCD;6.52 inches, 102.6 cm(~80.6% screen-to-body ratio);720 x 1600 pixels, 20:9 ratio (~269 ppi density);;Android 10;Mediatek MT6762 Helio P22 (12 nm);Octa-core (4x1.8 GHz & 4x1.5 GHz);PowerVR GE8320;microSDXC (dedicated slot);64GB 4GB RAM;16 MP, f/2.2, AF5 MP, (macro)2 MP, (depth);Dual-LED flash, HDR;1080p@30fps;8 MP, f/2.2;720p@30fps;Wi-Fi 802.11 a/b/g/n/ac, dual-band, Wi-Fi Direct;5.0, A2DP, LE;GPS, GLONASS, GALILEO, BDS;No;Stereo FM radio, RDS, recording;USB Type-C 2.0, OTG;Fingerprint (rear-mounted), accelerometer, proximity, compass;Li-Po 4500 mAh, non-removable;Aurora Blue, Midnight Green, Black;About 120 EUR;eMMC 5.1;;;;;;;;;0.29 W/kg (head)     1.01 W/kg (body)
https://www.gsmarena.com/ulefone_armor_9-10322.php;https://fdn2.gsmarena.com/vv/bigpic/ulefone-armor-9.jpg;Ulefone Armor 9;Released 2020, June 29;320g, 15mm thickness;Android 10;128GB storage, microSDXC;37;0.1%;236,425 hits;"6.3""";1080x2340 pixels;8 GB RAM;Helio P90;6600 mAh Li-Po;GSM 850 / 900 / 1800 / 1900 - SIM 1 & SIM 2;HSDPA 850 / 900 / 1700(AWS) / 1900 / 2100;1, 2, 3, 4, 5, 7, 8, 12, 13, 17, 18, 19, 20, 25, 26, 28, 34, 38, 39, 40, 41, 66;;HSPA 42.2/11.5 Mbps, LTE Cat12 600/150 Mbps;2020, June 29;Available. Released 2020, June 29;168.2 x 82 x 15 mm (6.62 x 3.23 x 0.59 in);320 g (11.29 oz);Hybrid Dual SIM (Nano-SIM, dual stand-by);IP68/IP69K dust/water resistant (up to 1.5m for 30 min)Drop-to-concrete resistance from up to 1.2mMIL-STD-810G compliant;IPS LCD;6.3 inches, 97.4 cm(~70.6% screen-to-body ratio);1080 x 2340 pixels, 19.5:9 ratio (~409 ppi density);Scratch-resistant glass, oleophobic coating;Android 10;Mediatek MT6779 Helio P90 (12 nm);Octa-core (2x2.2 GHz Cortex-A75 & 6x2.0 GHz Cortex-A55);PowerVR GM9446;microSDXC (uses shared SIM slot);128GB 8GB RAM;"64 MP, f/1.9, 26mm (wide), 1/1.72"", 0.8µm, PDAF2 MP, f/2.2, (depth)FLIR thermal camera (Lepton module)";Thermal imaging, heat palettes, temp. spot meter, quad-LED flash, panorama;1080p@30fps;8 MP, f/2.2;1080p@30fps;Wi-Fi 802.11 a/b/g/n/ac, Wi-Fi Direct;5.0, A2DP, LE;GPS, GLONASS, GALILEO, BDS;Yes;FM radio, RDS, recording;USB Type-C 2.0, OTG, accessory connector (endoscope);Fingerprint (side-mounted), accelerometer, gyro, proximity, compass, baroceptor, coulombmeter;Li-Po 6600 mAh, non-removable;Black;About 550 EUR;UFS 2.1;;;Front glass, aluminum back with rubber, aluminum frame;AnTuTu: 197000 (v8)GeekBench: 1498 (v5.1)GFXBench: 7.9fps (ES 3.1 onscreen);;;;;
https://www.gsmarena.com/ulefone_note_8p-10294.php;https://fdn2.gsmarena.com/vv/bigpic/ulefone-note-8p.jpg;Ulefone Note 8P;Released 2020, June 08;153g, 12mm thickness;Android 10;16GB storage, microSDXC;5;0.1%;111,333 hits;"5.5""";442x960 pixels;2 GB RAM;MT6737;2700 mAh Li-Ion;GSM 850 / 900 / 1800 / 1900 - SIM 1 & SIM 2;HSDPA 850 / 900 / 1900 / 2100;1, 3, 7, 8, 20;;HSPA 21.1/5.76 Mbps, LTE Cat4 150/50 Mbps;2020, June 08;Available. Released 2020, June 08;141.7 x 66.5 x 12 mm (5.58 x 2.62 x 0.47 in);153 g (5.40 oz);Dual SIM (Micro-SIM/Nano-SIM, dual stand-by);;IPS LCD;5.5 inches, 74.1 cm(~78.7% screen-to-body ratio);442 x 960 pixels, 19.5:9 ratio (~192 ppi density);;Android 10 (Go edition);Mediatek MT6737 (28 nm);Quad-core 1.3 GHz Cortex-A53;Mali-T720MP1;microSDXC (dedicated slot);16GB 2GB RAM;8 MP, f/2.0, AF2 MP;LED flash, HDR;720p@30fps;5 MP, f/2.2;720p@30fps;Wi-Fi 802.11 a/b/g/n, Wi-Fi Direct;4.2, A2DP, LE;GPS;No;Stereo FM radio, RDS, recording;microUSB 2.0;Accelerometer;Li-Ion 2700 mAh, non-removable;Black, Amber Sunrise, Midnight Green;About 70 EUR;eMMC 5.1;;;;;;;;;1.11 W/kg (head)     1.11 W/kg (body)
https://www.gsmarena.com/ulefone_armor_x7_pro-10293.php;https://fdn2.gsmarena.com/vv/bigpic/ulefone-armor-x7-pro1.jpg;Ulefone Armor X7 Pro;Released 2020, June 08;234g, 14.6mm thickness;Android 10;32GB storage, microSDXC;19;0.1%;151,141 hits;"5.0""";720x1280 pixels;4 GB RAM;Helio A20;4000 mAh Li-Po;GSM 850 / 900 / 1800 / 1900 - SIM 1 & SIM 2;HSDPA 850 / 900 / 1700(AWS) / 1900 / 2100;1, 2, 3, 4, 5, 7, 8, 12, 17, 19, 20;;HSPA 42.2/11.5 Mbps, LTE Cat6 300/150 Mbps;2020, June 08;Available. Released 2020, June 08;150 x 78.9 x 14.6 mm (5.91 x 3.11 x 0.57 in);234 g (8.25 oz);Hybrid Dual SIM (Nano-SIM, dual stand-by);IP68/IP69K dust/water resistant (up to 1.5m for 30 min)Drop-to-concrete resistance from up to 1.2mMIL-STD-810G compliant;IPS LCD;5.0 inches, 68.9 cm(~58.2% screen-to-body ratio);720 x 1280 pixels, 16:9 ratio (~294 ppi density);;Android 10;Mediatek MT6761 Helio A20 (12 nm);Quad-core 1.8 GHz Cortex-A53;PowerVR GE8320;microSDXC (uses shared SIM slot);32GB 4GB RAM;13 MP, f/2.2, (wide), AF2 MP, (depth);Dual-LED flash;1080p@30fps;5 MP, f/2.2;720p@30fps;Wi-Fi 802.11 a/b/g/n/ac, Wi-Fi Direct;5.0, A2DP, LE;GPS, GLONASS, GALILEO;Yes;FM radio;microUSB 2.0;Fingerprint (rear-mounted), accelerometer, proximity, compass;Li-Po 4000 mAh, non-removable;Black, Orange;About 110 EUR;eMMC 5.1;;;;;;;;;0.80 W/kg (head)     0.79 W/kg (body)
https://www.gsmarena.com/ulefone_armor_7e-10165.php;https://fdn2.gsmarena.com/vv/bigpic/ulefone-armor-7e.jpg;Ulefone Armor 7E;Released 2020, March 30;290g, 13.6mm thickness;Android 9.0;128GB storage, microSDXC;25;N/A;135,278 hits;"6.3""";1080x2340 pixels;4 GB RAM;Helio P90;5500 mAh Li-Po;GSM 850 / 900 / 1800 / 1900 - SIM 1 & SIM 2;HSDPA 850 / 900 / 1700(AWS) / 1900 / 2100;1, 2, 3, 4, 5, 7, 8, 12, 13, 17, 18, 19, 20, 25, 26, 28, 34, 38, 39, 40, 41, 66, 71;;HSPA 42.2/11.5 Mbps, LTE-A (2CA) Cat13 600/150 Mbps;2020, March 30;Available. Released 2020, March 30;165.9 x 81 x 13.6 mm (6.53 x 3.19 x 0.54 in);290 g (10.23 oz);Hybrid Dual SIM (Nano-SIM, dual stand-by);IP68 dust/water resistantDrop-to-concrete resistance from up to 1.2mMIL-STD-810G compliant;IPS LCD;6.3 inches, 97.4 cm(~72.5% screen-to-body ratio);1080 x 2340 pixels, 19.5:9 ratio (~409 ppi density);;Android 9.0 (Pie);Mediatek MT6779 Helio P90 (12 nm);Octa-core (2x2.2 GHz Cortex-A75 & 6x2.0 GHz Cortex-A55);PowerVR GM9446;microSDXC (uses shared SIM slot);128GB 4GB RAM;"48 MP, f/1.7, (wide), 1/2.0"", 0.8µm, PDAF2 MP, f/2.2, (macro)2 MP, f/2.2, (depth)";5-LED flash, HDR, panorama;4K@30fps, 1080p@30fps;"16 MP, f/2.0, (wide), 1/3.06"", 1.0µm";1080p@30fps;Wi-Fi 802.11 a/b/g/n/ac, dual-band, Wi-Fi Direct;5.0, A2DP, LE;GPS, GLONASS, GALILEO, BDS;Yes;Stereo FM radio, RDS, recording;USB Type-C 2.0, OTG;Fingerprint (side-mounted), accelerometer, gyro, proximity, compass, heart rate, baroceptor, coulombmeter;Li-Po 5500 mAh, non-removable;Black;About 250 EUR;;;;;;;;;;
https://www.gsmarena.com/ulefone_armor_x7-10141.php;https://fdn2.gsmarena.com/vv/bigpic/ulefone-armor-x7.jpg;Ulefone Armor X7;Released 2020, March 19;234g, 14.6mm thickness;Android 10;16GB storage, microSDXC;12;N/A;90,152 hits;"5.0""";720x1280 pixels;2 GB RAM;Helio A20;4000 mAh Li-Po;GSM 850 / 900 / 1800 / 1900 - SIM 1 & SIM 2;HSDPA 850 / 900 / 1700(AWS) / 1900 / 2100;1, 2, 3, 4, 5, 7, 8, 12, 17, 19, 20;;HSPA 42.2/11.5 Mbps, LTE Cat6 300/150 Mbps;2020, March 19;Available. Released 2020, March 19;150 x 78.9 x 14.6 mm (5.91 x 3.11 x 0.57 in);234 g (8.25 oz);Hybrid Dual SIM (Nano-SIM, dual stand-by);IP68/IP69K dust/water resistant (up to 1.5m for 30 min)Drop-to-concrete resistance from up to 1.2mMIL-STD-810G compliant;IPS LCD;5.0 inches, 68.9 cm(~58.2% screen-to-body ratio);720 x 1280 pixels, 16:9 ratio (~294 ppi density);;Android 10;Mediatek MT6761 Helio A20 (12 nm);Quad-core 1.8 GHz Cortex-A53;PowerVR GE8320;microSDXC (uses shared SIM slot);16GB 2GB RAM;13 MP, f/2.2, (wide), AF;Dual-LED flash;1080p@30fps;5 MP, f/2.2;720p@30fps;Wi-Fi 802.11 a/b/g/n/ac, Wi-Fi Direct;5.0, A2DP, LE;GPS, GLONASS, GALILEO;Yes;FM radio;microUSB 2.0;Fingerprint (rear-mounted), accelerometer, proximity, compass;Li-Po 4000 mAh, non-removable;Black, Orange;About 80 EUR;eMMC 5.1;;;;;;;;;
https://www.gsmarena.com/ulefone_armor_7-10020.php;https://fdn2.gsmarena.com/vv/bigpic/ulefone-armor7.jpg;Ulefone Armor 7;Released 2019, October;290g, 13.6mm thickness;Android 9.0;128GB storage, microSDXC;58;0.1%;258,361 hits;"6.3""";1080x2340 pixels;8 GB RAM;Helio P90;5500 mAh Li-Po;GSM 850 / 900 / 1800 / 1900 - SIM 1 & SIM 2;HSDPA 850 / 900 / 1700(AWS) / 1900 / 2100;1, 2, 3, 4, 5, 7, 8, 12, 13, 17, 18, 19, 20, 25, 26, 28, 34, 38, 39, 40, 41, 66, 71;;HSPA 42.2/11.5 Mbps, LTE-A (2CA) Cat13 600/150 Mbps;2019, October;Available. Released 2019, October;165.9 x 81 x 13.6 mm (6.53 x 3.19 x 0.54 in);290 g (10.23 oz);Hybrid Dual SIM (Nano-SIM, dual stand-by);IP69K dust/water resistantDrop-to-concrete resistance from up to 1.2mMIL-STD-810G compliant;IPS LCD;6.3 inches, 97.4 cm(~72.5% screen-to-body ratio);1080 x 2340 pixels, 19.5:9 ratio (~409 ppi density);;Android 9.0 (Pie);Mediatek MT6779 Helio P90 (12 nm);Octa-core (2x2.2 GHz Cortex-A75 & 6x2.0 GHz Cortex-A55);PowerVR GM9446;microSDXC (uses shared SIM slot);128GB 8GB RAM;"48 MP, f/1.7, (wide), 1/2.0"", 0.8µm, PDAF16 MP, f/2.0, (wide), AF8 MP, f/2.4, (telephoto)";5-LED flash, HDR, panorama;4K@30fps, 1080p@30fps;"16 MP, f/2.0, (wide), 1/3.06"", 1.0µm";1080p@30fps;Wi-Fi 802.11 a/b/g/n/ac, dual-band, Wi-Fi Direct;5.0, A2DP, LE;GPS, GLONASS, GALILEO, BDS;Yes;Stereo FM radio, RDS, recording;USB Type-C 2.0, OTG;Fingerprint (side-mounted), accelerometer, gyro, proximity, compass, heart rate, baroceptor, coulombmeter;Li-Po 5500 mAh, non-removable;Black;About 440 EUR;;;;;AnTuTu: 163017 (v7), 216770 (v8)GeekBench: 6913 (v4.4), 1476 (v5.1)GFXBench: 7.5fps (ES 3.1 onscreen);;;;;
https://www.gsmarena.com/ulefone_armor_x6-10024.php;https://fdn2.gsmarena.com/vv/bigpic/ulefone-armorx6.jpg;Ulefone Armor X6;Released 2019, December;223.8g, 14.4mm thickness;Android 9.0;16GB storage, microSDXC;3;N/A;64,601 hits;"5.0""";720x1280 pixels;2 GB RAM;MT6580;4000 mAh Li-Po;GSM 850 / 900 / 1800 / 1900 - SIM 1 & SIM 2;HSDPA 850 / 900 / 1700(AWS) / 1900 / 2100;;;HSPA 42.2/11.5 Mbps;2019, December;Available. Released 2019, December;150 x 78.9 x 14.4 mm (5.91 x 3.11 x 0.57 in);223.8 g (7.90 oz);Hybrid Dual SIM (Nano-SIM, dual stand-by);IP68 dust/water resistant (up to 1.5m for 30 min)Drop-to-concrete resistance from up to 1.2mMIL-STD-810G compliant;IPS LCD;5.0 inches, 68.9 cm(~58.2% screen-to-body ratio);720 x 1280 pixels, 16:9 ratio (~294 ppi density);;Android 9.0 (Pie);Mediatek MT6580 (28nm);Quad-core 1.3 GHz Cortex-A7;Mali-400;microSDXC (uses shared SIM slot);16GB 2GB RAM;8 MP, f/2.2, (wide), AF;Dual-LED flash;720p@30fps;5 MP;720p@30fps;Wi-Fi 802.11 b/g/n;4.0, A2DP;GPS;No;Stereo FM radio, RDS, recording;microUSB 2.0;Accelerometer, proximity, compass;Li-Po 4000 mAh, non-removable;Black;;eMMC 5.1;;;;;;;;;
https://www.gsmarena.com/ulefone_armor_6s-10021.php;https://fdn2.gsmarena.com/vv/bigpic/ulefone-armor6s.jpg;Ulefone Armor 6S;Released 2019, October;270g, 13.3mm thickness;Android 9.0;128GB storage, microSDXC;6;N/A;61,655 hits;"6.2""";1080x2246 pixels;6 GB RAM;Helio P70;5000 mAh Li-Po;GSM 850 / 900 / 1800 / 1900 - SIM 1 & SIM 2;HSDPA 850 / 900 / 1700(AWS) / 1900 / 2100;1, 2, 3, 4, 5, 7, 8, 12, 13, 17, 18, 19, 20, 25, 26, 28, 34, 38, 39, 40, 41, 66;;HSPA 42.2/11.5 Mbps, LTE-A (2CA) Cat7 300/150 Mbps;2019, September;Available. Released 2019, October;166 x 83 x 13.3 mm (6.54 x 3.27 x 0.52 in);270 g (9.52 oz);Hybrid Dual SIM (Nano-SIM, dual stand-by);IP68 dust/water resistant (up to 1.5m for 30 min)Drop-to-concrete resistance from up to 1.2mMIL-STD-810G compliant;IPS LCD;6.2 inches, 96.9 cm(~70.3% screen-to-body ratio);1080 x 2246 pixels, 18.7:9 ratio (~402 ppi density);;Android 9.0 (Pie);Mediatek MT6771 Helio P70 (12nm);Octa-core (4x2.1 GHz Cortex-A73 & 4x2.1 GHz Cortex-A53);Mali-G72 MP3;microSDXC (uses shared SIM slot);128GB 6GB RAM;16 MP, f/2.0, (wide), AF8 MP;Dual-LED flash, HDR, panorama;1080p@30fps;8 MP;1080p@30fps;Wi-Fi 802.11 a/b/g/n/ac, dual-band, Wi-Fi Direct;4.2, A2DP, LE;GPS, GLONASS, BDS;Yes;Stereo FM radio, RDS, recording;USB Type-C 2.0, OTG;Fingerprint (rear-mounted), accelerometer, gyro, proximity, compass, baroceptor, uv sensor;Li-Po 5000 mAh, non-removable;Black/Red;;eMMC 5.1;;;;;;;;;
https://www.gsmarena.com/ulefone_armor_3w-10022.php;https://fdn2.gsmarena.com/vv/bigpic/ulefone-armor3w.jpg;Ulefone Armor 3W;Released 2019, September;365g, 18.2mm thickness;Android 9.0;64GB storage, microSDXC;11;N/A;84,028 hits;"5.7""";1080x2160 pixels;6 GB RAM;Helio P70;10300 mAh Li-Po;GSM 850 / 900 / 1800 / 1900 - SIM 1 & SIM 2;HSDPA 800 / 850 / 900 / 1700(AWS) / 1900 / 2100;1, 2, 3, 4, 5, 7, 8, 12, 13, 17, 18, 19, 20, 25, 26, 28, 34, 38, 39, 40, 41;;HSPA 42.2/11.5 Mbps, LTE-A (2CA) Cat7 300/150 Mbps;2019, September;Available. Released 2019, September;164.8 x 79.2 x 18.2 mm (6.49 x 3.12 x 0.72 in);365 g (12.87 oz);Dual SIM (Nano-SIM, dual stand-by);IP68 dust/water resistant (up to 1.5m for 30 min)Drop-to-concrete resistance from up to 1.2mMIL-STD-810G compliant;IPS LCD;5.7 inches, 83.8 cm(~64.2% screen-to-body ratio);1080 x 2160 pixels, 18:9 ratio (~424 ppi density);;Android 9.0 (Pie);Mediatek MT6771 Helio P70 (12nm);Octa-core (4x2.1 GHz Cortex-A73 & 4x2.1 GHz Cortex-A53);Mali-G72 MP3;microSDXC (dedicated slot);64GB 6GB RAM;"21 MP, f/1.8, (wide), 1/2.4"", 1.12µm, PDAF";Dual-LED dual-tone flash, HDR, panorama;1080p@30fps;8 MP;1080p@30fps;Wi-Fi 802.11 a/b/g/n/ac, dual-band, Wi-Fi Direct;4.1, A2DP;GPS, GLONASS, BDS;Yes;Stereo FM radio, RDS, recording;USB Type-C 2.0, OTG;Fingerprint (side-mounted), accelerometer, gyro, proximity, compass, barometer, coulombmeter;Li-Po 10300 mAh, non-removable;Black/Orange;;eMMC 5.1;;;;;;;;;
https://www.gsmarena.com/ulefone_armor_3wt-10023.php;https://fdn2.gsmarena.com/vv/bigpic/ulefone-armor3wt.jpg;Ulefone Armor 3WT;Released 2019, September;373.7g, 18.2mm thickness;Android 9.0;64GB storage, microSDXC;24;0.1%;90,738 hits;"5.7""";1080x2160 pixels;6 GB RAM;Helio P70;10300 mAh Li-Po;GSM 850 / 900 / 1800 / 1900 - SIM 1 & SIM 2;HSDPA 800 / 850 / 900 / 1700(AWS) / 1900 / 2100;1, 2, 3, 4, 5, 7, 8, 12, 13, 17, 18, 19, 20, 25, 26, 28, 34, 38, 39, 40, 41;;HSPA 42.2/11.5 Mbps, LTE-A (2CA) Cat7 300/150 Mbps;2019, September;Available. Released 2019, September;164.8 x 79.2 x 18.2 mm (6.49 x 3.12 x 0.72 in);373.7 g (13.33 oz);Dual SIM (Nano-SIM, dual stand-by);IP68 dust/water resistant (up to 1.5m for 30 min)Drop-to-concrete resistance from up to 1.2mMIL-STD-810G compliantExternal antenna;IPS LCD;5.7 inches, 83.8 cm(~64.2% screen-to-body ratio);1080 x 2160 pixels, 18:9 ratio (~424 ppi density);;Android 9.0 (Pie);Mediatek MT6771 Helio P70 (12nm);Octa-core (4x2.1 GHz Cortex-A73 & 4x2.1 GHz Cortex-A53);Mali-G72 MP3;microSDXC (dedicated slot);64GB 6GB RAM;"21 MP, f/1.8, (wide), 1/2.4"", 1.12µm, PDAF";Dual-LED dual-tone flash, HDR, panorama;1080p@30fps;8 MP;1080p@30fps;Wi-Fi 802.11 a/b/g/n/ac, dual-band, Wi-Fi Direct;4.1, A2DP;GPS, GLONASS, BDS;Yes;Stereo FM radio, RDS, recording;USB Type-C 2.0, OTG;Fingerprint (side-mounted), accelerometer, gyro, proximity, compass, barometer, coulombmeter;Li-Po 10300 mAh, non-removable;Black;;eMMC 5.1;;;;;;;;;
https://www.gsmarena.com/ulefone_armor_x5-10025.php;https://fdn2.gsmarena.com/vv/bigpic/ulefone-armorx5.jpg;Ulefone Armor X5;Released 2019, December;223.8g, 14.4mm thickness;Android 9.0;32GB storage, microSDXC;4;0.1%;110,080 hits;"5.5""";720x1440 pixels;3 GB RAM;Helio P23;5000 mAh Li-Po;GSM 850 / 900 / 1800 / 1900 - SIM 1 & SIM 2;HSDPA 850 / 900 / 1700(AWS) / 1900 / 2100;1, 2, 3, 4, 5, 7, 8, 12, 17, 19, 20, 28;;HSPA 21.1/5.76 Mbps, LTE-A (2CA) Cat7 300/150 Mbps;2019, December;Available. Released 2019, December;150 x 78.9 x 14.4 mm (5.91 x 3.11 x 0.57 in);223.8 g (7.90 oz);Hybrid Dual SIM (Nano-SIM, dual stand-by);IP68 dust/water resistant (up to 1.5m for 30 min)Drop-to-concrete resistance from up to 1.2mMIL-STD-810G compliant;IPS LCD;5.5 inches, 78.1 cm(~66.0% screen-to-body ratio);720 x 1440 pixels, 18:9 ratio (~293 ppi density);;Android 9.0 (Pie);Mediatek MT6763 Helio P23 (16 nm);Octa-core (4x2.3 GHz Cortex-A53 & 4x1.5 GHz Cortex-A53);Mali-G71 MP2;microSDXC (uses shared SIM slot);32GB 3GB RAM;13 MP, f/1.8, (wide), AF2 MP;Dual-LED flash;1080p@30fps;5 MP;720p@30fps;Wi-Fi 802.11 a/b/g/n/ac, dual-band, Wi-Fi Direct;5.0, A2DP, LE;GPS, GLONASS;No;Stereo FM radio, RDS, recording;microUSB 2.0;Accelerometer, proximity, compass;Li-Po 5000 mAh, non-removable;Black, Red, Orange;;eMMC 5.1;;;;;;;;;
https://www.gsmarena.com/ulefone_t2-10027.php;https://fdn2.gsmarena.com/vv/bigpic/ulefone-t2.jpg;Ulefone T2;Released 2019, August;197.2g, 8.7mm thickness;Android 9.0;128GB storage, microSDXC;3;N/A;45,007 hits;"6.7""";1080x2280 pixels;6 GB RAM;Helio P70;4200 mAh Li-Po;GSM 850 / 900 / 1800 / 1900 - SIM 1 & SIM 2;HSDPA 850 / 900 / 1700(AWS) / 1900 / 2100;1, 2, 3, 4, 5, 7, 8, 12, 17, 19, 20, 28, 34, 38, 39, 40, 41;;HSPA 42.2/11.5 Mbps, LTE-A (2CA) Cat7 300/150 Mbps;2019, August;Available. Released 2019, August;167.6 x 80.3 x 8.7 mm (6.60 x 3.16 x 0.34 in);197.2 g (6.95 oz);Hybrid Dual SIM (Nano-SIM, dual stand-by);;IPS LCD;6.7 inches, 112.0 cm(~83.3% screen-to-body ratio);1080 x 2280 pixels, 19:9 ratio (~377 ppi density);;Android 9.0 (Pie);Mediatek MT6771 Helio P70 (12nm);Octa-core (4x2.1 GHz Cortex-A73 & 4x2.1 GHz Cortex-A53);Mali-G72 MP3;microSDXC (uses shared SIM slot);128GB 6GB RAM;16 MP, f/1.8, (wide), AF8 MP;Dual-LED dual-tone flash, HDR, panorama;1080p@30fps;8 MP;1080p@30fps;Wi-Fi 802.11 a/b/g/n/ac, dual-band, Wi-Fi Direct;4.2, A2DP, LE;GPS, GLONASS, BDS;Yes;Stereo FM radio, RDS, recording;USB Type-C 2.0, OTG;Fingerprint (rear-mounted), accelerometer, gyro, proximity, compass;Li-Po 4200 mAh, non-removable;Bordeaux Red, Glacier Blue;;eMMC 5.1;;;;;;;;;
https://www.gsmarena.com/ulefone_armor_x3-10026.php;https://fdn2.gsmarena.com/vv/bigpic/ulefone-armorx3.jpg;Ulefone Armor X3;Released 2019, July;235g, 13.9mm thickness;Android 9.0;32GB storage, microSDXC;2;N/A;59,640 hits;"5.5""";720x1440 pixels;2 GB RAM;MT6580;5000 mAh Li-Po;GSM 850 / 900 / 1800 / 1900 - SIM 1 & SIM 2;HSDPA 850 / 900 / 1700(AWS) / 1900 / 2100;;;HSPA 21.1/5.76 Mbps;2019, July;Available. Released 2019, July;158 x 77.5 x 13.9 mm (6.22 x 3.05 x 0.55 in);235 g (8.29 oz);Hybrid Dual SIM (Nano-SIM, dual stand-by);IP68 dust/water resistant (up to 1.5m for 30 min)Drop-to-concrete resistance from up to 1.2mMIL-STD-810G compliant;IPS LCD;5.5 inches, 78.1 cm(~63.8% screen-to-body ratio);720 x 1440 pixels, 18:9 ratio (~293 ppi density);;Android 9.0 (Pie);Mediatek MT6580 (28nm);Quad-core 1.3 GHz Cortex-A7;Mali-400;microSDXC (uses shared SIM slot);32GB 2GB RAM;8 MP, f/1.8, (wide), AF2 MP;Dual-LED flash;1080p@30fps;5 MP;720p@30fps;Wi-Fi 802.11 b/g/n;4.0, A2DP;GPS;No;Stereo FM radio, RDS, recording;microUSB 2.0;Accelerometer, proximity, compass;Li-Po 5000 mAh, non-removable;Black, Red, Silver;;eMMC 5.1;;;;;;;;;
https://www.gsmarena.com/ulefone_armor_5s-10028.php;https://fdn2.gsmarena.com/vv/bigpic/ulefone-armor5s.jpg;Ulefone Armor 5S;Released 2019, July;228g, 12.6mm thickness;Android 9.0;64GB storage, microSDXC;3;N/A;45,854 hits;"5.85""";720x1512 pixels;4 GB RAM;Helio P23;5000 mAh Li-Po;GSM 850 / 900 / 1800 / 1900 - SIM 1 & SIM 2;HSDPA 850 / 900 / 1700(AWS) / 1900 / 2100;1, 2, 3, 4, 5, 7, 8, 12, 17, 19, 20;;HSPA 21.1/5.76 Mbps, LTE-A (2CA) Cat7 300/150 Mbps;2019, July;Available. Released 2019, July;158.3 x 76 x 12.6 mm (6.23 x 2.99 x 0.50 in);228 g (8.04 oz);Hybrid Dual SIM (Nano-SIM, dual stand-by);IP68 dust/water resistant (up to 1.5m for 30 min)Drop-to-concrete resistance from up to 1.2mMIL-STD-810G compliant;IPS LCD;5.85 inches, 85.7 cm(~71.2% screen-to-body ratio);720 x 1512 pixels, 19:9 ratio (~286 ppi density);;Android 9.0 (Pie);Mediatek MT6763 Helio P23 (16 nm);Octa-core (4x2.3 GHz Cortex-A53 & 4x1.5 GHz Cortex-A53);Mali-G71 MP2;microSDXC (uses shared SIM slot);64GB 4GB RAM;13 MP, f/1.8, (wide), AF2 MP;Dual-LED dual-tone flash, HDR, panorama;1080p@30fps;8 MP;1080p@30fps;Wi-Fi 802.11 a/b/g/n, dual-band, Wi-Fi Direct;4.0, A2DP;GPS, GLONASS;Yes;Stereo FM radio, RDS, recording;USB Type-C 2.0, OTG;Fingerprint (rear-mounted), accelerometer, gyro, proximity, compass, coulombmeter;Li-Po 5000 mAh, non-removable;Black;;eMMC 5.1;;;;;;;;;
https://www.gsmarena.com/ulefone_armor_6e-10031.php;https://fdn2.gsmarena.com/vv/bigpic/ulefone-armor6e.jpg;Ulefone Armor 6E;Released 2019, May;267.5g, 13.3mm thickness;Android 9.0;64GB storage, microSDXC;5;N/A;60,120 hits;"6.2""";1080x2246 pixels;4 GB RAM;Helio P70;5000 mAh Li-Po;GSM 850 / 900 / 1800 / 1900 - SIM 1 & SIM 2;HSDPA 850 / 900 / 1700(AWS) / 1900 / 2100;1, 2, 3, 4, 5, 7, 8, 12, 17, 18, 19, 20, 25, 26, 28, 66, 34, 38, 39, 40, 41;;HSPA 42.2/11.5 Mbps, LTE-A (2CA) Cat7 300/150 Mbps;2019, May;Available. Released 2019, May;166 x 83 x 13.3 mm (6.54 x 3.27 x 0.52 in);267.5 g (9.45 oz);Hybrid Dual SIM (Nano-SIM, dual stand-by);IP68 dust/water resistant (up to 1.5m for 30 min)Drop-to-concrete resistance from up to 1.2mMIL-STD-810G compliant;IPS LCD;6.2 inches, 96.9 cm(~70.3% screen-to-body ratio);1080 x 2246 pixels, 18.7:9 ratio (~402 ppi density);;Android 9.0 (Pie);Mediatek MT6771 Helio P70 (12nm);Octa-core (4x2.1 GHz Cortex-A73 & 4x2.1 GHz Cortex-A53);Mali-G72 MP3;microSDXC (uses shared SIM slot);64GB 4GB RAM;16 MP, f/1.8, (wide), AF2 MP;LED flash, HDR, panorama;1080p@30fps;8 MP;1080p@30fps;Wi-Fi 802.11 a/b/g/n/ac, dual-band, Wi-Fi Direct;4.2, A2DP, LE;GPS, GLONASS, BDS;Yes;Stereo FM radio, RDS, recording;USB Type-C 2.0, OTG;Fingerprint (rear-mounted), accelerometer, gyro, proximity, compass, baroceptor, uv sensor;Li-Po 5000 mAh, non-removable;Black, Red;;eMMC 5.1;;;;;;;;;
https://www.gsmarena.com/ulefone_note_7p-10032.php;https://fdn2.gsmarena.com/vv/bigpic/ulefone-note7p.jpg;Ulefone Note 7P;Released 2019, May;178.8g, 9.7mm thickness;Android 9.0;32GB storage, microSDXC;2;N/A;73,363 hits;"6.1""";600x1280 pixels;3 GB RAM;Helio A22;3500 mAh Li-Po;GSM 850 / 900 / 1800 / 1900 - SIM 1 & SIM 2;HSDPA 850 / 900 / 2100;1, 3, 5, 7, 8, 20;;HSPA 42.2/11.5 Mbps, LTE-A (2CA) Cat7 300/150 Mbps;2019, May;Available. Released 2019, May;156.1 x 73.7 x 9.7 mm (6.15 x 2.90 x 0.38 in);178.8 g (6.31 oz);Hybrid Dual SIM (Micro-SIM/Nano-SIM, dual stand-by);;IPS LCD;6.1 inches, 92.3 cm(~80.2% screen-to-body ratio);600 x 1280 pixels (~232 ppi density);;Android 9.0 (Pie);Mediatek MT6761 Helio A22 (16 nm);Quad-core 2.0 GHz Cortex-A53;PowerVR GE8320;microSDXC (uses shared SIM slot);32GB 3GB RAM;8 MP, f/1.8, (wide), AF2 MP2 MP;LED flash, HDR;1080p@30fps;5 MP;;Wi-Fi 802.11 a/b/g/n/ac, dual-band, Wi-Fi Direct;5.0, A2DP, LE;GPS, GLONASS;No;Stereo FM radio, RDS, recording;microUSB 2.0;Fingerprint (rear-mounted), accelerometer, proximity;Li-Po 3500 mAh, non-removable;Black, Gold, Twilight;;eMMC 5.1;;;;;;;;;
https://www.gsmarena.com/ulefone_s11-10034.php;https://fdn2.gsmarena.com/vv/bigpic/ulefone-s11-.jpg;Ulefone S11;Released 2019, April;177.5g, 9.7mm thickness;Android 8.1 Oreo;32GB storage, microSDXC;2;N/A;90,707 hits;"6.1""";600x1280 pixels;3 GB RAM;MT6580;3500 mAh Li-Po;GSM 850 / 900 / 1800 / 1900 - SIM 1 & SIM 2;HSDPA 850 / 900 / 1900 / 2100;;;HSPA 21.1/5.76 Mbps;2019, April;Available. Released 2019, April;156.1 x 73.7 x 9.7 mm (6.15 x 2.90 x 0.38 in);177.5 g (6.28 oz);Hybrid Dual SIM (Micro-SIM/Nano-SIM, dual stand-by);;IPS LCD;6.1 inches, 92.3 cm(~80.2% screen-to-body ratio);600 x 1280 pixels (~232 ppi density);;Android 8.1 Oreo (Go edition);Mediatek MT6580 (28nm);Quad-core 1.3 GHz Cortex-A7;Mali-400;microSDXC (uses shared SIM slot);32GB 3GB RAM;8 MP, f/1.8, (wide), AF2 MP2 MP;LED flash, HDR;720p@30fps;5 MP;720p@30fps;Wi-Fi 802.11 b/g/n;4.0, A2DP;GPS;No;Stereo FM radio, RDS, recording;microUSB 2.0;Accelerometer, proximity;Li-Po 3500 mAh, non-removable;Black, Gold, Twilight;;eMMC 5.1;;;;;;;;;
https://www.gsmarena.com/ulefone_note_7-10033.php;https://fdn2.gsmarena.com/vv/bigpic/ulefone-note7-.jpg;Ulefone Note 7;Released 2019, April;177.5g, 9.7mm thickness;Android 8.1 Oreo;32GB storage, microSDXC;1;0.1%;122,485 hits;"6.1""";600x1280 pixels;3 GB RAM;MT6580;3500 mAh Li-Po;GSM 850 / 900 / 1800 / 1900 - SIM 1 & SIM 2;HSDPA 850 / 900 / 1900 / 2100;;;HSPA 21.1/5.76 Mbps;2019, April;Available. Released 2019, April;156.1 x 73.7 x 9.7 mm (6.15 x 2.90 x 0.38 in);177.5 g (6.28 oz);Hybrid Dual SIM (Micro-SIM/Nano-SIM, dual stand-by);;IPS LCD;6.1 inches, 92.3 cm(~80.2% screen-to-body ratio);600 x 1280 pixels (~232 ppi density);;Android 8.1 Oreo (Go edition);Mediatek MT6580 (28nm);Quad-core 1.3 GHz Cortex-A7;Mali-400;microSDXC (uses shared SIM slot);32GB 3GB RAM;8 MP, f/1.8, (wide), AF2 MP2 MP;LED flash, HDR;720p@30fps;5 MP;720p@30fps;Wi-Fi 802.11 b/g/n;4.0, A2DP;GPS;No;Stereo FM radio, RDS, recording;microUSB 2.0;Accelerometer, proximity;Li-Po 3500 mAh, non-removable;Black, Gold, Twilight;;eMMC 5.1;;;;;;;;;
https://www.gsmarena.com/ulefone_armor_x2-10035.php;https://fdn2.gsmarena.com/vv/bigpic/ulefone-armorx2.jpg;Ulefone Armor X2;Released 2018, December;256g, 13.9mm thickness;Android 8.1;16GB storage, microSDXC;1;N/A;28,418 hits;"5.5""";720x1440 pixels;2 GB RAM;MT6580;5500 mAh Li-Po;GSM 850 / 900 / 1800 / 1900 - SIM 1 & SIM 2;HSDPA 900 / 2100;;;HSPA 21.1/5.76 Mbps;2018, December;Available. Released 2018, December;163 x 76.6 x 13.9 mm (6.42 x 3.02 x 0.55 in);256 g (9.03 oz);Hybrid Dual SIM (Nano-SIM, dual stand-by);IP68 dust/water resistant (up to 1.5m for 30 min)Drop-to-concrete resistance from up to 1.2mMIL-STD-810G compliant;IPS LCD;5.5 inches, 78.1 cm(~62.5% screen-to-body ratio);720 x 1440 pixels, 18:9 ratio (~293 ppi density);;Android 8.1 (Oreo);Mediatek MT6580 (28nm);Quad-core 1.3 GHz Cortex-A7;Mali-400;microSDXC (uses shared SIM slot);16GB 2GB RAM;8 MP, f/1.8, (wide), AF5 MP;Dual-LED flash, HDR;720p@30fps;5 MP;720p@30fps;Wi-Fi 802.11 b/g/n;4.0, A2DP;GPS;Yes;Stereo FM radio, RDS, recording;microUSB 2.0;Fingerprint (side-mounted), accelerometer, proximity;Li-Po 5500 mAh, non-removable;Dark Gray, Rose Gold;;eMMC 5.1;;;;;;;;;
https://www.gsmarena.com/ulefone_s1-10036.php;https://fdn2.gsmarena.com/vv/bigpic/ulefone-s1.jpg;Ulefone S1;Released 2018, August;183g, 9.6mm thickness;Android 8.1 Oreo;8GB storage, microSDXC;1;N/A;41,727 hits;"5.5""";480x960 pixels;1 GB RAM;MT6580;3000 mAh Li-Po;GSM 850 / 900 / 1800 / 1900 - SIM 1 & SIM 2;HSDPA 900 / 2100;;;HSPA 21.1/5.76 Mbps;2018, August;Available. Released 2018, August;148.6 x 70.7 x 9.6 mm (5.85 x 2.78 x 0.38 in);183 g (6.46 oz);Hybrid Dual SIM (Nano-SIM, dual stand-by);;IPS LCD;5.5 inches, 78.1 cm(~74.3% screen-to-body ratio);480 x 960 pixels, 18:9 ratio (~195 ppi density);;Android 8.1 Oreo (Go edition);Mediatek MT6580 (28nm);Quad-core 1.3 GHz Cortex-A7;Mali-400;microSDXC (uses shared SIM slot);8GB 1GB RAM;5 MP, f/2.2, (wide), AF5 MP;LED flash, HDR;720p@30fps;2 MP;;Wi-Fi 802.11 b/g/n;4.0, A2DP;GPS;No;Stereo FM radio, RDS, recording;microUSB 2.0;Accelerometer, proximity;Li-Po 3000 mAh, non-removable;Gold, Black;;;;;;;;;;;
https://www.gsmarena.com/ulefone_armor_x-10037.php;https://fdn2.gsmarena.com/vv/bigpic/ulefone-armorx.jpg;Ulefone Armor X;Released 2018, April;256g, 13.9mm thickness;Android 8.1;16GB storage, microSDXC;2;N/A;43,313 hits;"5.5""";720x1440 pixels;2 GB RAM;MT6739;5500 mAh Li-Po;GSM 850 / 900 / 1800 / 1900 - SIM 1 & SIM 2;HSDPA 850 / 900 / 2100;1, 3, 7, 8, 20;;HSPA 21.1/5.76 Mbps, LTE Cat4 150/75 Mbps;2018, April;Available. Released 2018, April;163 x 76.6 x 13.9 mm (6.42 x 3.02 x 0.55 in);256 g (9.03 oz);Hybrid Dual SIM (Nano-SIM, dual stand-by);IP68 dust/water resistant (up to 1.5m for 30 min)Drop-to-concrete resistance from up to 1.2mMIL-STD-810G compliant;IPS LCD;5.5 inches, 78.1 cm(~62.5% screen-to-body ratio);720 x 1440 pixels, 18:9 ratio (~293 ppi density);;Android 8.1 (Oreo);Mediatek MT6739 (28 nm);Quad-core 1.5 GHz Cortex-A53;PowerVR GE8100;microSDXC (uses shared SIM slot);16GB 2GB RAM;8 MP, f/1.8, (wide), AF5 MP;Dual-LED flash, HDR;720p@30fps;5 MP;720p@30fps;Wi-Fi 802.11 a/b/g/n, dual-band;4.1, A2DP;GPS;Yes;Stereo FM radio, RDS, recording;microUSB 2.0;Fingerprint (side-mounted), accelerometer, proximity, compass;Li-Po 5500 mAh, non-removable;Dark Gray, Rose Gold;;eMMC 5.1;;;;;;;;;
https://www.gsmarena.com/ulefone_armor_2-10038.php;https://fdn2.gsmarena.com/vv/bigpic/ulefone-armor2.jpg;Ulefone Armor 2;Released 2017, August;270g, 14.5mm thickness;Android 7.0;64GB storage, microSDXC;6;N/A;45,358 hits;"5.0""";1080x1920 pixels;6 GB RAM;Helio P25;4700 mAh Li-Po;GSM 850 / 900 / 1800 / 1900 - SIM 1 & SIM 2;HSDPA 850 / 900 / 1700(AWS) / 1900 / 2100;1, 2, 3, 4, 5, 7, 8, 12, 17, 19, 20, 38, 39, 40, 41;;HSPA 21.1/5.76 Mbps, LTE-A Cat6 300/50 Mbps;2017, August;Available. Released 2017, August;159 x 78.3 x 14.5 mm (6.26 x 3.08 x 0.57 in);270 g (9.52 oz);Hybrid Dual SIM (Nano-SIM, dual stand-by);IP68 dust/water resistant (up to 1.5m for 30 min)Drop-to-concrete resistance from up to 1.2mMIL-STD-810G compliant;IPS LCD;5.0 inches, 68.9 cm(~55.4% screen-to-body ratio);1080 x 1920 pixels, 16:9 ratio (~441 ppi density);;Android 7.0 (Nougat);Mediatek MT6757 Helio P25 (16 nm);Octa-core (4x2.6 GHz Cortex-A53 & 4x1.6 GHz Cortex-A53);Mali-T880MP2;microSDXC (uses shared SIM slot);64GB 6GB RAM;16 MP, f/2.0, (wide), AF;Dual-LED dual-tone flash, HDR;1080p@30fps;8 MP;1080p@30fps;Wi-Fi 802.11 a/b/g/n, dual-band;4.1, A2DP;GPS, GLONASS;Yes;Stereo FM radio, RDS, recording;USB Type-C 2.0, OTG;Fingerprint (front-mounted), accelerometer, proximity, gyro, compass, barometer;Li-Po 4700 mAh, non-removable;Gray, Gold;;eMMC 5.1;;;;;;;;;
https://www.gsmarena.com/ulefone_armor_8_5g-10472.php;https://fdn2.gsmarena.com/vv/bigpic/ulefone-armor-8-5g.jpg;Ulefone Armor 8 5G;Cancelled;;Android 10;256GB storage, microSDXC;7;N/A;55,112 hits;"6.1""";720x1560 pixels;8 GB RAM;Dimensity 800;5080 mAh Li-Po;GSM 850 / 900 / 1800 / 1900 - SIM 1 & SIM 2;HSDPA 850 / 900 / 1700(AWS) / 1900 / 2100;LTE;SA/NSA;HSPA, LTE-A, 5G;2020, September 21;Cancelled;-;-;Hybrid Dual SIM (Nano-SIM, dual stand-by);IP68 dust/water resistant (up to 1.5m for 30 min)Drop-to-concrete resistance from up to 1.2mMIL-STD-810G compliant;IPS LCD;6.1 inches, 91.3 cm;720 x 1560 pixels, 19.5:9 ratio (~282 ppi density);Scratch-resistant glass, oleophobic coating;Android 10;Mediatek MT6873 Dimensity 800 (7 nm);Octa-core (4x2.0 GHz Cortex-A76 & 4x2.0 GHz Cortex-A55);Mali-G57 MP4;microSDXC (uses shared SIM slot);256GB 8GB RAM;"64 MP, f/1.8, (wide), 1/1.72"", 0.8µm, PDAF2 other unknown cameras";LED flash, Panorama, HDR;1080p@30fps;Unknown camera;;Wi-Fi 802.11 a/b/g/n/ac, Wi-Fi Direct;Yes;GPS, GLONASS, GALILEO, BDS;Yes;FM radio, RDS, recording;USB Type-C 2.0, OTG;Fingerprint (side-mounted), accelerometer, gyro, proximity, compass, baroceptor, coulombmeter;Li-Po 5080 mAh, non-removable;Black, Orange, Red;;;;;Front glass, aluminum back with rubber, aluminum frame;;;;;;
https://www.gsmarena.com/ulefone_t2_pro-9103.php;https://fdn2.gsmarena.com/vv/bigpic/ulefone-t2-pro.jpg;Ulefone T2 Pro;Cancelled;159g, 7.7mm thickness;Android 8.1;128GB storage, microSDXC;70;N/A;327,575 hits;"6.7""";1080x2258 pixels;8 GB RAM;Helio P70;5000 mAh Li-Po;GSM 850 / 900 / 1800 / 1900 - SIM 1 & SIM 2;HSDPA 850 / 900 / 1900 / 2100;LTE (unspecified);;HSPA 21.1/5.76 Mbps, LTE-A (2CA) Cat6 300/50 Mbps;2018, February;Cancelled;165.9 x 78.3 x 7.7 mm (6.53 x 3.08 x 0.30 in);159 g (5.61 oz);Dual SIM (Nano-SIM/Micro-SIM, dual stand-by);;IPS LCD;6.7 inches, 112.7 cm(~86.8% screen-to-body ratio);1080 x 2258 pixels, 19:9 ratio (~374 ppi density);;Android 8.1 (Oreo);Mediatek MT6771 Helio P70 (12nm);Octa-core (4x2.5 GHz Cortex-A73 & 4x2.0 GHz Cortex-A53);Mali-G72 MP4;microSDXC;128GB 8GB RAM;21 MP, PDAF13 MP;Dual-LED flash, HDR, panorama;4K@60fps, 1080p@30fps;"16 MP, f/2.2, 26mm (wide), 1/3.06"", 1.0µm";;Wi-Fi 802.11 a/b/g/n/ac, Wi-Fi Direct;4.2, A2DP, LE;GPS;No;FM radio;USB Type-C 2.0;Accelerometer, gyro, proximity, compass;Li-Po 5000 mAh, non-removable;Black, Gold;About 300 EUR;eMMC 5.1;;;Glass front, aluminum back, aluminum frame;;;;;;
